Recency,Frequency,Monetary
-0.9116053959250078,0.7115741663195283,1.341422701819129
-0.18262447611316188,0.04230981529467467,0.016565564124271195
-0.7418427159688246,-0.626954535730179,0.02593211352853138
2.164094923281137,-0.626954535730179,-0.5104884644904376
-0.5720800360126412,0.7115741663195283,-0.007185164301105503
1.1055746835543467,-0.626954535730179,-0.6052146706763091
1.385183803482178,-0.626954535730179,-0.14846279820071515
1.205435083528572,-0.626954535730179,-0.4343938976906871
-0.7018985559791343,-0.1807783017136099,0.5008913405329383
-0.6020381560049088,-0.626954535730179,2.216588620479024
-0.9116053959250078,-0.40386641872189444,-0.21825765722783189
-0.3523871560693452,0.04230981529467467,2.263794922646433
-0.41230339605388044,-0.1807783017136099,0.41540255357736394
1.934416003340418,-0.626954535730179,-0.5655993780211661
-0.9016193559275852,1.380838517344382,1.5384522883273561
0.16688692379662728,-0.40386641872189444,-0.3916887044442816
-0.8516891559404726,0.04230981529467467,-0.08910903609690976
1.9743601633301084,-0.626954535730179,-0.4983640635136774
-0.8916333159301627,-0.626954535730179,-0.5766676786465844
-0.422289436051303,0.04230981529467467,0.9318679079270894
-0.3324150760745001,-0.626954535730179,0.058403740488352264
-0.2125825961054295,-0.1807783017136099,-0.09467085716118241
2.174080963278559,-0.626954535730179,-0.49656085287011964
-0.6819264759842892,-0.626954535730179,-0.35897726430424337
-0.8217310359482048,-0.40386641872189444,-0.4721644735749269
2.2140251232682493,-0.40386641872189444,0.06770111301370355
0.3666077237450782,-0.626954535730179,1.202432516715439
-0.11272219613120404,-0.40386641872189444,-0.28781270307473117
-0.7118845959765568,0.04230981529467467,0.4733958370626284
-0.8816472759327402,-0.1807783017136099,0.033892066394978014
0.9158399236033183,0.2653979323029592,0.10479836727656379
-0.6419823159945991,-0.40386641872189444,-0.45013394353841735
2.4437040432089683,-0.40386641872189444,-0.4609117012724184
-0.7718008359610922,0.4884860493112438,0.6361229152159134
-0.13269427612604914,-0.626954535730179,-0.41343791517322853
-0.7118845959765568,-0.626954535730179,-0.44349757495509357
-0.2125825961054295,0.04230981529467467,0.08360257157888779
-0.2924709160848099,-0.40386641872189444,-0.14796472467257135
-0.7418427159688246,1.8270147513609512,0.5909135189530069
-0.5720800360126412,-0.40386641872189444,0.37520617513938664
-0.47221963603841577,-0.626954535730179,0.01583690099976453
0.2567612837734302,0.04230981529467467,-0.1695617462679187
2.094192643299179,-0.626954535730179,-0.6142999007730066
2.29391344324763,-0.626954535730179,-0.5560529687317429
-0.43227547604872557,-0.626954535730179,-0.4656157290382211
0.5563424836961066,-0.626954535730179,-0.005040681054930672
-0.7118845959765568,-0.40386641872189444,0.9288056780873903
-0.43227547604872557,0.2653979323029592,0.048792766111947335
-0.6020381560049088,0.2653979323029592,0.5613611562831402
-0.14268031612347168,-0.1807783017136099,4.460225393089852
2.154108883283714,-0.40386641872189444,-0.4002989199724716
-0.18262447611316188,-0.1807783017136099,-0.11918714304648381
-0.26251279609254224,-0.1807783017136099,-0.32984457469975703
1.23539320352084,-0.1807783017136099,-0.44222933217509774
-0.9016193559275852,1.1577504003360974,0.8415505748236762
0.19684504378889492,-0.626954535730179,-0.33792443415631235
-0.2924709160848099,-0.626954535730179,-0.36937224330828206
-0.7718008359610922,0.04230981529467467,-0.3515476675094314
0.02708236383271162,-0.1807783017136099,-0.33101596984928044
-0.9215914359224304,0.934662283327813,0.10745014763473691
0.6961470436600223,-0.40386641872189444,0.1658584923934546
-0.15266635612089424,-0.626954535730179,-0.28783115024244016
1.0157003235775437,-0.626954535730179,-0.4107215697280738
-0.7118845959765568,-0.1807783017136099,-0.3235264197594141
-0.6719404359868667,0.934662283327813,2.307713017169707
-0.84170311594305,0.04230981529467467,0.9163999578030674
-0.5021777560306834,-0.626954535730179,-0.546460441523047
-0.5720800360126412,2.496279102385805,2.266063924274644
-0.5021777560306834,0.04230981529467467,1.3641680596043633
-0.9215914359224304,0.7115741663195283,5.522413309775825
-0.0827640761389364,-0.40386641872189444,-0.2744846244049567
-0.13269427612604914,-0.40386641872189444,2.9647227305026087
0.0670265238224018,-0.626954535730179,-0.448409133357623
-0.9116053959250078,3.1655434534106583,1.4047933346915757
-0.7917729159559372,-0.40386641872189444,0.4914002727466421
2.733299203134222,-0.626954535730179,-0.5745231954004096
-0.9016193559275852,-0.626954535730179,-0.5798221443248286
-0.7218706359739794,0.2653979323029592,1.2378695258844865
-0.7118845959765568,-0.626954535730179,-0.6105643493119278
-0.3523871560693452,-0.626954535730179,-0.18401510216794414
1.495030243453826,-0.626954535730179,-0.4472654089596631
-0.49219171603326084,-0.626954535730179,-0.47772168284727234
-0.7118845959765568,0.04230981529467467,1.0122745001788258
0.6262447636780645,-0.40386641872189444,-0.5550014801723282
-0.8217310359482048,0.2653979323029592,3.5022870329195377
-0.7618147959636696,-0.626954535730179,-0.48550638762048326
0.4065518837347684,-0.626954535730179,-0.3201644234444433
-0.37235923606419025,-0.626954535730179,0.9809373740331105
-0.20259655610800698,0.2653979323029592,0.4328351270623978
-0.49219171603326084,-0.1807783017136099,0.5440623247639967
-0.2724988360899648,0.4884860493112438,0.2960355431241552
-0.22256863610285207,-0.40386641872189444,-0.28312712247663746
0.6162587236806419,-0.626954535730179,-0.3571556064929766
-0.7418427159688246,-0.40386641872189444,-0.21386261952115534
-0.4023173560564579,0.04230981529467467,-0.09248486778766231
-0.8317170759456275,0.934662283327813,-0.20488807243071208
-0.7618147959636696,-0.40386641872189444,-0.33164778534331474
0.945798043595586,-0.40386641872189444,-0.34301585244400473
-0.9116053959250078,5.17333650648522,7.3730239507619055
-0.6120241960023314,0.7115741663195283,2.1522264523422168
-0.3923313160590354,-0.1807783017136099,0.5462252551778807
-0.7618147959636696,3.1655434534106583,2.4409154034046887
-0.3923313160590354,-0.626954535730179,-0.33755549080213176
-0.7718008359610922,1.6039266343526666,2.0739689551285823
-0.7018985559791343,0.4884860493112438,5.450409402415551
-0.8916333159301627,-0.626954535730179,-0.39446039139256345
-0.8217310359482048,-0.626954535730179,-0.42802962483107154
-0.6519683559920216,0.04230981529467467,0.6845328950763364
-0.7018985559791343,1.380838517344382,1.6613980493161165
-0.7618147959636696,0.934662283327813,0.2350445948861733
-0.5820660760100638,0.04230981529467467,1.1704727986595436
-0.8317170759456275,-0.1807783017136099,-0.07224832481085586
2.4237319632141228,-0.626954535730179,-0.50839932274739
-0.8816472759327402,1.380838517344382,1.5950389752748069
-0.5421219160203736,-0.626954535730179,-0.45053516943608873
-0.30245695608223244,-0.40386641872189444,-0.5414750944496816
0.7261051636522899,-0.40386641872189444,-0.47113143218322123
-0.7718008359610922,0.7115741663195283,-0.14629525599490414
-0.11272219613120404,-0.626954535730179,-0.2067097302419788
-0.7218706359739794,-0.1807783017136099,-0.4849852551327031
-0.7018985559791343,1.6039266343526666,1.2260448913829978
2.4337180032115455,-0.626954535730179,0.2878081063259277
0.02708236383271162,0.2653979323029592,0.7353732892824243
-0.7518287559662471,-0.40386641872189444,-0.4488518653826397
1.3951698434796005,-0.626954535730179,-0.6123629481635583
0.4065518837347684,-0.1807783017136099,-0.1607255529352932
-0.6719404359868667,-0.40386641872189444,-0.4627656416271759
1.9044578833481505,-0.626954535730179,-0.5731627167818686
0.49642624371157135,-0.40386641872189444,-0.2705968838102785
-0.2724988360899648,-0.40386641872189444,-0.5853009531344107
0.19684504378889492,-0.626954535730179,-0.3887878873220366
1.7346952033919671,-0.626954535730179,-0.17692677797574918
2.593494643170306,-0.626954535730179,-0.5177289778162321
-0.15266635612089424,-0.40386641872189444,-0.09927342550458552
-0.6519683559920216,0.04230981529467467,0.4151904111487101
-0.9215914359224304,0.2653979323029592,0.20272054526802472
-0.2924709160848099,-0.626954535730179,-0.5185867711147021
-0.14268031612347168,0.2653979323029592,0.4357866738958427
0.49642624371157135,-0.626954535730179,-0.39460335694230847
-0.5421219160203736,-0.40386641872189444,-0.5739836157449205
-0.7418427159688246,1.6039266343526666,0.13763893759056525
-0.84170311594305,0.934662283327813,1.1734243454929882
-0.9215914359224304,-0.1807783017136099,-0.10545322668711066
-0.11272219613120404,-0.1807783017136099,-0.4937430480025653
-0.84170311594305,0.4884860493112438,0.11260151921748371
-0.3324150760745001,0.04230981529467467,0.04563830043370316
-0.7817868759585147,-0.626954535730179,-0.588510760315782
-0.6319962759971764,-0.626954535730179,-0.5015277527757761
0.37659376374250075,-0.626954535730179,-0.19375981851023946
-0.012861796156978567,-0.40386641872189444,-0.3158939041198028
-0.34240111607192264,-0.626954535730179,1.3274535840714656
-0.6419823159945991,-0.626954535730179,-0.47841345163636095
-0.7118845959765568,0.04230981529467467,1.9217475389855907
-0.731856675971402,2.9424553364023738,4.694306115941666
-0.6319962759971764,-0.1807783017136099,-0.258324905491846
-0.5720800360126412,-0.626954535730179,-0.5002041684926531
-0.18262447611316188,-0.40386641872189444,-0.26237867059590547
-0.4622335960409932,-0.40386641872189444,-0.17516507345953675
1.0456584435698115,-0.40386641872189444,-0.5762526173731313
0.7261051636522899,-0.626954535730179,-0.6152683770777306
-0.14268031612347168,-0.626954535730179,-0.2658651852929122
2.643424843157419,-0.626954535730179,-0.5687815144509739
-0.532135876022951,-0.626954535730179,-0.49968764779680036
-0.8516891559404726,1.380838517344382,0.8656149051001066
-0.43227547604872557,-0.40386641872189444,-0.36975502203824445
-0.7718008359610922,0.2653979323029592,4.8837216339779905
-0.8516891559404726,-0.626954535730179,-0.5217596839606553
2.174080963278559,-0.40386641872189444,-0.4038131054210419
-0.8816472759327402,-0.40386641872189444,0.2382866846110354
2.094192643299179,-0.626954535730179,-0.5361069686463538
-0.8516891559404726,0.7115741663195283,0.9151732211504167
1.674778963407432,-0.626954535730179,-0.4604505220796926
1.9543880833352631,-0.626954535730179,-0.5789643510263587
-0.07277803614151385,-0.626954535730179,-0.508989632114079
-0.7018985559791343,1.380838517344382,3.3241611815211396
-0.9116053959250078,6.288777091526642,0.8076954102856782
-0.532135876022951,-0.40386641872189444,-0.40662629849666904
-0.84170311594305,-0.40386641872189444,-0.2254704998020628
1.3352536034950653,-0.626954535730179,-0.5722219112287081
2.224011163265672,-0.626954535730179,-0.5621174751160867
-0.5720800360126412,0.2653979323029592,-0.0394262016645635
-0.5820660760100638,-0.1807783017136099,-0.3591063944782066
-0.7218706359739794,-0.40386641872189444,0.46172800348666676
-0.15266635612089424,-0.626954535730179,-0.4680507551758131
1.5349744034435162,-0.626954535730179,-0.4711498793509302
-0.532135876022951,-0.626954535730179,-0.5633811061041553
1.455086083464136,-0.40386641872189444,-0.4842196976727784
-0.9016193559275852,2.496279102385805,2.446122116490563
-0.8916333159301627,1.1577504003360974,0.39330745845387277
1.4051558834770232,-0.40386641872189444,0.1949773466221591
-0.7618147959636696,-0.626954535730179,-0.5554349886134904
-0.8516891559404726,-0.626954535730179,-0.5982969827854226
-0.5421219160203736,-0.626954535730179,-0.5655993780211662
-0.6419823159945991,-0.40386641872189444,-0.3812291603532614
1.1754769635363045,-0.626954535730179,3.661735127012542
2.2339972032630944,-0.626954535730179,-0.4761536735920047
-0.012861796156978567,-0.40386641872189444,-0.4610500550302361
0.15690088379920475,-0.1807783017136099,-0.4700430492883884
-0.5521079560177962,1.1577504003360974,0.8333046908577398
-0.422289436051303,-0.40386641872189444,-0.4386044637202733
-0.7418427159688246,0.04230981529467467,0.8273093613523047
-0.8317170759456275,0.7115741663195283,0.6483072694877278
-0.6419823159945991,0.7115741663195283,-0.23646501175664492
-0.6419823159945991,1.380838517344382,0.4195439427280413
0.965770123590431,0.2653979323029592,-0.4216376812198926
-0.34240111607192264,-0.626954535730179,-0.5756438608387332
-0.7118845959765568,-0.626954535730179,-0.3634645378494651
-0.14268031612347168,-0.40386641872189444,-0.5373383170909315
-0.3324150760745001,-0.626954535730179,0.08217752787336523
-0.15266635612089424,-0.1807783017136099,-0.2012908747274511
-0.7018985559791343,0.04230981529467467,0.15966946762707487
-0.41230339605388044,-0.626954535730179,-0.0959252645653965
-0.1926105161105844,-0.626954535730179,-0.3381734709203843
-0.3623731960667677,0.04230981529467467,0.7798816931723875
1.8445416433636153,-0.626954535730179,-0.5007114656046515
-0.9116053959250078,0.04230981529467467,0.3190760555927342
0.017096323835289074,-0.40386641872189444,-0.35050540253387114
-0.6419823159945991,-0.626954535730179,-0.4834725873805626
-0.7118845959765568,-0.626954535730179,-0.5829351038757276
-0.7718008359610922,0.934662283327813,0.7121713640963913
-0.7817868759585147,-0.1807783017136099,-0.045154047238217386
-0.9116053959250078,3.6117196874272275,5.077744332149646
1.385183803482178,-0.626954535730179,-0.5715024716880559
1.8245695633687702,-0.626954535730179,-0.5221562980663994
0.1269427638069371,-0.40386641872189444,-0.38378870487288935
1.185463003533727,-0.40386641872189444,0.4669439401563951
-0.7018985559791343,1.1577504003360974,2.099822660672789
-0.8217310359482048,0.4884860493112438,1.2365182708498
-0.8916333159301627,-0.1807783017136099,-0.30846430732499075
-0.8317170759456275,-0.40386641872189444,-0.17083921263176907
-0.3623731960667677,-0.626954535730179,-0.42466301672417356
-0.34240111607192264,0.04230981529467467,0.24380699954796275
-0.03283387615182366,-0.40386641872189444,0.04974279524896248
-0.26251279609254224,0.934662283327813,2.030839477024869
-0.6020381560049088,-0.626954535730179,-0.410278837703057
1.455086083464136,-0.626954535730179,-0.47742191637200054
-0.6919125159817118,-0.1807783017136099,-0.18758001732771423
0.21681712378374002,-0.626954535730179,-0.5789735746102131
-0.6819264759842892,-0.1807783017136099,-0.22877254282197923
0.34663564375023315,0.4884860493112438,0.7564814609334823
0.3666077237450782,-0.626954535730179,-0.4258574708333332
-0.5920521160074863,0.04230981529467467,0.10600665676150534
-0.8816472759327402,-0.40386641872189444,-0.025065081603083253
-0.7118845959765568,1.8270147513609512,0.804988288424378
0.6162587236806419,-0.626954535730179,-0.5078828020515371
0.13692880380435965,-0.1807783017136099,-0.3836134567796535
-0.9016193559275852,-0.626954535730179,-0.5344513353444682
2.4137459232167005,-0.626954535730179,-0.593685190858165
2.3738017632270103,-0.626954535730179,-0.2800925633885019
0.5563424836961066,-0.40386641872189444,0.37287722021612146
-0.8217310359482048,0.2653979323029592,-0.40184387026810287
-0.7618147959636696,0.2653979323029592,1.0228262801083914
-0.8217310359482048,0.04230981529467467,0.011926101445450064
-0.7418427159688246,-0.626954535730179,-0.35477131006658447
-0.6319962759971764,-0.626954535730179,-0.6122799359088676
-0.8217310359482048,-0.626954535730179,-0.5415258241608815
-0.9215914359224304,1.6039266343526666,0.988057980768796
-0.8516891559404726,1.1577504003360974,1.3791840541195144
2.313885523242475,-0.626954535730179,-0.6255065551562425
-0.3523871560693452,-0.626954535730179,-0.4340572368799973
-0.8117449959507823,0.04230981529467467,0.8189758533397503
0.5763145636909517,-0.40386641872189444,0.012179750001449212
-0.8317170759456275,0.2653979323029592,0.6192391449702233
2.3638157232295876,-0.626954535730179,-0.5420792391921523
-0.8816472759327402,-0.40386641872189444,-0.3813029490240975
-0.5421219160203736,0.04230981529467467,0.20443152007303722
-0.6819264759842892,0.4884860493112438,-0.14293325967993326
-0.5121637960281059,1.1577504003360974,6.885469920004157
-0.34240111607192264,0.04230981529467467,-0.20766898296284841
-0.9215914359224304,0.04230981529467467,-0.2815545014294426
-0.7817868759585147,4.057895921443797,5.056470135989207
-0.8916333159301627,6.065688974518357,4.435852072754295
-0.8916333159301627,2.2731909853775205,2.8644992683394457
-0.8516891559404726,0.4884860493112438,0.3100553905830184
-0.6519683559920216,0.4884860493112438,0.5413136967753512
2.7832294031213345,-0.626954535730179,-0.6134513310583911
0.20683108378631748,-0.626954535730179,1.6014401424698406
-0.6719404359868667,-0.40386641872189444,-0.12069519900669715
1.1255467635491918,-0.626954535730179,-0.49175997747384453
-0.6519683559920216,0.2653979323029592,-0.2183775638179406
0.3366496037528106,0.04230981529467467,-0.31794153973550515
-0.2325546761002746,-0.40386641872189444,-0.2949932631054713
-0.8616751959378951,0.04230981529467467,-0.3778072107432362
-0.6419823159945991,-0.1807783017136099,-0.29687487421179237
-0.8516891559404726,0.04230981529467467,1.4410327956559659
-0.13269427612604914,-0.40386641872189444,-0.3115772668758896
-0.731856675971402,-0.626954535730179,-0.5535626010910237
-0.22256863610285207,-0.626954535730179,-0.5237934842005759
-0.8616751959378951,0.934662283327813,0.15657956703581224
-0.7817868759585147,0.934662283327813,2.2971197311127964
1.984346203327531,-0.626954535730179,-0.36797487035432297
-0.6319962759971764,1.380838517344382,0.4803596428727873
-0.7817868759585147,2.496279102385805,3.6890646059734706
0.03706840383013417,-0.1807783017136099,-0.17446408108659361
-0.6419823159945991,2.050102868369236,1.1653122034929426
-0.9215914359224304,-0.626954535730179,-0.27982969124864826
-0.84170311594305,0.2653979323029592,1.3344404488412607
0.1269427638069371,-0.626954535730179,-0.5248034666326453
-0.8916333159301627,-0.40386641872189444,-0.20191807842955814
0.5763145636909517,-0.40386641872189444,-0.26302893325764876
-0.22256863610285207,-0.626954535730179,-0.5529861271001165
-0.8816472759327402,-0.40386641872189444,-0.3820270003566769
-0.9016193559275852,4.727160272468651,1.7130086127740562
-0.6120241960023314,0.4884860493112438,0.45417388830981875
-0.0827640761389364,0.04230981529467467,-0.19447464625896438
-0.8916333159301627,0.2653979323029592,-0.3201736470282978
-0.8816472759327402,0.04230981529467467,-0.22040214047400666
2.773243363123912,-0.626954535730179,-0.4747931949734638
-0.6519683559920216,0.7115741663195283,0.4656895327521809
-0.8217310359482048,0.7115741663195283,0.9405196295826248
-0.22256863610285207,0.04230981529467467,-0.31036897739094815
0.20683108378631748,-0.626954535730179,-0.4539432836703321
-0.6919125159817118,1.8270147513609512,8.001731097037226
0.8659097236162056,-0.626954535730179,-0.5456026482245772
1.4051558834770232,-0.626954535730179,-0.46918986778184574
2.593494643170306,-0.626954535730179,-0.5953454359519776
2.2140251232682493,-0.40386641872189444,-0.32824428290099866
2.3937738432218554,-0.626954535730179,-0.5798498150763922
2.7832294031213345,-0.626954535730179,-0.5829166567080185
0.05704048382497926,-0.626954535730179,-0.19636086915721274
-0.2924709160848099,-0.626954535730179,-0.4490593960193663
0.4065518837347684,-0.40386641872189444,-0.3971629014619364
-0.37235923606419025,0.04230981529467467,3.559874478715203
-0.9116053959250078,1.6039266343526666,1.2888528856403194
-0.8916333159301627,0.2653979323029592,1.217310157472772
0.3566216837476557,-0.626954535730179,-0.5190295031397189
-0.1227082361286266,-0.626954535730179,1.3676084563820976
-0.7018985559791343,0.4884860493112438,9.236529161976597
1.4251279634718683,-0.1807783017136099,0.7422310238782562
1.8744997633558829,-0.40386641872189444,1.1117324048820634
-0.06279199614409131,-0.626954535730179,-0.5945706549081985
-0.7718008359610922,1.1577504003360974,1.2799705743884213
0.23678920377858512,-0.40386641872189444,0.6411636037924059
-0.41230339605388044,-0.1807783017136099,0.00466714095194658
-0.8516891559404726,-0.40386641872189444,0.1389071803705611
0.4464960437244586,-0.40386641872189444,-0.4184002032869577
2.2339972032630944,-0.626954535730179,0.13492259214541058
-0.8916333159301627,0.7115741663195283,2.3318649714927555
1.455086083464136,-0.626954535730179,-0.11885509402772136
1.1754769635363045,-0.626954535730179,-0.022998998819671837
-0.3324150760745001,-0.626954535730179,-0.29923611167854824
-0.7618147959636696,0.2653979323029592,-0.055470625779492716
-0.731856675971402,0.4884860493112438,-0.32655636705562235
-0.5521079560177962,0.934662283327813,1.1898607719217347
-0.2924709160848099,-0.40386641872189444,-0.28343150074383644
-0.8816472759327402,0.2653979323029592,0.2479299415309311
-0.9116053959250078,0.04230981529467467,-0.048631338351369714
-0.7817868759585147,-0.626954535730179,-0.4263601561534044
2.703341083141954,-0.626954535730179,-0.5282208044507432
-0.8317170759456275,-0.1807783017136099,-0.45318233800233454
-0.28248487608738737,-0.626954535730179,-0.6108179978679271
0.9857422035852762,-0.626954535730179,-0.5102486513102202
2.8032014831161796,-0.626954535730179,-0.5643541942008066
1.6348348034177418,-0.626954535730179,-0.48736493976716805
2.4137459232167005,-0.40386641872189444,-0.4334346449698175
-0.4023173560564579,-0.40386641872189444,-0.24945642961572964
-0.7418427159688246,-0.626954535730179,-0.4993832695296013
2.7233131631367993,-0.626954535730179,-0.542019285897098
-0.8317170759456275,-0.1807783017136099,2.571406055986443
0.9358120035981634,-0.626954535730179,-0.46290399538499366
-0.5620939960152187,-0.1807783017136099,-0.4361233196634087
0.8459376436213605,-0.626954535730179,-0.4593390802252235
1.6847650034048545,-0.40386641872189444,-0.4346475462466863
-0.4822056760358383,-0.626954535730179,-0.5403544290113579
0.0869986038172469,-0.626954535730179,-0.6066351025899044
0.5463564436986841,-0.40386641872189444,-0.24804983307791603
0.02708236383271162,-0.40386641872189444,-0.43771438787831257
1.8744997633558829,-0.626954535730179,-0.5881325933777468
1.6847650034048545,-0.626954535730179,-0.10110891869163395
-0.9016193559275852,0.04230981529467467,-0.21167201835570798
1.205435083528572,-0.626954535730179,-0.6034990840793691
-0.22256863610285207,-0.40386641872189444,-0.20865590643528154
-0.18262447611316188,0.2653979323029592,0.16518517077207498
-0.3324150760745001,-0.626954535730179,-0.4631161378136475
-0.9016193559275852,0.7115741663195283,0.03385056026763273
-0.8716612359353176,-0.1807783017136099,-0.44788338907791564
-0.9016193559275852,0.4884860493112438,-0.1764517634072416
2.4337180032115455,-0.40386641872189444,-0.5111341153602538
-0.5521079560177962,0.4884860493112438,2.4965105550877795
1.6847650034048545,-0.626954535730179,-0.5470830334332268
-0.6120241960023314,-0.40386641872189444,-0.46961415263915346
0.5163983237064165,-0.626954535730179,-0.45377264736902356
1.894471843350728,-0.626954535730179,-0.5021964626052285
-0.34240111607192264,0.04230981529467467,0.5575840986947161
0.7960074436342478,-0.626954535730179,-0.5844154890843772
-0.5920521160074863,-0.40386641872189444,-0.33637026027682654
-0.9016193559275852,2.2731909853775205,1.9323869429617737
0.5064122837089939,0.04230981529467467,0.611269968519922
-0.8816472759327402,4.727160272468651,1.194574023271392
-0.2325546761002746,-0.40386641872189444,-0.1302047139607023
-0.2724988360899648,0.934662283327813,0.1387872737804524
-0.6419823159945991,-0.40386641872189444,-0.49593364916801264
1.7346952033919671,0.04230981529467467,-0.48296067847663704
-0.7118845959765568,-0.626954535730179,-0.2571904046777406
-0.6220102359997539,-0.40386641872189444,-0.18847009316967497
0.03706840383013417,-0.626954535730179,-0.5854715894357192
2.0143043233197986,-0.626954535730179,-0.5025792413351909
0.41653792373219095,0.4884860493112438,0.25631417925468536
-0.14268031612347168,-0.1807783017136099,-0.03923250640361865
2.7932154431187572,-0.626954535730179,-0.6286886915860503
-0.8516891559404726,0.4884860493112438,0.3548589491563261
1.1754769635363045,-0.40386641872189444,-0.1360109599971196
-0.41230339605388044,-0.626954535730179,-0.40589302358023505
0.4464960437244586,-0.626954535730179,-0.5784109359950877
-0.6719404359868667,-0.40386641872189444,0.07697542657941865
1.894471843350728,-0.626954535730179,-0.41607586015561987
-0.6719404359868667,0.7115741663195283,1.2027645657342017
0.9258259636007409,0.4884860493112438,0.09488301463296003
-0.09275011613635895,-0.40386641872189444,-0.47071637090976803
2.33385760323732,-0.40386641872189444,-0.3695659385692268
1.8844858033533054,-0.626954535730179,-0.4737786007494671
0.49642624371157135,-0.40386641872189444,-0.4879690845096388
-0.3523871560693452,-0.40386641872189444,0.30055048742094037
-0.8916333159301627,1.8270147513609512,0.06200554998354043
1.4251279634718683,-0.40386641872189444,-0.2519560208403032
-0.4822056760358383,-0.1807783017136099,-0.38190248197464094
1.8245695633687702,-0.626954535730179,-0.5088282193966249
-0.84170311594305,-0.40386641872189444,0.028463987296595814
-0.6819264759842892,0.04230981529467467,-0.32183389212211055
-0.052805956146668755,-0.626954535730179,-0.5037321893170053
-0.30245695608223244,-0.1807783017136099,-0.10427260795373273
-0.2525267560951197,-0.40386641872189444,-0.010570219575712553
1.205435083528572,-0.40386641872189444,-0.48294684310085517
-0.6919125159817118,-0.626954535730179,-0.47252419334525303
0.9258259636007409,-0.1807783017136099,-0.4936093060366748
-0.6220102359997539,-0.626954535730179,-0.5648384323531687
-0.5121637960281059,-0.40386641872189444,-0.474332015780738
1.1155607235517693,-0.40386641872189444,-0.5464143236037745
-0.84170311594305,5.3964246234935045,7.4956468863157575
1.714723123397122,-0.626954535730179,-0.5823032883816932
-0.7518287559662471,-0.40386641872189444,-0.4174870684853607
-0.8117449959507823,0.2653979323029592,0.7002959998837028
0.8259655636265154,-0.40386641872189444,-0.3003752242845809
-0.532135876022951,0.2653979323029592,0.3584976529869323
-0.7018985559791343,0.934662283327813,0.7718848459705228
-0.9016193559275852,0.2653979323029592,0.12035855323913097
-0.8816472759327402,0.2653979323029592,0.49913885960058046
0.5563424836961066,-0.40386641872189444,-0.4785518053941788
0.45648208372188115,0.04230981529467467,0.7118900447888284
0.34663564375023315,-0.626954535730179,-0.37231917834979966
-0.8516891559404726,0.4884860493112438,-0.030497772493392708
-0.7618147959636696,-0.626954535730179,-0.5711888698370023
-0.84170311594305,7.404217676568065,7.0033611570406435
0.6761749636651772,-0.626954535730179,-0.4593067976817327
-0.2924709160848099,-0.626954535730179,-0.5671351047329429
-0.052805956146668755,0.04230981529467467,-0.21932298116302837
-0.8816472759327402,-0.40386641872189444,-0.32617820011758725
-0.5820660760100638,0.2653979323029592,0.3050147020065257
2.184067003275982,-0.626954535730179,-0.5919096509661709
-0.15266635612089424,-0.40386641872189444,-0.4545013104935303
-0.6919125159817118,-0.1807783017136099,-0.3660794238722201
-0.9116053959250078,0.7115741663195283,0.35021026289365026
-0.7618147959636696,0.04230981529467467,-0.15561107568796442
-0.7817868759585147,0.04230981529467467,0.047478405412678955
-0.6719404359868667,-0.626954535730179,-0.5936206257711834
-0.2924709160848099,0.934662283327813,4.695025555482318
-0.38234527606161284,-0.40386641872189444,-0.2313413109254617
0.37659376374250075,-0.1807783017136099,-0.3346869562233775
-0.5720800360126412,-0.40386641872189444,-0.3674721850342519
1.9444020433378406,-0.626954535730179,-0.43275671155651063
0.5064122837089939,0.4884860493112438,0.09346719451129187
-0.7718008359610922,0.7115741663195283,0.30605235519015866
-0.6220102359997539,0.934662283327813,1.275575536681745
-0.9116053959250078,-0.1807783017136099,0.20369363336467602
-0.84170311594305,0.4884860493112438,-0.15553267522520112
-0.8716612359353176,0.04230981529467467,-0.006239746956017714
-0.8317170759456275,-0.626954535730179,-0.4941396621083094
-0.9215914359224304,1.6039266343526666,1.5476435896383802
2.1241507632914467,-0.626954535730179,-0.5964199834710288
-0.8317170759456275,0.934662283327813,1.2065462351145528
-0.8616751959378951,-0.40386641872189444,-0.5234060936786862
-0.8516891559404726,0.934662283327813,0.2099795057615282
-0.04281991614924621,-0.626954535730179,-0.2912392644766835
-0.8317170759456275,-0.626954535730179,-0.5723879357380893
2.643424843157419,-0.40386641872189444,0.11971290236931498
0.18685900379147238,-0.626954535730179,-0.5835623075778346
-0.8616751959378951,0.04230981529467467,-0.4592652915543874
1.0456584435698115,-0.626954535730179,-0.5794808717222115
1.185463003533727,-0.626954535730179,-0.3056326670816546
0.6262447636780645,-0.626954535730179,-0.6281629473063429
0.6462168436729095,1.1577504003360974,2.7548908096043143
-0.6319962759971764,-0.40386641872189444,-0.4745994997125189
1.495030243453826,-0.626954535730179,-0.466150696901783
-0.7418427159688246,-0.626954535730179,-0.6012946475381401
-0.9215914359224304,-0.40386641872189444,-0.07468335094844786
-0.1926105161105844,-0.40386641872189444,-0.388598803853019
1.984346203327531,-0.626954535730179,-0.4129859595643573
-0.9016193559275852,2.496279102385805,2.5469958413154683
-0.6220102359997539,-0.1807783017136099,-0.4574067394077026
-0.7018985559791343,-0.40386641872189444,-0.4139359887013723
-0.7018985559791343,0.04230981529467467,-0.45498093685396507
-0.8916333159301627,-0.1807783017136099,-0.1968773898530656
-0.0827640761389364,-0.626954535730179,-0.5488032318220939
-0.7118845959765568,0.04230981529467467,-0.08044347906559263
1.0256863635749665,-0.1807783017136099,-0.4360172484490818
0.13692880380435965,-0.1807783017136099,-0.3995979275995284
-0.8916333159301627,2.050102868369236,3.8668261258096144
2.243983243260517,-0.626954535730179,-0.590479995468721
0.1269427638069371,-0.1807783017136099,-0.5775208601531271
-0.8117449959507823,3.1655434534106583,1.962128389100658
0.8059934836316703,-0.40386641872189444,-0.40935186752567826
-0.37235923606419025,-0.626954535730179,-0.6086412320782615
2.29391344324763,-0.626954535730179,-0.5404328294741213
2.7832294031213345,-0.626954535730179,-0.6229470106366146
-0.84170311594305,0.934662283327813,0.1132287229195907
-0.9215914359224304,2.050102868369236,1.572445806623172
-0.8217310359482048,1.380838517344382,0.9523165933325496
-0.4023173560564579,0.2653979323029592,0.8939128603657591
-0.20259655610800698,-0.1807783017136099,-0.28197878628675027
-0.8616751959378951,-0.626954535730179,-0.5521790635128465
-0.7718008359610922,5.3964246234935045,2.7100641920713704
-0.8916333159301627,1.1577504003360974,0.5603603974349253
-0.2924709160848099,-0.40386641872189444,-0.3695982211127177
-0.9215914359224304,0.2653979323029592,-0.19644388141190336
0.20683108378631748,0.4884860493112438,2.5414109612915596
-0.7018985559791343,-0.40386641872189444,-0.34127259509550145
-0.6220102359997539,-0.1807783017136099,-0.07093857590351473
-0.8217310359482048,-0.40386641872189444,-0.29924994705433
-0.41230339605388044,-0.40386641872189444,-0.1803856219211924
2.6334388031599967,-0.626954535730179,-0.558381923655008
-0.38234527606161284,-0.40386641872189444,-0.3498274691205643
-0.1926105161105844,-0.40386641872189444,-0.22110774463887709
0.4464960437244586,-0.1807783017136099,-0.23992846749401536
-0.13269427612604914,-0.1807783017136099,-0.22729676940525678
-0.84170311594305,-0.40386641872189444,-0.3340459171454887
1.7946114433765026,-0.626954535730179,-0.4080974601214642
1.9743601633301084,-0.626954535730179,-0.3877825166818944
0.05704048382497926,-0.626954535730179,-0.5054708348735815
-0.6220102359997539,-0.40386641872189444,-0.35603494105465305
-0.3623731960667677,1.1577504003360974,0.8445436277844666
-0.7917729159559372,0.04230981529467467,0.19281441620827536
-0.2924709160848099,-0.40386641872189444,-0.3434124665497489
-0.7817868759585147,2.9424553364023738,2.043849342051663
1.185463003533727,-0.626954535730179,-0.48570008288142796
-0.15266635612089424,-0.1807783017136099,-0.08619899539081013
-0.6819264759842892,-0.1807783017136099,-0.5210955859231301
1.5649325234357838,-0.626954535730179,-0.5616793548829971
1.6048766834254742,-0.626954535730179,-0.5044331816899484
-0.2125825961054295,-0.626954535730179,-0.5316058597253503
0.9757561635878537,-0.626954535730179,-0.48623966253691714
-0.8017589559533598,0.04230981529467467,-0.13638451514322752
2.7932154431187572,-0.626954535730179,-0.5513212702143766
-0.6919125159817118,-0.40386641872189444,-0.42913645489361346
-0.11272219613120404,-0.626954535730179,-0.5930118692367854
-0.8317170759456275,-0.40386641872189444,-0.48761397653123995
-0.9215914359224304,4.504072155460366,1.397428302983745
0.9857422035852762,-0.626954535730179,-0.5407418195332476
1.7346952033919671,-0.626954535730179,-0.5645617248375331
0.3666077237450782,-0.626954535730179,-0.22215462140636455
-0.9215914359224304,0.04230981529467467,-0.3105119429406931
-0.9016193559275852,4.950248389476935,5.177483556160446
-0.8916333159301627,0.2653979323029592,-0.5447540785099618
0.855923683618783,-0.626954535730179,-0.6194743313153896
0.326663563755388,1.1577504003360974,1.0202713473806906
-0.8916333159301627,-0.40386641872189444,-0.5061764390384518
0.6462168436729095,-0.40386641872189444,-0.4543721803195671
-0.84170311594305,2.050102868369236,3.4563074674047787
-0.6519683559920216,-0.626954535730179,-0.4867746304004791
-0.22256863610285207,0.2653979323029592,-0.42589436516875134
1.8245695633687702,0.934662283327813,2.9659125728198408
-0.7218706359739794,1.8270147513609512,0.24258026289531218
-0.22256863610285207,-0.626954535730179,-0.611947886890105
-0.6020381560049088,1.380838517344382,2.1223005345262425
0.05704048382497926,-0.626954535730179,-0.550629501425288
1.4051558834770232,-0.626954535730179,-0.599592896316982
-0.9215914359224304,4.504072155460366,2.3163970213687333
-0.532135876022951,-0.626954535730179,-0.5337595665553796
-0.9016193559275852,0.4884860493112438,-0.13966349920350765
0.3965658437373459,-0.626954535730179,-0.6109794105853811
-0.49219171603326084,0.04230981529467467,0.06009165633372848
2.7932154431187572,-0.626954535730179,-0.48481923062332183
-0.3324150760745001,-0.40386641872189444,-0.2835237365823816
-0.6220102359997539,0.7115741663195283,0.040284010006157125
-0.9215914359224304,4.504072155460366,5.001322328123059
-0.8117449959507823,0.04230981529467467,0.4120451690543205
0.4464960437244586,-0.626954535730179,-0.41514427818631383
-0.7118845959765568,0.934662283327813,-0.19203962012137238
-0.731856675971402,0.2653979323029592,-0.09385456999005783
1.455086083464136,-0.626954535730179,-0.6321475355314935
1.7546672833868122,-0.626954535730179,-0.5154092464768215
0.007110283837866526,-0.40386641872189444,-0.22087254325058694
-0.03283387615182366,-0.1807783017136099,1.0860816181826567
-0.8816472759327402,0.934662283327813,0.32205066138581534
-0.15266635612089424,-0.626954535730179,-0.5267358074501662
0.007110283837866526,-0.626954535730179,-0.6167441504944531
-0.7018985559791343,-0.1807783017136099,-0.15127599127634234
1.6847650034048545,-0.626954535730179,-0.6106104672312005
1.8045974833739251,-0.40386641872189444,-0.5956221434676132
-0.07277803614151385,0.04230981529467467,0.1809021576601689
1.035672403572389,-0.626954535730179,0.7815511618500548
-0.37235923606419025,0.2653979323029592,0.5563158559147203
-0.8217310359482048,0.934662283327813,1.0155027545279063
-0.7118845959765568,0.4884860493112438,-0.20242537554155648
-0.7718008359610922,0.7115741663195283,1.6895853215755152
0.14691484380178219,-0.1807783017136099,-0.45142524527804945
-0.0827640761389364,0.2653979323029592,0.4553821777947602
-0.7418427159688246,-0.626954535730179,-0.5046361005347478
2.3937738432218554,-0.626954535730179,-0.5950917873959786
-0.532135876022951,0.04230981529467467,-0.361011064544164
-0.6719404359868667,-0.626954535730179,-0.5406910898220477
-0.8317170759456275,0.04230981529467467,-0.31753109025397924
-0.6419823159945991,1.8270147513609512,1.0523832545701854
-0.7917729159559372,0.04230981529467467,0.12670437893103745
2.024290363317221,-0.626954535730179,-0.06615614767494864
-0.8716612359353176,-0.626954535730179,-0.42202507174178217
-0.6020381560049088,0.04230981529467467,-0.19810412650571613
-0.4422615160461481,0.04230981529467467,0.15675481512904807
0.017096323835289074,0.04230981529467467,-0.0923557376136991
-0.84170311594305,0.04230981529467467,0.012926860293664895
-0.7118845959765568,-0.626954535730179,-0.6039233689366769
2.1940530432734042,-0.626954535730179,-0.5942616648490722
0.2867194037656979,0.04230981529467467,0.1323446004580735
-0.47221963603841577,-0.40386641872189444,-0.17517429704339127
1.894471843350728,-0.626954535730179,-0.4538556596237142
-0.7418427159688246,0.04230981529467467,-0.2868488385619343
-0.5720800360126412,0.04230981529467467,-0.04691575175442987
-0.2924709160848099,-0.40386641872189444,-0.31749419591856115
-0.6619543959894442,-0.626954535730179,-0.5960787108684117
-0.7118845959765568,-0.1807783017136099,-0.4302386731642279
-0.8916333159301627,-0.40386641872189444,-0.4831635973214363
-0.7718008359610922,-0.1807783017136099,0.6168271777922675
-0.47221963603841577,-0.626954535730179,-0.42420644932337503
-0.28248487608738737,-0.626954535730179,-0.5159995558435105
-0.6719404359868667,1.6039266343526666,1.9942080137466622
-0.4822056760358383,-0.626954535730179,-0.5903739242543941
-0.8516891559404726,1.1577504003360974,1.1789861665572612
-0.7817868759585147,1.380838517344382,0.12296421567803156
1.7446812433893897,-0.626954535730179,-0.6133314244682824
-0.532135876022951,-0.1807783017136099,0.08050805919569802
2.4337180032115455,-0.626954535730179,-0.5374121057617677
-0.8217310359482048,-0.626954535730179,-0.5934084833425296
-0.7418427159688246,-0.40386641872189444,-0.5260394268691503
0.017096323835289074,-0.40386641872189444,-0.22569186581457112
-0.3224290360770775,-0.626954535730179,-0.5945706549081985
0.4265239637296135,-0.626954535730179,-0.6182660418304481
-0.8217310359482048,0.04230981529467467,0.1828391102696171
-0.8317170759456275,0.4884860493112438,0.922321498637666
-0.8916333159301627,7.404217676568065,3.874274169772136
-0.7418427159688246,0.04230981529467467,-0.24499221503014423
-0.8317170759456275,0.04230981529467467,-0.24528275792156146
-0.7817868759585147,-0.40386641872189444,-0.5308449140573528
-0.34240111607192264,0.2653979323029592,-0.0959944414443053
-0.6319962759971764,0.934662283327813,2.07082832482612
0.007110283837866526,-0.626954535730179,-0.4832419977841997
-0.8317170759456275,-0.1807783017136099,-0.14107470753324844
-0.731856675971402,-0.1807783017136099,-0.2833899946164911
-0.3623731960667677,0.2653979323029592,0.05500023804603609
1.7446812433893897,-0.626954535730179,-0.4923456750486062
0.2867194037656979,-0.1807783017136099,-0.39999915349719983
0.3366496037528106,-0.626954535730179,-0.6173713541965601
-0.15266635612089424,0.04230981529467467,-0.2684201180206129
1.4650721234615585,-0.40386641872189444,-0.25662776606261517
1.0656305235646566,-0.40386641872189444,-0.5709951745760575
-0.3324150760745001,-0.40386641872189444,0.34663612415002565
-0.9016193559275852,0.7115741663195283,2.3347288942795825
1.7946114433765026,-0.626954535730179,-0.5963554183840472
1.0856026035595017,-0.626954535730179,-0.5274137408634731
-0.1227082361286266,-0.626954535730179,-0.4811574678330793
1.3252675634976427,-0.626954535730179,-0.5720328277596904
-0.8916333159301627,2.2731909853775205,0.6245796000219875
-0.8017589559533598,0.7115741663195283,-0.033928945687272394
-0.1926105161105844,-0.40386641872189444,-0.3671908657266892
1.185463003533727,-0.626954535730179,-0.17075158858515124
-0.6819264759842892,-0.40386641872189444,-0.30275029712711854
-0.7618147959636696,0.04230981529467467,-0.32309752311017914
1.6847650034048545,-0.626954535730179,-0.49427340407419995
0.02708236383271162,0.04230981529467467,-0.3470926765077005
0.18685900379147238,-0.1807783017136099,-0.5215567651158559
1.0955886435569242,-0.626954535730179,-0.3764144495812044
-0.002875756159556021,-0.626954535730179,-0.5901156639064676
-0.422289436051303,-0.626954535730179,-0.44772197636046157
-0.7518287559662471,0.4884860493112438,0.25835259128653326
-0.7518287559662471,0.04230981529467467,-0.41515350177016835
0.3166775237579655,-0.40386641872189444,-0.4314976923603693
-0.012861796156978567,-0.1807783017136099,-0.31817212933186806
0.636230803675487,-0.40386641872189444,-0.17106057864427743
-0.84170311594305,-0.40386641872189444,-0.46201391954303295
-0.8117449959507823,-0.1807783017136099,-0.33596442258722786
-0.312442996079655,-0.626954535730179,-0.5156628950328207
-0.3224290360770775,-0.626954535730179,-0.38909687738116283
1.7546672833868122,-0.40386641872189444,-0.21086034297651066
1.694751043402277,-0.626954535730179,-0.5538900383178591
-0.9215914359224304,6.734953325543211,2.7718668156885498
-0.4023173560564579,0.2653979323029592,0.3188316306205895
-0.8217310359482048,1.8270147513609512,1.1220213126717753
-0.9016193559275852,3.388631570418943,1.4389574892887
-0.7518287559662471,1.380838517344382,0.8077046338695327
-0.9215914359224304,2.496279102385805,1.8179499380788033
2.7233131631367993,-0.626954535730179,-0.3741638951207027
-0.5620939960152187,-0.626954535730179,-0.5487248313593306
-0.6220102359997539,-0.40386641872189444,-0.5187159012886653
0.19684504378889492,-0.626954535730179,-0.5821649346238755
-0.2924709160848099,-0.40386641872189444,-0.3737349984714677
-0.7718008359610922,0.04230981529467467,-0.5270909154285651
-0.5221498360255284,-0.626954535730179,-0.3959638355608494
-0.15266635612089424,-0.626954535730179,-0.5827321850309282
0.2867194037656979,-0.1807783017136099,-0.2780264806050905
-0.7518287559662471,-0.1807783017136099,-0.12414020757635849
-0.3324150760745001,-0.40386641872189444,-0.603065575638207
2.3738017632270103,-0.626954535730179,-0.5534749770444058
-0.7018985559791343,0.04230981529467467,0.6031301557683122
0.6262447636780645,-0.626954535730179,-0.4797232005437022
-0.5421219160203736,-0.40386641872189444,-0.3792645369922496
0.965770123590431,-0.40386641872189444,-0.24330891097669521
2.663396923152264,-0.626954535730179,-0.5534703652524786
0.4365100037270361,-0.626954535730179,-0.6059525573846702
-0.8516891559404726,0.04230981529467467,0.3175357170890301
-0.9215914359224304,-0.626954535730179,-0.48023510944762776
1.7446812433893897,-0.626954535730179,-0.5805415838654808
0.7560632836445575,-0.626954535730179,-0.4747516888461184
0.106970683812092,0.04230981529467467,-0.36946447914682723
0.6162587236806419,-0.626954535730179,-0.6168594452926345
2.573522563175461,-0.626954535730179,-0.5077121657502286
-0.8916333159301627,1.380838517344382,0.27649538072836466
0.26674732377085275,-0.626954535730179,-0.6393419309380154
-0.7018985559791343,-0.1807783017136099,-0.007291235515432436
-0.8616751959378951,0.2653979323029592,0.025581617342059805
-0.6519683559920216,-0.1807783017136099,-0.12419093728755838
-0.8916333159301627,-0.40386641872189444,-0.37021158943904287
-0.7118845959765568,0.2653979323029592,0.07102160320132915
-0.9116053959250078,-0.1807783017136099,-0.28841223602527466
-0.5620939960152187,0.04230981529467467,1.9976484105243963
-0.2724988360899648,0.4884860493112438,0.4023142880878068
-0.9215914359224304,-0.1807783017136099,-0.35075443929794303
-0.8816472759327402,4.950248389476935,4.355482374837976
-0.15266635612089424,0.04230981529467467,0.060359140265509495
-0.2125825961054295,-0.40386641872189444,-0.38460499204401394
-0.7618147959636696,-0.626954535730179,-0.5542635934639669
-0.9016193559275852,0.2653979323029592,-0.28291959183991083
-0.5720800360126412,1.380838517344382,2.638235532804333
-0.11272219613120404,-0.626954535730179,-0.3348253099811953
-0.5421219160203736,0.934662283327813,1.0267924211658326
2.224011163265672,-0.626954535730179,-0.04281586873109781
-0.6120241960023314,-0.40386641872189444,-0.28238923576827624
-0.002875756159556021,-0.1807783017136099,-0.12008644247229906
-0.7917729159559372,-0.626954535730179,-0.48443184010143214
-0.11272219613120404,-0.1807783017136099,0.968937491438386
-0.16265239611831678,-0.626954535730179,-0.27956681910879455
0.6462168436729095,-0.626954535730179,-0.44471508802388965
1.0756165635620791,-0.626954535730179,-0.24959017158162008
-0.4822056760358383,0.7115741663195283,4.3051815602873775
1.674778963407432,-0.626954535730179,-0.28845374215262
0.8459376436213605,-0.626954535730179,-0.506324016380124
-0.2525267560951197,-0.1807783017136099,0.5120795477484653
1.9444020433378406,-0.626954535730179,-0.4896892828985059
-0.2325546761002746,-0.626954535730179,-0.5118904492363241
-0.2924709160848099,-0.626954535730179,-0.5384543707373278
-0.8217310359482048,-0.626954535730179,-0.5552597405202546
-0.7718008359610922,-0.40386641872189444,-0.24082776691983063
-0.2724988360899648,-0.626954535730179,-0.4968652311373187
-0.3324150760745001,-0.626954535730179,-0.4857784833441914
-0.22256863610285207,-0.626954535730179,-0.3033590536615166
0.2867194037656979,-0.626954535730179,-0.3351020174968307
-0.13269427612604914,-0.626954535730179,-0.291963315809263
1.6348348034177418,-0.626954535730179,-0.36521701878182294
1.7546672833868122,-0.626954535730179,-0.4668470774827989
-0.2924709160848099,-0.626954535730179,-0.4666026525106543
-0.84170311594305,0.04230981529467467,0.7791253592963172
-0.7518287559662471,-0.40386641872189444,-0.23465718932115995
-0.22256863610285207,-0.626954535730179,-0.584018874978633
-0.5920521160074863,-0.40386641872189444,0.38003472128722526
-0.43227547604872557,-0.626954535730179,-0.620359795365423
1.6348348034177418,-0.40386641872189444,-0.38181946971995034
2.7233131631367993,-0.626954535730179,-0.5271462569316921
2.7832294031213345,-0.626954535730179,-0.29812928161600644
-0.03283387615182366,-0.626954535730179,-0.49469768893150756
-0.3224290360770775,-0.1807783017136099,0.8812811622770006
-0.04281991614924621,-0.626954535730179,-0.28716244041298783
0.05704048382497926,-0.1807783017136099,-0.24514440416374375
-0.6719404359868667,-0.1807783017136099,-0.38220686024184
-0.6120241960023314,0.4884860493112438,1.0321144290498878
1.8744997633558829,-0.626954535730179,-0.5434212706429843
-0.6220102359997539,0.7115741663195283,1.268524106824968
2.3638157232295876,-0.626954535730179,-0.3997270577734916
0.37659376374250075,-0.40386641872189444,-0.33399518743428885
-0.8217310359482048,-0.1807783017136099,-0.2782570702014534
-0.18262447611316188,-0.626954535730179,-0.39534124365066964
1.1055746835543467,-0.626954535730179,-0.6186811031039012
-0.9116053959250078,0.934662283327813,0.5159211704238709
0.9158399236033183,-0.626954535730179,-0.5043455576433306
-0.6419823159945991,-0.40386641872189444,-0.01859934932106809
-0.20259655610800698,0.2653979323029592,0.06586100803472786
0.9857422035852762,-0.626954535730179,-0.4353439268277022
0.3366496037528106,-0.40386641872189444,-0.35976126893187715
-0.7518287559662471,-0.626954535730179,-0.6116711793744697
-0.9215914359224304,-0.40386641872189444,-0.5298164844575743
1.1055746835543467,-0.40386641872189444,-0.3891752778439262
-0.6919125159817118,0.2653979323029592,-0.1836692177733998
0.13692880380435965,-0.626954535730179,-0.5477748022223154
0.4065518837347684,-0.1807783017136099,-0.004989951343730884
-0.49219171603326084,-0.40386641872189444,-0.3176694440117969
-0.8816472759327402,-0.40386641872189444,-0.35072215675445223
-0.8117449959507823,3.1655434534106583,2.1795836020547092
-0.2924709160848099,-0.626954535730179,-0.5443113464849451
0.5663285236935292,-0.40386641872189444,-0.5725401248716889
-0.532135876022951,-0.40386641872189444,0.19456689714063324
-0.2924709160848099,-0.626954535730179,0.5649352950267649
0.14691484380178219,-0.1807783017136099,0.10279223778820677
-0.9215914359224304,1.380838517344382,1.033041399227267
-0.7418427159688246,-0.1807783017136099,-0.3775766211468733
-0.8317170759456275,-0.626954535730179,-0.5532028813206977
-0.8217310359482048,0.04230981529467467,-0.18194440759260547
-0.7418427159688246,-0.40386641872189444,-0.3329114163313833
-0.26251279609254224,-0.40386641872189444,-0.06097710534063833
-0.1926105161105844,-0.40386641872189444,-0.39987924690709115
-0.8816472759327402,0.7115741663195283,1.1107823757450481
-0.9116053959250078,-0.626954535730179,-0.5554580475731266
-0.7917729159559372,0.7115741663195283,0.9254667407320558
1.6148627234228967,-0.626954535730179,-0.5154184700606761
-0.012861796156978567,-0.626954535730179,-0.5094554230987319
-0.7018985559791343,-0.1807783017136099,-0.12552374515453577
-0.7618147959636696,0.4884860493112438,0.9838658619069188
-0.6919125159817118,-0.626954535730179,-0.5116506360561066
-0.6619543959894442,0.4884860493112438,0.2962615209285908
-0.6719404359868667,0.2653979323029592,0.6903575882804629
1.6548068834125869,-0.40386641872189444,-0.3741638951207027
0.7261051636522899,-0.40386641872189444,-0.48162787060965956
-0.6819264759842892,-0.40386641872189444,-0.15817523199951974
-0.7518287559662471,0.4884860493112438,0.16851488454355498
-0.8616751959378951,2.2731909853775205,3.8025377463436434
-0.6419823159945991,-0.40386641872189444,-0.5616609077152881
-0.5421219160203736,-0.1807783017136099,0.0201443146598231
1.5948906434280516,-0.626954535730179,-0.576390971130949
-0.3523871560693452,-0.626954535730179,-0.33511124108068524
0.9058538836058958,-0.626954535730179,-0.5042625453886399
-0.8217310359482048,-0.40386641872189444,-0.1519170303542311
-0.9116053959250078,7.404217676568065,1.984753840295784
0.05704048382497926,-0.40386641872189444,-0.5701650520291511
-0.9215914359224304,0.04230981529467467,0.5075369327001166
-0.3224290360770775,-0.40386641872189444,-0.4513468448152861
1.4251279634718683,-0.626954535730179,-0.5416457307509901
0.9757561635878537,0.04230981529467467,0.014047525731988524
0.855923683618783,-0.40386641872189444,-0.07510302401382835
-0.5521079560177962,0.4884860493112438,0.024562411326135857
1.0756165635620791,-0.40386641872189444,-0.5074677407780839
-0.47221963603841577,0.2653979323029592,0.18596590519629774
1.385183803482178,-0.626954535730179,-0.5611074926840172
-0.2724988360899648,-0.626954535730179,-0.5815377309217685
1.475058163458981,-0.626954535730179,-0.5015415881515579
1.3951698434796005,-0.626954535730179,-0.436773582325152
-0.15266635612089424,-0.1807783017136099,-0.12862748112158015
-0.3523871560693452,-0.1807783017136099,-0.38089711133449883
-0.7618147959636696,2.050102868369236,3.4897383470854693
0.11695672380951455,0.04230981529467467,-0.43895034811481765
-0.41230339605388044,1.380838517344382,-0.08554873272906688
0.4265239637296135,-0.1807783017136099,-0.06063583273802126
1.8145835233713477,-0.40386641872189444,-0.4163018379600555
2.184067003275982,-0.626954535730179,-0.5004070873374525
-0.8516891559404726,0.2653979323029592,0.2967918770002254
-0.8217310359482048,-0.40386641872189444,-0.3449574168453802
1.894471843350728,-0.40386641872189444,-0.48574620080070063
-0.7518287559662471,0.2653979323029592,-0.11170220474854481
-0.7018985559791343,-0.1807783017136099,-0.10816957213226544
1.9444020433378406,-0.626954535730179,-0.02813192323470961
-0.7618147959636696,-0.1807783017136099,-0.5115952945529795
-0.22256863610285207,-0.626954535730179,-0.5462529108863206
-0.2924709160848099,-0.626954535730179,-0.5097828603255672
-0.20259655610800698,0.04230981529467467,1.029494931235206
2.224011163265672,-0.40386641872189444,-0.43479973538028577
-0.9016193559275852,0.04230981529467467,0.49707738860909617
1.5050162834512486,-0.626954535730179,-0.595082563812124
-0.84170311594305,0.4884860493112438,-0.20135082802250545
-0.9215914359224304,0.04230981529467467,0.17997057569086286
1.674778963407432,-0.626954535730179,-0.5304067938242633
0.3366496037528106,-0.626954535730179,-0.5516717664008483
-0.1926105161105844,-0.626954535730179,-0.5760681456960409
-0.20259655610800698,0.04230981529467467,-0.23529361660712148
-0.7218706359739794,-0.1807783017136099,-0.005492636663801926
-0.3324150760745001,-0.1807783017136099,0.33532339855246285
-0.07277803614151385,-0.626954535730179,-0.3570264763190134
-0.15266635612089424,-0.626954535730179,-0.5896498729218146
-0.34240111607192264,0.4884860493112438,0.7300605049822235
-0.9215914359224304,-0.1807783017136099,-0.15258112839175622
-0.6319962759971764,-0.626954535730179,-0.5882432763840011
-0.6020381560049088,0.2653979323029592,1.1822605388256142
-0.5221498360255284,0.2653979323029592,-0.33257475552069354
-0.7817868759585147,-0.40386641872189444,-0.35627936602679766
-0.5920521160074863,0.7115741663195283,0.3878701557716361
-0.14268031612347168,-0.40386641872189444,-0.5043271104756215
1.1155607235517693,-0.40386641872189444,-0.42314112538817855
-0.5920521160074863,-0.626954535730179,-0.5492690228067469
0.8958678436084733,-0.1807783017136099,-0.5221609098583267
-0.9116053959250078,4.727160272468651,2.0608991368067344
-0.9215914359224304,0.7115741663195283,0.9422213808037826
-0.5021777560306834,0.7115741663195283,-0.055558249826110635
-0.07277803614151385,-0.1807783017136099,-0.3550987472934197
-0.532135876022951,-0.40386641872189444,-0.5189464908850282
-0.8117449959507823,-0.1807783017136099,-0.35982583401885876
0.02708236383271162,-0.40386641872189444,-0.3335063374899996
-0.6719404359868667,0.7115741663195283,-0.22280488406810786
2.25396928325794,-0.626954535730179,-0.6039233689366769
-0.2724988360899648,1.8270147513609512,1.0785828445089358
-0.1926105161105844,0.04230981529467467,1.2440585506508663
-0.6519683559920216,-0.40386641872189444,-0.3769032995254937
-0.8716612359353176,0.04230981529467467,-0.37207936516958223
-0.8616751959378951,-0.626954535730179,-0.5672042816118518
1.2254071635234174,-0.626954535730179,-0.5808367385488253
-0.11272219613120404,-0.1807783017136099,0.18355393801834213
-0.09275011613635895,-0.40386641872189444,-0.2876789611088407
2.603480683167729,-0.40386641872189444,-0.10482141119307642
-0.7418427159688246,-0.40386641872189444,-0.5354751531523194
-0.5221498360255284,-0.40386641872189444,-0.25110283933376054
0.7960074436342478,-0.626954535730179,-0.5599960508295482
-0.7618147959636696,-0.40386641872189444,-0.4907868893771931
1.495030243453826,-0.626954535730179,-0.5358118139630093
-0.8017589559533598,1.8270147513609512,0.31711604402364973
1.1255467635491918,-0.626954535730179,-0.007872321298266892
-0.43227547604872557,-0.40386641872189444,-0.5124023581402496
-0.7018985559791343,0.2653979323029592,-0.30864416721015375
-0.8317170759456275,3.1655434534106583,2.451637819635563
-0.6819264759842892,0.04230981529467467,0.1320263868150927
-0.7817868759585147,-0.40386641872189444,-0.4308704886582623
2.154108883283714,-0.626954535730179,-0.5918404740872619
0.6262447636780645,-0.626954535730179,-0.28606483393430054
2.134136803288869,-0.626954535730179,-0.5805877017847534
-0.2924709160848099,-0.626954535730179,-0.31771556193106953
-0.7718008359610922,1.1577504003360974,0.49698054097862376
-0.7817868759585147,-0.40386641872189444,-0.47117293831056656
-0.8217310359482048,0.4884860493112438,0.2677606468181388
-0.28248487608738737,-0.1807783017136099,-0.13106250725917215
-0.5720800360126412,0.04230981529467467,-0.531905626200622
0.14691484380178219,0.2653979323029592,0.28157757543220263
-0.4023173560564579,-0.626954535730179,-0.46318531469255636
-0.8716612359353176,-0.40386641872189444,-0.33998590514779653
-0.4622335960409932,-0.626954535730179,-0.5724525008250709
-0.9215914359224304,3.834807804435512,1.7287763293733502
2.184067003275982,-0.626954535730179,-0.5450215624417427
-0.4822056760358383,-0.40386641872189444,-0.32651486092827703
-0.28248487608738737,-0.626954535730179,-0.4484644748607501
-0.6719404359868667,-0.626954535730179,-0.5704694302963502
-0.6419823159945991,-0.1807783017136099,-0.5186282772420474
-0.532135876022951,-0.626954535730179,-0.33472846235072284
-0.8117449959507823,0.7115741663195283,-0.14711154316602873
-0.04281991614924621,-0.1807783017136099,-0.11387435874628304
-0.6919125159817118,0.04230981529467467,0.08492154407008352
2.25396928325794,-0.626954535730179,-0.45362968181927854
-0.532135876022951,-0.1807783017136099,-0.3952951257313971
0.8059934836316703,-0.626954535730179,-0.5644741007909153
0.23678920377858512,-0.626954535730179,-0.5476364484644978
-0.6220102359997539,0.2653979323029592,-0.31064107311465633
1.5948906434280516,-0.626954535730179,-0.5276304950840542
-0.34240111607192264,0.2653979323029592,0.10936865307647613
-0.7018985559791343,1.6039266343526666,2.94741467539961
-0.8816472759327402,0.7115741663195283,0.29075504136744523
0.0670265238224018,1.6039266343526666,0.7697541981001298
-0.6819264759842892,0.2653979323029592,0.33094680801349524
-0.6020381560049088,0.2653979323029592,0.06735061682723197
-0.2525267560951197,-0.626954535730179,-0.1523228680438298
-0.5620939960152187,0.2653979323029592,-0.20854522342902734
-0.41230339605388044,-0.1807783017136099,-0.2759096681104793
-0.7718008359610922,-0.626954535730179,-0.5897006026330144
-0.1926105161105844,-0.626954535730179,-0.16970471181766378
1.2254071635234174,-0.626954535730179,-0.5022425805245011
-0.6220102359997539,-0.1807783017136099,-0.40670469895943234
-0.7718008359610922,0.04230981529467467,0.5639944894736043
0.26674732377085275,-0.626954535730179,-0.5299963443427375
-0.8317170759456275,0.04230981529467467,0.11381903228627965
1.6348348034177418,-0.40386641872189444,-0.4864149106301529
-0.7618147959636696,0.4884860493112438,0.20062217994112244
-0.532135876022951,-0.626954535730179,-0.6097342267650214
-0.47221963603841577,-0.1807783017136099,-0.14123150845877527
-0.5021777560306834,0.4884860493112438,0.6023046450133331
0.20683108378631748,-0.40386641872189444,-0.21599326739154837
0.7161191236548674,-0.40386641872189444,-0.47117293831056656
-0.8217310359482048,-0.40386641872189444,-0.4700246021206794
-0.8317170759456275,0.2653979323029592,0.5708706712371453
1.1255467635491918,-0.40386641872189444,0.07456345940146292
-0.07277803614151385,-0.1807783017136099,-0.2398408434473975
0.855923683618783,-0.626954535730179,-0.5588799971831518
-0.3324150760745001,-0.1807783017136099,-0.6072208001646661
0.5563424836961066,-0.626954535730179,-0.5083439812442629
-0.9016193559275852,3.834807804435512,2.2637026868078878
-0.422289436051303,-0.40386641872189444,-0.5454689062586867
-0.18262447611316188,-0.626954535730179,-0.4849852551327031
2.074220563304334,-0.40386641872189444,-0.5603004290967472
-0.7418427159688246,-0.40386641872189444,-0.46758035239923285
0.5763145636909517,-0.40386641872189444,-0.42174836422614664
0.5863006036883742,-0.626954535730179,-0.5389893386008897
-0.9215914359224304,0.04230981529467467,1.068921140421331
-0.7518287559662471,0.04230981529467467,-0.26448164771473487
0.9358120035981634,-0.626954535730179,-0.618819456861719
1.9244299633429955,-0.626954535730179,-0.616223018006673
-0.9016193559275852,0.7115741663195283,0.7923612021275467
0.8958678436084733,-0.626954535730179,-0.613054716952647
-0.30245695608223244,-0.626954535730179,-0.22658655344845913
-0.34240111607192264,-0.626954535730179,-0.5668215028818894
-0.6819264759842892,-0.1807783017136099,0.040122597288703044
-0.6220102359997539,2.496279102385805,0.5085930330514585
-0.5421219160203736,-0.626954535730179,-0.5764832069694942
0.6162587236806419,-0.626954535730179,-0.5039489435375863
-0.6719404359868667,1.380838517344382,0.3907617493100266
2.243983243260517,-0.626954535730179,-0.6003722891526886
-0.8816472759327402,1.1577504003360974,0.4181696287337185
-0.8516891559404726,-0.1807783017136099,-0.31796459869514143
2.094192643299179,-0.626954535730179,-0.49370615366714726
1.7346952033919671,-0.40386641872189444,-0.2743601060229207
1.7746393633816573,-0.626954535730179,-0.5155937181539119
-0.8916333159301627,2.050102868369236,2.262697316167746
-0.6120241960023314,-0.626954535730179,-0.5630259981257564
1.255365283515685,-0.40386641872189444,-0.5300147915104464
1.5349744034435162,-0.626954535730179,-0.5407233723655386
1.8744997633558829,0.2653979323029592,-0.14938976837809392
1.7546672833868122,-0.626954535730179,-0.5824877600587836
-0.6120241960023314,0.4884860493112438,0.020148926451750353
1.5249883634460937,-0.40386641872189444,-0.5048851372988197
-0.7817868759585147,0.2653979323029592,-0.16585847735033085
0.23678920377858512,0.04230981529467467,-0.27736238256756546
-0.5720800360126412,-0.626954535730179,-0.40453715675362134
0.38657980373992334,-0.1807783017136099,0.44923004736379846
1.23539320352084,-0.626954535730179,-0.5540929571626585
-0.43227547604872557,0.934662283327813,0.2671334431160317
-0.5421219160203736,-0.40386641872189444,-0.14834289161060643
-0.6419823159945991,-0.40386641872189444,-0.49246558163871496
-0.5620939960152187,0.4884860493112438,-0.17763699393254684
0.4265239637296135,-0.40386641872189444,-0.29917615838349393
1.255365283515685,-0.40386641872189444,-0.36466821554247925
-0.6519683559920216,-0.626954535730179,-0.41942402109480886
-0.6819264759842892,0.04230981529467467,0.6835690305635396
-0.8816472759327402,-0.40386641872189444,-0.3096910439776413
1.0656305235646566,-0.626954535730179,-0.4896431649792332
-0.7518287559662471,-0.626954535730179,-0.5462298519266842
1.475058163458981,-0.626954535730179,-0.48450101698034104
-0.2125825961054295,-0.1807783017136099,-0.3379936110352212
-0.7618147959636696,1.8270147513609512,0.7870253588677095
-0.9016193559275852,0.7115741663195283,-0.027541613868020648
0.017096323835289074,-0.40386641872189444,-0.14794627750486233
0.6861610036625997,-0.626954535730179,-0.5078874138434644
2.8032014831161796,-0.626954535730179,-0.6095497550879312
0.02708236383271162,0.2653979323029592,-0.20894644932669876
-0.3923313160590354,0.2653979323029592,0.11342241818053554
1.9444020433378406,-0.626954535730179,-0.509635282983895
0.30669148376054295,0.4884860493112438,-0.10419881928289658
1.9444020433378406,-0.626954535730179,-0.30440593042900405
0.5863006036883742,-0.40386641872189444,-0.5159303789646016
-0.8916333159301627,1.1577504003360974,0.3259337901885663
-0.9116053959250078,2.2731909853775205,1.7470390254052905
-0.8117449959507823,0.7115741663195283,0.8251556545222756
-0.6020381560049088,-0.40386641872189444,-0.3421534473536076
-0.3923313160590354,-0.40386641872189444,-0.5139980381470808
-0.43227547604872557,-0.40386641872189444,-0.15249811613706554
1.255365283515685,-0.626954535730179,-0.5048067368360563
-0.30245695608223244,-0.626954535730179,0.1446442495280696
-0.22256863610285207,-0.1807783017136099,0.053081732604296994
-0.9116053959250078,7.404217676568065,7.295412104418086
-0.9116053959250078,1.380838517344382,0.6434326054206166
-0.2924709160848099,0.04230981529467467,0.5686939054474797
-0.5920521160074863,-0.1807783017136099,-0.12852602169918048
-0.11272219613120404,-0.626954535730179,-0.4871527973385142
-0.9215914359224304,6.5118652085349265,11.333866059279032
0.09698464381466945,-0.626954535730179,-0.5638468970888082
-0.8616751959378951,-0.40386641872189444,-0.4802304976557005
1.5749185634332064,-0.626954535730179,-0.5873024708308405
-0.8017589559533598,0.4884860493112438,-0.2271122977281665
-0.8317170759456275,1.6039266343526666,0.4895278852241755
2.733299203134222,-0.626954535730179,-0.5400039328248863
-0.1726384361157393,-0.40386641872189444,-0.5037368011089326
-0.8916333159301627,-0.626954535730179,-0.4854003164061563
0.34663564375023315,-0.40386641872189444,0.052888037343352144
-0.2724988360899648,-0.40386641872189444,-0.5560760276913792
0.23678920377858512,-0.40386641872189444,-0.3285717201278339
2.164094923281137,-0.626954535730179,-0.38877405194625475
-0.26251279609254224,-0.626954535730179,-0.4964686170315746
0.45648208372188115,-0.1807783017136099,1.4748971837778186
1.6148627234228967,-0.626954535730179,-0.5184806999003752
-0.6220102359997539,0.7115741663195283,0.5474519918305311
-0.41230339605388044,-0.40386641872189444,-0.219853337234663
-0.2924709160848099,-0.626954535730179,-0.5280224973978712
2.733299203134222,-0.626954535730179,-0.5943308417279811
-0.8716612359353176,0.2653979323029592,0.159724809130202
2.114164723294024,-0.626954535730179,-0.5747537849967725
-0.6419823159945991,-0.40386641872189444,-0.2646292250564072
0.9058538836058958,-0.40386641872189444,-0.40656173340968743
-0.5121637960281059,-0.1807783017136099,-0.4225877103569076
-0.532135876022951,0.04230981529467467,-0.10720570761946863
-0.012861796156978567,-0.40386641872189444,0.08199766798820214
-0.7118845959765568,0.04230981529467467,1.0450505054058457
-0.6919125159817118,-0.40386641872189444,-0.4158222115996207
-0.6419823159945991,-0.40386641872189444,-0.49454088800598084
2.0842066033017566,-0.1807783017136099,-0.12035392640408007
0.5163983237064165,-0.40386641872189444,-0.46841047494613924
-0.8716612359353176,-0.40386641872189444,-0.35479436902622075
-0.7418427159688246,-0.40386641872189444,-0.20460675312314935
-0.6020381560049088,0.2653979323029592,0.1372561588606029
0.8259655636265154,-0.626954535730179,-0.55886616180737
-0.3523871560693452,-0.1807783017136099,-0.45726838564988487
-0.7118845959765568,-0.626954535730179,-0.5496471897447821
-0.7718008359610922,0.4884860493112438,0.3676197774190478
-0.7418427159688246,-0.626954535730179,-0.6221860649686171
0.6562028836703321,-0.626954535730179,-0.46923598570111835
-0.6819264759842892,0.04230981529467467,-0.26137329995576325
1.185463003533727,-0.40386641872189444,-0.5233138578401412
-0.8716612359353176,0.04230981529467467,-0.3350466759937036
1.5948906434280516,-0.626954535730179,-0.6070593874472121
-0.34240111607192264,1.1577504003360974,0.9151178796472896
-0.8217310359482048,-0.626954535730179,-0.47948799915541196
-0.28248487608738737,-0.626954535730179,-0.5019197550895931
-0.6819264759842892,-0.1807783017136099,-0.2473119463695548
-0.012861796156978567,-0.1807783017136099,-0.06747973195807153
-0.41230339605388044,-0.40386641872189444,0.06301092062368262
0.3566216837476557,-0.626954535730179,0.08954255958119564
0.02708236383271162,-0.1807783017136099,0.576538563515745
-0.3623731960667677,-0.626954535730179,-0.14350973367084047
-0.84170311594305,4.727160272468651,3.093682268164512
0.7560632836445575,-0.1807783017136099,-0.4670915024549436
-0.3623731960667677,-0.626954535730179,-0.546566512737374
2.3238715632398974,-0.626954535730179,-0.5534888124201877
-0.9215914359224304,0.2653979323029592,-0.07167646261187591
-0.7518287559662471,0.934662283327813,0.37265124241168596
1.5449604434409387,-0.626954535730179,-0.5052402452772186
-0.3523871560693452,0.04230981529467467,-0.414950582925369
-0.1926105161105844,-0.626954535730179,-0.5790796458245401
-0.6220102359997539,-0.1807783017136099,-0.18273302401216648
-0.8616751959378951,-0.40386641872189444,0.8260734011157997
0.2967054437631204,0.04230981529467467,0.7758555988198916
-0.9116053959250078,0.934662283327813,0.6316402534626189
-0.7018985559791343,2.050102868369236,2.3067860469923285
0.26674732377085275,-0.1807783017136099,-0.4665842053429452
2.643424843157419,-0.626954535730179,-0.39701532412026413
-0.3923313160590354,0.2653979323029592,0.17777075094156097
-0.2924709160848099,-0.626954535730179,-0.5896729318814509
-0.07277803614151385,-0.626954535730179,-0.5921909702737336
-0.38234527606161284,-0.626954535730179,-0.05983799273460569
-0.7218706359739794,2.050102868369236,0.8386313105337222
-0.8916333159301627,3.6117196874272275,7.267353962332651
-0.9016193559275852,0.2653979323029592,-0.09693524699746583
-0.8217310359482048,0.2653979323029592,0.5871549085322919
-0.8616751959378951,0.2653979323029592,-0.2830348866380923
0.9557840835930085,-0.40386641872189444,-0.41253400395548606
-0.22256863610285207,-0.626954535730179,-0.5339348146486154
1.1055746835543467,-0.626954535730179,-0.48505443201161197
0.26674732377085275,-0.40386641872189444,-0.37154900909794764
-0.002875756159556021,-0.626954535730179,-0.45399401338153195
-0.9215914359224304,1.380838517344382,0.22251435621981433
-0.6619543959894442,0.04230981529467467,-0.35434702520927674
2.044262443312066,-0.626954535730179,-0.26758538368177925
-0.6919125159817118,-0.1807783017136099,-0.3858686230320825
-0.6519683559920216,0.04230981529467467,0.5496103104524878
-0.43227547604872557,-0.626954535730179,-0.5027591012203539
2.3238715632398974,-0.626954535730179,-0.5743479473071738
-0.7718008359610922,-0.40386641872189444,-0.46708227887108905
0.8958678436084733,-0.1807783017136099,-0.304548895978749
-0.2125825961054295,0.2653979323029592,0.6760333625544007
-0.5620939960152187,-0.40386641872189444,-0.49285297216060453
-0.13269427612604914,0.04230981529467467,0.4234685776581376
-0.3623731960667677,1.1577504003360974,0.5440023714689424
-0.8117449959507823,-0.40386641872189444,-0.35735391354584867
-0.43227547604872557,-0.40386641872189444,-0.5208004312397857
-0.43227547604872557,-0.40386641872189444,-0.08692304672338964
-0.34240111607192264,-0.40386641872189444,-0.48539570461422904
2.5835086031728838,-0.626954535730179,-0.5668215028818894
-0.3923313160590354,-0.626954535730179,-0.4843257688871053
-0.9116053959250078,0.4884860493112438,0.2017797397148641
-0.002875756159556021,0.04230981529467467,-0.33346483136265426
-0.7018985559791343,-0.626954535730179,-0.5430246565372402
-0.18262447611316188,-0.626954535730179,-0.4853126923595384
-0.8217310359482048,0.04230981529467467,-0.43200960126429494
0.7560632836445575,-0.40386641872189444,-0.25764697207853915
-0.3523871560693452,-0.40386641872189444,-0.49068542995479353
0.02708236383271162,-0.40386641872189444,-0.07553653245499058
2.0143043233197986,-0.626954535730179,-0.5044931349850028
0.15690088379920475,-0.40386641872189444,-0.36549833808938564
1.7047370833996995,-0.626954535730179,-0.2210062852164774
0.8659097236162056,-0.626954535730179,-0.4725887584322347
0.7560632836445575,-0.626954535730179,-0.5730013040644146
-0.5820660760100638,-0.626954535730179,-0.6132115178781737
-0.7018985559791343,-0.1807783017136099,-0.3840561888046703
-0.7618147959636696,0.04230981529467467,-0.25926571104500656
-0.7118845959765568,0.2653979323029592,1.711731146410206
-0.14268031612347168,-0.1807783017136099,-0.3872752195698961
-0.28248487608738737,-0.626954535730179,-0.6044767839679478
2.673382963149687,-0.626954535730179,-0.5992193411708742
-0.9016193559275852,0.4884860493112438,0.4731698592581929
-0.8217310359482048,0.04230981529467467,-0.30265344949664613
0.8259655636265154,-0.1807783017136099,-0.3352173122950121
1.2453792435182625,-0.40386641872189444,0.8530662192660387
-0.8616751959378951,0.7115741663195283,0.975098845453202
-0.9116053959250078,-0.40386641872189444,-0.4433776683649849
0.6062726836832194,-0.40386641872189444,-0.4973171867461899
-0.8816472759327402,0.2653979323029592,-0.1761935030593152
-0.14268031612347168,-0.1807783017136099,-0.3723007311820906
-0.7218706359739794,-0.40386641872189444,-0.540086945079577
-0.7118845959765568,-0.40386641872189444,-0.568066686702249
2.1441228432862918,0.04230981529467467,-0.3397875980949245
0.526384363703839,-0.626954535730179,-0.6090424579759328
-0.8616751959378951,3.1655434534106583,3.5154998167911304
-0.7418427159688246,0.934662283327813,0.6257925012988563
-0.22256863610285207,-0.40386641872189444,-0.5585202774128257
1.934416003340418,-0.626954535730179,-0.5241854865143928
-0.4422615160461481,-0.626954535730179,-0.45552051650945424
-0.6220102359997539,0.4884860493112438,0.4888130574754505
1.1355328035466143,-0.626954535730179,-0.4811666914169338
-0.7817868759585147,-0.40386641872189444,-0.5555041654923992
-0.20259655610800698,-0.626954535730179,-0.2450936744525439
-0.3324150760745001,-0.626954535730179,-0.5539592151967679
-0.5421219160203736,0.04230981529467467,0.21698020590710518
-0.6319962759971764,1.8270147513609512,0.5543881268891265
-0.6619543959894442,0.2653979323029592,-0.22173956013291138
-0.8916333159301627,2.496279102385805,2.6097254351100263
-0.7618147959636696,-0.626954535730179,-0.49847013472800433
-0.731856675971402,0.4884860493112438,1.2666932254298466
-0.2724988360899648,-0.40386641872189444,-0.062369866502670124
1.1954490435311496,-0.626954535730179,-0.5026945361333723
-0.8117449959507823,0.4884860493112438,-0.25339028812968034
-0.6319962759971764,-0.626954535730179,-0.6108410568275633
-0.5021777560306834,1.1577504003360974,0.9523534876679676
-0.8916333159301627,0.4884860493112438,0.40252643051646064
-0.7817868759585147,0.2653979323029592,-0.003518789718935681
-0.8317170759456275,1.8270147513609512,1.1531739671404002
1.1754769635363045,-0.626954535730179,-0.35310645318084444
-0.47221963603841577,-0.1807783017136099,0.2959663662452463
0.4065518837347684,-0.40386641872189444,-0.4019591650662843
-0.5021777560306834,0.7115741663195283,1.4671585969238805
-0.8317170759456275,0.2653979323029592,0.6795014300836982
0.22680316378116255,-0.1807783017136099,-0.20251761138010163
1.0456584435698115,-0.40386641872189444,-0.32545876057693507
1.8445416433636153,-0.626954535730179,-0.49462390026067155
0.16688692379662728,-0.1807783017136099,-0.42811263708576225
-0.16265239611831678,-0.626954535730179,-0.4132811142477017
-0.4023173560564579,-0.626954535730179,-0.22320149817385201
0.6861610036625997,0.04230981529467467,1.332757144787812
-0.4622335960409932,-0.1807783017136099,0.0093573333419675
-0.7618147959636696,-0.40386641872189444,-0.3498136337447825
0.6162587236806419,-0.1807783017136099,-0.3548404869454933
1.3152815235002202,-0.626954535730179,-0.44334077402956684
-0.8616751959378951,-0.40386641872189444,-0.37689868773356644
0.2867194037656979,-0.40386641872189444,-0.4951311973726698
-0.3224290360770775,-0.626954535730179,-0.5979188158473875
-0.30245695608223244,-0.40386641872189444,-0.4305845575587723
-0.7518287559662471,0.934662283327813,0.44158830814033273
-0.8616751959378951,3.388631570418943,7.32608052073435
-0.9116053959250078,1.6039266343526666,0.7260205752539459
-0.7118845959765568,-0.1807783017136099,-0.3470050524610826
-0.6419823159945991,0.2653979323029592,0.012313491967339666
1.914443923345573,-0.626954535730179,-0.35726167770730355
0.8259655636265154,-0.40386641872189444,-0.5783740416596697
-0.15266635612089424,-0.1807783017136099,0.07335516991652147
-0.6020381560049088,-0.626954535730179,-0.5760681456960409
-0.5221498360255284,1.8270147513609512,0.9956858846164801
1.7247091633945446,-0.626954535730179,-0.5810442691855519
-0.6619543959894442,0.04230981529467467,-0.34814416506711526
0.15690088379920475,0.04230981529467467,0.11918254629768031
1.9044578833481505,-0.626954535730179,-0.5763494650036036
-0.84170311594305,0.2653979323029592,-0.04275591543604351
2.114164723294024,-0.626954535730179,-0.4572084323548305
-0.7618147959636696,0.04230981529467467,1.9265299672141567
-0.6120241960023314,-0.40386641872189444,-0.30205391654610264
-0.9215914359224304,4.280984038452082,6.5529274395053925
-0.731856675971402,-0.626954535730179,-0.5423282759562242
0.30669148376054295,-0.40386641872189444,-0.5262377339220224
-0.28248487608738737,-0.626954535730179,-0.6036189906694779
0.1269427638069371,-0.626954535730179,-0.3116095494193804
-0.9215914359224304,4.280984038452082,3.1136005974983387
-0.6919125159817118,2.9424553364023738,2.2184287254579997
1.7346952033919671,-0.626954535730179,-0.561587119044452
-0.8816472759327402,3.388631570418943,2.1855743197682167
-0.8317170759456275,1.8270147513609512,4.17991145616728
-0.6419823159945991,0.2653979323029592,-0.03088977480720967
1.7346952033919671,-0.626954535730179,-0.575906732978587
-0.2924709160848099,-0.40386641872189444,-0.47345577531455907
2.263955323255362,-0.626954535730179,-0.5236551304427581
-0.8916333159301627,0.934662283327813,0.009883077621674913
-0.6120241960023314,-0.626954535730179,-0.5766031135596028
-0.8816472759327402,-0.1807783017136099,-0.21170891269112607
0.3566216837476557,-0.626954535730179,-0.5915314840281357
-0.5221498360255284,0.2653979323029592,-0.4159375063978021
0.0869986038172469,0.4884860493112438,-0.16231200935826984
0.3166775237579655,-0.626954535730179,-0.4732713036374687
-0.6020381560049088,-0.626954535730179,-0.6252298476406071
2.0842066033017566,-0.40386641872189444,-0.22122765122898577
2.713327123139377,-0.626954535730179,-0.5622097109546318
-0.8916333159301627,1.1577504003360974,-0.1837430064442359
-0.9116053959250078,3.1655434534106583,1.392747334177579
-0.9016193559275852,-0.626954535730179,-0.5579576387977002
-0.3623731960667677,-0.626954535730179,-0.5730474219836872
2.313885523242475,-0.626954535730179,-0.6110624228400717
-0.8516891559404726,2.2731909853775205,1.2339264437866813
-0.8117449959507823,-0.626954535730179,-0.44617241427290305
-0.5620939960152187,-0.626954535730179,-0.5783048647807609
-0.7718008359610922,1.6039266343526666,0.7853189958546243
0.4464960437244586,-0.626954535730179,-0.5577362727851919
-0.1926105161105844,0.4884860493112438,2.1101115684625005
-0.8816472759327402,0.2653979323029592,-0.13625077317733697
0.6162587236806419,-0.40386641872189444,-0.546548065569665
1.455086083464136,-0.626954535730179,-0.062300689623761216
-0.41230339605388044,0.7115741663195283,0.6004138103231575
-0.6220102359997539,-0.40386641872189444,-0.37051596770624196
-0.20259655610800698,-0.626954535730179,-0.579757579237847
-0.8916333159301627,1.8270147513609512,1.9746909103105077
-0.7917729159559372,0.04230981529467467,-0.3267316151488581
-0.7018985559791343,0.7115741663195283,0.6981469048456009
-0.8916333159301627,0.04230981529467467,0.20250379104744362
1.8045974833739251,-0.40386641872189444,-0.46800002546461333
-0.731856675971402,0.2653979323029592,-0.008568701879282787
0.5064122837089939,-0.626954535730179,-0.6047534914835833
-0.8916333159301627,0.04230981529467467,0.6358877138276231
-0.09275011613635895,-0.626954535730179,-0.45275805314502693
-0.8217310359482048,-0.1807783017136099,0.6084383282765858
-0.8516891559404726,-0.1807783017136099,-0.32060715546946
0.2967054437631204,-0.1807783017136099,-0.3189561339595018
-0.3224290360770775,-0.40386641872189444,-0.35225788346622905
-0.9116053959250078,0.2653979323029592,-0.12795877129212788
2.25396928325794,-0.626954535730179,-0.4244739332551559
-0.9116053959250078,1.6039266343526666,1.0075428016614596
0.3666077237450782,-0.1807783017136099,-0.3669510525464718
-0.9116053959250078,2.496279102385805,1.5168137606046632
-0.9116053959250078,-0.40386641872189444,-0.2008158601589436
-0.47221963603841577,-0.626954535730179,-0.4544920869096758
-0.8916333159301627,-0.40386641872189444,-0.2150340146706788
-0.9016193559275852,0.04230981529467467,-0.22422070418977597
2.7932154431187572,-0.626954535730179,-0.5024593347450822
0.4065518837347684,-0.626954535730179,-0.5928550683112587
-0.4622335960409932,0.04230981529467467,1.0795651561894417
-0.84170311594305,0.2653979323029592,1.2865423778847633
-0.15266635612089424,-0.40386641872189444,-0.42332559706526884
1.4051558834770232,-0.626954535730179,-0.5737622497324121
1.27533736351053,-0.626954535730179,-0.4402877677737223
-0.5720800360126412,-0.40386641872189444,-0.34250855533200647
-0.18262447611316188,-0.40386641872189444,-0.35973359818031364
1.455086083464136,-0.40386641872189444,-0.025687673513263096
1.7247091633945446,-0.626954535730179,-0.5914945896927176
-0.731856675971402,-0.40386641872189444,-0.4503091916316531
-0.532135876022951,-0.626954535730179,-0.4121373898497418
-0.731856675971402,1.6039266343526666,1.4880684615220663
1.2254071635234174,-0.1807783017136099,-0.14006011330925186
0.8059934836316703,-0.40386641872189444,-0.5128128076217756
-0.06279199614409131,0.04230981529467467,0.48174318045096465
-0.22256863610285207,-0.40386641872189444,0.1062787524852135
1.8245695633687702,-0.626954535730179,-0.590715196857011
-0.5421219160203736,0.04230981529467467,-0.3868048167933158
0.04705444382755672,-0.626954535730179,-0.47848724030719714
-0.8217310359482048,0.04230981529467467,-0.43834159158041963
-0.6020381560049088,-0.626954535730179,-0.5842494645749959
-0.3324150760745001,-0.1807783017136099,0.8397980938913184
2.0342764033146437,0.04230981529467467,-0.3802053425454101
-0.07277803614151385,0.04230981529467467,-0.392860099593805
-0.84170311594305,0.7115741663195283,0.08252341226790955
-0.5221498360255284,-0.40386641872189444,-0.3227101325882895
-0.8217310359482048,4.727160272468651,1.5436590014132299
-0.26251279609254224,-0.626954535730179,-0.4373961742353318
2.3738017632270103,-0.626954535730179,-0.555107551386655
-0.6220102359997539,0.4884860493112438,0.30116846753919296
-0.9116053959250078,2.496279102385805,1.5001052384522087
-0.9116053959250078,2.050102868369236,1.5142542160850352
-0.2525267560951197,-0.40386641872189444,-0.25269390754866444
-0.8816472759327402,3.834807804435512,4.587902852595978
1.0856026035595017,-0.40386641872189444,-0.17954627579043148
0.13692880380435965,-0.626954535730179,-0.4915247760855544
-0.7518287559662471,0.04230981529467467,-0.32278853305105293
1.2453792435182625,-0.626954535730179,-0.5607569964975456
-0.3324150760745001,0.7115741663195283,-0.30155584301795885
-0.9116053959250078,-0.626954535730179,-0.576801420612475
-0.7618147959636696,-0.40386641872189444,-0.431027289583789
1.455086083464136,-0.626954535730179,-0.49491905494401595
0.017096323835289074,-0.626954535730179,-0.5762802881246948
-0.8217310359482048,0.4884860493112438,0.3099631547444731
0.1269427638069371,0.4884860493112438,0.23267413383556282
-0.4023173560564579,1.1577504003360974,0.3872890699888015
-0.03283387615182366,-0.626954535730179,-0.15257651659982896
-0.6220102359997539,0.2653979323029592,-0.18306046123900177
-0.8117449959507823,0.4884860493112438,0.1791220059762475
-0.9016193559275852,0.04230981529467467,0.2019872703515907
-0.9116053959250078,2.9424553364023738,0.27839543900239483
-0.5021777560306834,-0.626954535730179,-0.5680989692457398
-0.8916333159301627,-0.626954535730179,-0.6047811622351468
1.5349744034435162,-0.40386641872189444,-0.3546098973491304
-0.5121637960281059,1.1577504003360974,0.9368763139600912
0.8359516036239379,-0.626954535730179,-0.33119582973444356
-0.012861796156978567,-0.1807783017136099,-0.1891710855426181
0.16688692379662728,0.04230981529467467,-0.18059315255791894
-0.6419823159945991,0.2653979323029592,0.37515544542818674
-0.6719404359868667,1.380838517344382,0.8991334088274149
-0.41230339605388044,-0.1807783017136099,0.06727682815639591
0.9058538836058958,-0.1807783017136099,-0.2193414283307374
-0.5021777560306834,0.2653979323029592,0.29826765041694797
-0.4422615160461481,0.04230981529467467,0.0283164099549236
-0.7118845959765568,0.04230981529467467,-0.29847516601055074
-0.18262447611316188,0.2653979323029592,0.8040843772066355
-0.1227082361286266,-0.40386641872189444,-0.4198852002875346
2.7932154431187572,-0.626954535730179,-0.5720097688000543
2.3238715632398974,-0.626954535730179,-0.5785354543771238
-0.5021777560306834,1.6039266343526666,0.45173886217222664
-0.6319962759971764,-0.40386641872189444,-0.23565333637744756
0.9058538836058958,-0.626954535730179,-0.5477056253434066
1.4151419234744458,-0.40386641872189444,-0.5168757963096895
-0.84170311594305,1.380838517344382,0.5476272399237669
1.2653513235131075,-0.40386641872189444,0.13472428509253848
0.17687296379404982,-0.1807783017136099,0.033546182000433696
1.8445416433636153,-0.626954535730179,-0.5831841406397994
2.243983243260517,-0.626954535730179,-0.506716018693941
-0.8616751959378951,-0.1807783017136099,0.23184862308058374
-0.9116053959250078,0.2653979323029592,0.6817981024634727
1.6647929234100094,-0.40386641872189444,-0.1993493103260757
-0.2924709160848099,0.2653979323029592,0.7832667484469947
-0.84170311594305,1.1577504003360974,5.196871529422637
0.4864402037141488,-0.626954535730179,-0.5909181157018104
-0.422289436051303,-0.40386641872189444,-0.10970068705211493
-0.8516891559404726,0.934662283327813,0.5612135789414678
0.6162587236806419,-0.40386641872189444,-0.4922396038342793
0.15690088379920475,-0.40386641872189444,-0.40175163442955775
0.6961470436600223,-0.1807783017136099,0.05299872034960633
2.3837878032244326,-0.626954535730179,-0.41905968953255557
1.3252675634976427,-0.626954535730179,-0.5944599719019443
-0.1926105161105844,-0.40386641872189444,-0.4442815795827274
-0.422289436051303,0.04230981529467467,-0.3880131062782573
0.05704048382497926,-0.1807783017136099,-0.12985882956615796
-0.7817868759585147,-0.1807783017136099,1.2685563893684586
1.035672403572389,-0.626954535730179,-0.5844431598359408
-0.9016193559275852,2.496279102385805,1.0607674922939394
-0.6220102359997539,-0.40386641872189444,-0.37174270435889245
-0.7218706359739794,0.04230981529467467,0.2345972510692293
-0.6919125159817118,-0.1807783017136099,1.4884235695004653
-0.8516891559404726,-0.1807783017136099,-0.5648015380177507
1.1954490435311496,-0.626954535730179,-0.44952057521209204
-0.84170311594305,0.4884860493112438,-0.22600546766562465
-0.8217310359482048,0.2653979323029592,0.4212087996137813
-0.9116053959250078,1.6039266343526666,1.1446144813234103
-0.8516891559404726,1.1577504003360974,1.600573125587516
-0.9016193559275852,0.04230981529467467,-0.1636079228898292
-0.532135876022951,-0.626954535730179,-0.5696116369978802
-0.7518287559662471,0.04230981529467467,-0.044268583188183996
-0.8516891559404726,1.1577504003360974,1.1826018114282313
-0.7418427159688246,-0.626954535730179,-0.6263366777031488
0.23678920377858512,-0.626954535730179,-0.351040370397433
1.2953094435053751,-0.626954535730179,-0.46942045737820864
-0.22256863610285207,-0.1807783017136099,0.2110540532805792
-0.422289436051303,-0.40386641872189444,0.31913600888778865
-0.04281991614924621,0.4884860493112438,0.7353041124035156
-0.8516891559404726,1.1577504003360974,0.4386782674342332
1.495030243453826,-0.626954535730179,-0.5031741624938071
-0.4622335960409932,0.4884860493112438,0.09697215637600762
0.13692880380435965,-0.626954535730179,-0.5909181157018104
-0.4822056760358383,0.4884860493112438,0.49798591161876604
-0.28248487608738737,-0.626954535730179,-0.4117131049924342
1.1355328035466143,-0.40386641872189444,-0.4259128123364604
-0.8217310359482048,0.2653979323029592,0.05969043043605712
0.21681712378374002,-0.40386641872189444,-0.3672185364782527
1.4850442034564035,-0.626954535730179,-0.5614718242462706
0.6961470436600223,-0.626954535730179,-0.5025331234159183
-0.7618147959636696,0.7115741663195283,1.6482175479880141
0.30669148376054295,-0.40386641872189444,-0.4328904535224011
-0.7018985559791343,-0.1807783017136099,-0.25877224930878995
-0.2525267560951197,-0.626954535730179,-0.45477801800916573
-0.7618147959636696,0.934662283327813,0.5307665286377131
-0.7718008359610922,-0.40386641872189444,-0.436487651225662
-0.7618147959636696,0.04230981529467467,0.09850327129585722
0.6761749636651772,-0.40386641872189444,-0.3749847940837545
1.495030243453826,-0.626954535730179,-0.5035154350964242
1.255365283515685,-0.626954535730179,-0.5841387815687418
-0.4822056760358383,0.934662283327813,0.35310646822396813
-0.7218706359739794,0.04230981529467467,-0.33793365774016687
0.3366496037528106,0.934662283327813,-0.23584241984646512
-0.5421219160203736,-0.626954535730179,-0.5960003104056483
0.2767333637682753,-0.40386641872189444,-0.17512817912411868
1.6647929234100094,-0.626954535730179,-0.4573744568642118
-0.8317170759456275,-0.626954535730179,-0.5846921966000127
1.8045974833739251,-0.626954535730179,-0.5157781898310021
0.7161191236548674,-0.626954535730179,-0.622739479999888
0.636230803675487,0.04230981529467467,-0.14866571704551448
1.2154211235259949,-0.626954535730179,-0.6044767839679478
-0.8716612359353176,-0.40386641872189444,-0.5708014793151127
2.7233131631367993,-0.626954535730179,-0.565829967617529
-0.13269427612604914,-0.40386641872189444,-0.3228669335138163
-0.5021777560306834,-0.626954535730179,-0.5424389589624784
-0.7418427159688246,-0.1807783017136099,-0.225581182808317
-0.6120241960023314,0.04230981529467467,0.3305317467400422
-0.7118845959765568,-0.626954535730179,-0.576390971130949
0.15690088379920475,0.934662283327813,1.0681048532502062
-0.8516891559404726,2.719367219394089,3.6094189593897315
2.263955323255362,-0.626954535730179,-0.5747768439564088
2.0143043233197986,-0.626954535730179,-0.5999111099599628
2.643424843157419,-0.626954535730179,-0.6109563516257448
0.9158399236033183,-0.626954535730179,-0.5376242481904215
0.9757561635878537,-0.40386641872189444,-0.3616889979574709
-0.49219171603326084,-0.40386641872189444,-0.48572314184106424
-0.41230339605388044,-0.626954535730179,-0.5527878200472445
-0.6719404359868667,-0.626954535730179,-0.362408437498123
-0.5521079560177962,-0.1807783017136099,-0.07085095185689681
-0.84170311594305,-0.1807783017136099,-0.5530506921870982
2.0342764033146437,-0.626954535730179,-0.5805877017847534
-0.6020381560049088,-0.1807783017136099,0.15047355452412317
-0.8317170759456275,0.934662283327813,0.8354353387281328
-0.28248487608738737,-0.40386641872189444,-0.165037578387279
-0.8317170759456275,1.1577504003360974,1.4947970659439351
1.2453792435182625,-0.626954535730179,-0.6149224926831863
-0.9116053959250078,1.1577504003360974,0.9586024657294018
-0.28248487608738737,-0.40386641872189444,-0.4212087845706576
-0.9016193559275852,3.388631570418943,0.5587831645958031
0.5563424836961066,-0.626954535730179,-0.3812199367694068
-0.8916333159301627,2.050102868369236,1.2221986569156649
0.3666077237450782,0.04230981529467467,0.03435324558770377
-0.5920521160074863,0.4884860493112438,0.02213660877239836
0.2567612837734302,-0.626954535730179,-0.5739697803691387
0.13692880380435965,0.2653979323029592,0.3419228728003684
-0.8217310359482048,0.7115741663195283,0.5523589384411334
-0.22256863610285207,0.4884860493112438,0.3035158696301672
-0.012861796156978567,1.1577504003360974,-0.1392991676412543
2.174080963278559,-0.626954535730179,-0.15602613696141765
-0.5021777560306834,-0.40386641872189444,-0.29113780505428394
2.683369003147109,-0.626954535730179,-0.5904338775494484
-0.012861796156978567,0.7115741663195283,0.04411640909770817
-0.9215914359224304,2.050102868369236,2.0542074267202834
-0.7118845959765568,-0.40386641872189444,-0.42018035497087913
-0.8916333159301627,-0.1807783017136099,0.24715977227907904
-0.8217310359482048,0.4884860493112438,-0.16119595571187345
0.05704048382497926,-0.626954535730179,-0.4675434580638148
-0.3623731960667677,-0.40386641872189444,-0.2712702054316581
-0.9215914359224304,0.4884860493112438,1.3200424344443629
1.2453792435182625,-0.626954535730179,-0.5239548969180299
-0.7518287559662471,-0.626954535730179,-0.49772302443578864
-0.6919125159817118,1.380838517344382,1.4205933338343604
-0.43227547604872557,-0.40386641872189444,-0.47869477094392376
-0.8616751959378951,0.2653979323029592,-0.0817486161810066
2.094192643299179,-0.626954535730179,-0.42933937373841274
-0.8317170759456275,0.4884860493112438,0.3907017960149722
-0.7118845959765568,0.4884860493112438,-0.013152823054976878
0.05704048382497926,-0.626954535730179,-0.6051869999247455
2.7233131631367993,-0.626954535730179,-0.6172053296871788
2.1241507632914467,-0.626954535730179,-0.5854300833083739
2.263955323255362,-0.626954535730179,0.5810488960206027
-0.8516891559404726,0.2653979323029592,0.44105334027677073
-0.9215914359224304,0.04230981529467467,0.1436896085991273
1.1155607235517693,-0.40386641872189444,0.0869322853503678
-0.3923313160590354,0.04230981529467467,0.008707070680224244
-0.9215914359224304,0.04230981529467467,-0.18252088158351265
-0.7418427159688246,0.2653979323029592,-0.10980214647451461
-0.84170311594305,-0.40386641872189444,-0.47315600883928727
-0.7418427159688246,0.04230981529467467,-0.23774708991242255
0.8758957636136281,-0.1807783017136099,-0.4233947739441777
-0.3324150760745001,-0.40386641872189444,-0.34930633663278415
-0.8217310359482048,-0.40386641872189444,-0.5267911489532934
0.965770123590431,-0.626954535730179,-0.5909503982453012
-0.8816472759327402,1.1577504003360974,0.7438820453882147
2.174080963278559,-0.626954535730179,-0.5938512153675463
0.6162587236806419,-0.626954535730179,0.2013508430656292
0.16688692379662728,-0.1807783017136099,-0.4459510482603947
0.5463564436986841,-0.1807783017136099,0.3234480343397745
-0.2724988360899648,1.6039266343526666,0.26483215894433015
0.04705444382755672,-0.1807783017136099,-0.40200989477748417
1.5349744034435162,-0.1807783017136099,-0.16735269793476232
-0.6419823159945991,0.7115741663195283,0.4017239787211179
-0.7518287559662471,0.04230981529467467,-0.3712769133742394
-0.8117449959507823,-0.40386641872189444,-0.433568386935708
0.106970683812092,0.934662283327813,0.20815323615833417
-0.1926105161105844,-0.40386641872189444,-0.5381868868055469
-0.47221963603841577,-0.626954535730179,-0.3936902221407114
-0.2125825961054295,-0.1807783017136099,-0.21927686324375578
1.6348348034177418,-0.626954535730179,-0.5572520346328299
-0.731856675971402,0.04230981529467467,-0.042299348035245
1.6048766834254742,-0.40386641872189444,-0.5004116991293798
-0.8217310359482048,-0.626954535730179,-0.5175675650987781
0.7161191236548674,-0.40386641872189444,-0.3527144508670275
-0.7518287559662471,0.4884860493112438,0.2866182640086951
1.8844858033533054,-0.626954535730179,-0.5830319515061999
-0.43227547604872557,-0.626954535730179,-0.4977968131066247
-0.5421219160203736,-0.626954535730179,-0.5711796462531479
-0.6619543959894442,0.4884860493112438,-0.10876449329088166
-0.2525267560951197,-0.626954535730179,-0.1554358275947287
1.1355328035466143,-0.626954535730179,-0.4325584045036386
0.8159795236290929,-0.40386641872189444,-0.48902979665290797
-0.8616751959378951,0.2653979323029592,0.45284108044284116
-0.6719404359868667,-0.626954535730179,-0.5818974506920945
-0.422289436051303,-0.40386641872189444,-0.5891656347694526
2.184067003275982,-0.40386641872189444,-0.39777165799633435
2.154108883283714,-0.626954535730179,-0.42702886598285666
-0.5021777560306834,0.2653979323029592,0.256415638677085
-0.6719404359868667,-0.1807783017136099,-0.2734239122616874
-0.052805956146668755,-0.1807783017136099,-0.4816878239047138
0.9058538836058958,-0.40386641872189444,-0.5304067938242633
-0.731856675971402,1.6039266343526666,0.4729254342860481
-0.9016193559275852,0.4884860493112438,0.9878181675885789
-0.4622335960409932,0.04230981529467467,-0.3357661155343558
-0.7618147959636696,0.934662283327813,2.055987578404205
-0.7618147959636696,0.2653979323029592,0.2579513653888619
-0.6919125159817118,0.4884860493112438,-0.01542182468318755
-0.7118845959765568,-0.40386641872189444,-0.5226405362187615
-0.8217310359482048,0.2653979323029592,-0.03989660444114377
0.945798043595586,-0.40386641872189444,-0.5193062106553542
0.07701256381982435,-0.1807783017136099,-0.4361509904149723
-0.3224290360770775,-0.1807783017136099,-0.18959998219185306
-0.7518287559662471,0.4884860493112438,0.31155883475130425
-0.6020381560049088,-0.40386641872189444,-0.493862954592674
-0.2924709160848099,-0.626954535730179,-0.5658438029933107
-0.9116053959250078,-0.40386641872189444,-0.5214645292773107
-0.6919125159817118,0.04230981529467467,-0.19682204834993852
0.14691484380178219,-0.626954535730179,-0.5350739272546481
-0.6120241960023314,1.1577504003360974,0.2040764120946384
-0.731856675971402,1.1577504003360974,1.2980257397836346
-0.5620939960152187,-0.626954535730179,-0.47828893325432503
-0.3324150760745001,-0.1807783017136099,-0.3794167261258491
-0.6719404359868667,0.4884860493112438,0.6736859604634265
1.4251279634718683,0.04230981529467467,-0.21604860889467548
-0.6819264759842892,0.7115741663195283,0.2529106768123693
-0.9016193559275852,3.1655434534106583,1.3809226996760902
-0.3324150760745001,-0.1807783017136099,0.6703331877323103
1.6647929234100094,-0.626954535730179,-0.5674210358324329
-0.3523871560693452,-0.626954535730179,-0.48228274506333013
-0.28248487608738737,-0.40386641872189444,-0.46720679725312503
-0.7718008359610922,-0.40386641872189444,-0.39838502632265965
-0.8317170759456275,-0.1807783017136099,-0.20691264908677817
-0.34240111607192264,0.934662283327813,0.023995160919083162
0.9258259636007409,-0.626954535730179,-0.598642867179967
-0.6419823159945991,2.719367219394089,0.9955752016102261
-0.6919125159817118,-0.40386641872189444,0.27808183715134127
-0.8816472759327402,0.2653979323029592,0.5407833407037166
-0.8916333159301627,0.934662283327813,1.1868123774578174
0.5763145636909517,-0.40386641872189444,-0.3452018418175249
2.174080963278559,-0.626954535730179,-0.5128681491249026
-0.8217310359482048,-0.40386641872189444,-0.29697633363419207
-0.7518287559662471,-0.40386641872189444,-0.5603742177675832
0.5863006036883742,-0.626954535730179,-0.5705247717994772
-0.7418427159688246,0.2653979323029592,-0.24998217389543698
-0.8317170759456275,0.04230981529467467,0.40499373919754345
-0.3623731960667677,-0.40386641872189444,-0.5021226739343924
-0.0827640761389364,-0.626954535730179,-0.28267516686776617
-0.8616751959378951,4.057895921443797,0.38575334327702476
-0.1726384361157393,-0.1807783017136099,-0.14783559449860814
-0.8916333159301627,3.1655434534106583,1.6627585279346577
0.02708236383271162,0.04230981529467467,0.7138131620224949
0.17687296379404982,-0.626954535730179,0.014148985154388205
-0.3623731960667677,-0.40386641872189444,0.059510570550894024
-0.9215914359224304,-0.626954535730179,-0.5413920821949909
1.8744997633558829,-0.40386641872189444,-0.5460868863769391
-0.9016193559275852,0.7115741663195283,0.6471358743382044
0.8659097236162056,1.1577504003360974,0.10999124498665586
2.7832294031213345,-0.626954535730179,-0.6299338754064098
-0.8017589559533598,0.04230981529467467,-0.24977925505063764
-0.9016193559275852,-0.626954535730179,-0.5684909715595567
-0.7618147959636696,-0.626954535730179,-0.5823401827171113
-0.5221498360255284,-0.626954535730179,-0.5936344611469652
-0.8716612359353176,0.2653979323029592,-0.19109420277628453
0.7560632836445575,0.04230981529467467,-0.169833841991627
-0.43227547604872557,-0.626954535730179,-0.573831426611321
1.8345556033661927,-0.626954535730179,-0.5367941256435151
-0.7418427159688246,1.1577504003360974,0.0825372476436913
2.7832294031213345,-0.626954535730179,-0.6279277459180528
-0.7817868759585147,0.04230981529467467,-0.03740623680042462
-0.5820660760100638,-0.1807783017136099,-0.3889493000394906
-0.7118845959765568,-0.1807783017136099,-0.3616428800381983
-0.8616751959378951,-0.40386641872189444,-0.478699382735851
-0.731856675971402,0.4884860493112438,0.15646888402955805
-0.8217310359482048,-0.40386641872189444,-0.24676775492213843
-0.49219171603326084,-0.626954535730179,-0.5438916734195646
2.1241507632914467,-0.626954535730179,-0.46486400695407815
-0.8217310359482048,-0.626954535730179,-0.5475857187532979
1.8145835233713477,-0.626954535730179,-0.3418813516298994
-0.7718008359610922,1.8270147513609512,6.281343624701119
-0.8916333159301627,0.04230981529467467,0.1770144170654908
-0.2125825961054295,0.04230981529467467,-0.36883266365279294
1.495030243453826,-0.1807783017136099,-0.4589839722468247
-0.84170311594305,-0.1807783017136099,-0.3910246064067565
1.5249883634460937,-0.626954535730179,-0.46435209805015254
1.1255467635491918,-0.40386641872189444,-0.4558940716555621
-0.9215914359224304,0.2653979323029592,0.1784948022741404
0.9158399236033183,-0.626954535730179,-0.4984147932248772
-0.6120241960023314,0.2653979323029592,-0.2394903472609259
-0.3623731960667677,-0.40386641872189444,-0.5421022981517887
1.0256863635749665,-0.40386641872189444,-0.23136898167702527
-0.6919125159817118,0.04230981529467467,0.6410160264507335
-0.022847836154401117,-0.40386641872189444,-0.3363656484848993
-0.8916333159301627,-0.40386641872189444,-0.20571358318569116
-0.422289436051303,-0.1807783017136099,-0.1818613953379148
1.694751043402277,-0.626954535730179,-0.5934269305102386
1.7247091633945446,-0.626954535730179,-0.4871989152577867
-0.5720800360126412,-0.40386641872189444,-0.3650094881450963
-0.422289436051303,-0.626954535730179,-0.4416805289357541
-0.41230339605388044,0.4884860493112438,0.730125070069205
-0.6919125159817118,0.4884860493112438,0.32562018833751283
-0.7118845959765568,-0.626954535730179,-0.5953177652004141
-0.34240111607192264,-0.626954535730179,-0.6019310748241016
0.7660493236419801,-0.40386641872189444,-0.3262888831238414
-0.2525267560951197,-0.40386641872189444,-0.26313039268004845
0.636230803675487,-0.40386641872189444,-0.370894134644277
1.0756165635620791,-0.626954535730179,-0.5374028821779131
-0.8816472759327402,0.04230981529467467,0.0005857050963235306
-0.26251279609254224,-0.40386641872189444,-0.3447637215844354
-0.16265239611831678,-0.626954535730179,-0.5936021786034743
-0.9215914359224304,0.7115741663195283,0.23768253986856466
-0.8516891559404726,0.04230981529467467,0.24484465273159572
0.7560632836445575,-0.40386641872189444,-0.512033414786069
-0.7518287559662471,0.04230981529467467,-0.25507820397505665
-0.8816472759327402,-0.40386641872189444,-0.5322791813467299
-0.84170311594305,1.1577504003360974,0.5204914562237831
-0.06279199614409131,-0.40386641872189444,-0.5144822762994428
-0.6619543959894442,-0.626954535730179,-0.5964753249741558
-0.6419823159945991,0.04230981529467467,-0.3043552007178042
-0.731856675971402,-0.40386641872189444,-0.3528389692490635
-0.3224290360770775,0.2653979323029592,0.200327025257778
-0.6919125159817118,-0.626954535730179,-0.563270423097901
-0.8217310359482048,4.727160272468651,3.583117910028582
1.4850442034564035,-0.1807783017136099,-0.06552433218091429
1.8645137233584603,-0.40386641872189444,-0.46508076117465924
1.4151419234744458,-0.40386641872189444,-0.2932038878376953
-0.9016193559275852,0.2653979323029592,0.15453193142010993
-0.7718008359610922,-0.626954535730179,-0.37123079545496684
-0.6220102359997539,0.4884860493112438,0.5289356472425918
-0.22256863610285207,-0.1807783017136099,-0.41615426061838323
0.945798043595586,-0.40386641872189444,-0.6222783008071622
-0.6719404359868667,0.2653979323029592,-0.09214820697697249
0.13692880380435965,-0.626954535730179,-0.35646383770388795
-0.8516891559404726,3.834807804435512,1.9267052153073925
1.1555048835414594,-0.626954535730179,-0.5942386058894359
-0.49219171603326084,-0.40386641872189444,-0.48251794645162027
-0.6220102359997539,0.2653979323029592,0.3288253837269568
0.4365100037270361,0.04230981529467467,-0.3734490673719778
1.714723123397122,-0.626954535730179,-0.5665217364066176
-0.8916333159301627,0.7115741663195283,0.3125088638883193
1.2453792435182625,-0.40386641872189444,-0.559276611288896
-0.9116053959250078,0.2653979323029592,-0.0848800228996145
1.205435083528572,-0.626954535730179,-0.5959311335267395
-0.6120241960023314,-0.1807783017136099,0.3660748271234165
-0.8217310359482048,1.1577504003360974,0.5187205281237163
-0.9215914359224304,2.9424553364023738,0.853398268284801
-0.7817868759585147,-0.626954535730179,-0.4995262350793463
-0.731856675971402,0.7115741663195283,0.0278091128429252
1.055644483567234,-0.626954535730179,-0.5637085433309905
-0.9016193559275852,-0.1807783017136099,-0.12680121151838622
-0.7817868759585147,2.050102868369236,1.623221635742278
-0.7917729159559372,0.04230981529467467,-0.3697919163736625
-0.8317170759456275,1.6039266343526666,0.6633140404190241
-0.6419823159945991,-0.1807783017136099,-0.22332601655588796
-0.84170311594305,1.6039266343526666,0.5814916280456195
-0.6919125159817118,-0.626954535730179,-0.5723833239461621
-0.6819264759842892,0.04230981529467467,-0.24624201064243106
-0.5021777560306834,-0.40386641872189444,-0.5044424052738029
-0.9116053959250078,0.2653979323029592,0.08325207539241622
-0.8716612359353176,-0.1807783017136099,-0.34012425890561426
0.5363704037012615,-0.626954535730179,-0.5630536688773199
-0.8317170759456275,0.4884860493112438,-0.12943454470885024
-0.6819264759842892,-0.626954535730179,-0.34391976366174726
1.8045974833739251,-0.626954535730179,-0.5223961112466169
2.8032014831161796,-0.626954535730179,-0.5016845537013029
-0.9215914359224304,0.934662283327813,0.2288601819117208
-0.4622335960409932,-0.1807783017136099,-0.471002302009258
-0.8516891559404726,0.934662283327813,0.6000725377205404
-0.7718008359610922,1.8270147513609512,3.7745626165128994
-0.8916333159301627,6.065688974518357,2.1441927108049343
-0.8916333159301627,-0.1807783017136099,-0.10919338994011664
-0.5021777560306834,0.7115741663195283,-0.040062628950525
-0.8916333159301627,0.7115741663195283,1.1533907213609815
1.035672403572389,-0.1807783017136099,0.021624699868472808
-0.8117449959507823,0.4884860493112438,-0.000451948087309432
-0.7718008359610922,0.7115741663195283,-0.13897173041441901
0.19684504378889492,0.2653979323029592,-0.08350109711336447
1.5549464834383613,-0.626954535730179,-0.49490060777630696
-0.6419823159945991,0.2653979323029592,0.006654823272594585
-0.49219171603326084,-0.626954535730179,-0.4665657581752362
-0.06279199614409131,-0.626954535730179,-0.3865465564453894
-0.4822056760358383,-0.40386641872189444,-0.35200423491022986
-0.8317170759456275,1.6039266343526666,1.6643772669011248
-0.7817868759585147,-0.626954535730179,-0.3054666425722733
-0.18262447611316188,-0.626954535730179,-0.4523337682877192
0.5163983237064165,0.04230981529467467,0.038157973927691304
-0.8816472759327402,-0.1807783017136099,0.10360391316740411
2.0342764033146437,-0.626954535730179,-0.6051224348377638
-0.34240111607192264,-0.40386641872189444,-0.5282438634103794
1.7047370833996995,-0.626954535730179,-0.507666047830956
-0.4622335960409932,-0.626954535730179,-0.5179134494933224
-0.6419823159945991,-0.1807783017136099,-0.5290693741653586
-0.8516891559404726,0.4884860493112438,0.49440716108321403
-0.7618147959636696,-0.40386641872189444,-0.5574365063099203
-0.9016193559275852,0.934662283327813,4.1570738625435
1.385183803482178,-0.40386641872189444,-0.24207295074019014
0.18685900379147238,-0.626954535730179,-0.5820358044499123
-0.3523871560693452,-0.1807783017136099,-0.17959239370970406
-0.422289436051303,1.6039266343526666,0.5243515260668978
0.3366496037528106,-0.40386641872189444,-0.309202194033352
1.8744997633558829,-0.1807783017136099,-0.4681752735578491
-0.38234527606161284,-0.40386641872189444,-0.439798917829433
2.263955323255362,-0.626954535730179,-0.553977662364477
-0.6719404359868667,-0.40386641872189444,-0.5125222647303583
-0.8317170759456275,-0.40386641872189444,-0.6105643493119278
-0.8616751959378951,-0.40386641872189444,-0.33291602812331056
-0.6419823159945991,-0.626954535730179,-0.5551121631785823
-0.7618147959636696,0.04230981529467467,-0.3026534494966462
-0.2924709160848099,-0.626954535730179,-0.643400307834002
-0.7218706359739794,-0.626954535730179,-0.5406541954866297
-0.9016193559275852,0.7115741663195283,-0.03754459055824232
0.7261051636522899,-0.626954535730179,-0.5856376139451005
-0.9215914359224304,2.9424553364023738,3.0311509814228272
-0.4023173560564579,-0.1807783017136099,-0.566134345884728
-0.422289436051303,-0.626954535730179,-0.5735316601360492
-0.45224755604357064,1.8270147513609512,1.3514717964286231
-0.3224290360770775,-0.626954535730179,-0.5589399504782062
0.6861610036625997,-0.1807783017136099,-0.2563095524196344
-0.84170311594305,-0.626954535730179,-0.48333884541467215
-0.7817868759585147,0.04230981529467467,-0.39427130792354587
-0.18262447611316188,-0.626954535730179,-0.5570721747476668
-0.532135876022951,0.934662283327813,0.6075021345153525
-0.5221498360255284,1.6039266343526666,0.3154511871379097
2.7632573231264894,-0.40386641872189444,-0.5757545438449875
-0.5620939960152187,-0.40386641872189444,-0.2872316172918967
1.035672403572389,-0.626954535730179,-0.5208880552864036
1.0656305235646566,-0.40386641872189444,-0.18031183325035624
-0.1926105161105844,-0.1807783017136099,-0.3428959458538961
-0.2924709160848099,-0.40386641872189444,-0.520786595864004
-0.7218706359739794,0.04230981529467467,-0.4123080261510504
2.733299203134222,-0.626954535730179,-0.6237540742238846
0.8659097236162056,-0.1807783017136099,-0.49802279091106033
-0.8317170759456275,0.04230981529467467,-0.12618323140013363
-0.8916333159301627,1.8270147513609512,0.3780239800069411
1.035672403572389,-0.1807783017136099,0.340553170597973
-0.6419823159945991,0.04230981529467467,-0.3245640729430471
-0.4023173560564579,-0.626954535730179,-0.5595440952206769
-0.7518287559662471,0.4884860493112438,0.14710694641722513
-0.8317170759456275,-0.1807783017136099,-0.5990118105341475
-0.03283387615182366,0.04230981529467467,0.11445545957224125
1.7446812433893897,-0.626954535730179,-0.6172745065660877
-0.4023173560564579,0.4884860493112438,0.8736763173889529
-0.49219171603326084,0.04230981529467467,0.6564286350716285
-0.2924709160848099,0.04230981529467467,0.8248143819196584
0.5563424836961066,-0.626954535730179,-0.5035707765995512
-0.7118845959765568,4.727160272468651,3.011140416250456
2.184067003275982,-0.626954535730179,-0.4960304967984851
-0.7018985559791343,-0.40386641872189444,-0.4104356386285838
-0.3523871560693452,0.4884860493112438,0.6619627853843376
-0.6919125159817118,-0.40386641872189444,-0.4268305589299846
-0.15266635612089424,0.7115741663195283,0.6173852046154656
0.2567612837734302,-0.40386641872189444,-0.3484992730455141
-0.5720800360126412,-0.1807783017136099,-0.05109403524052524
-0.3324150760745001,-0.40386641872189444,-0.1052410842584569
-0.8017589559533598,0.04230981529467467,-0.02194289846832986
-0.7418427159688246,-0.626954535730179,-0.5677115787238501
-0.41230339605388044,-0.626954535730179,-0.5882478881759283
-0.6719404359868667,-0.40386641872189444,-0.2583156819079915
-0.6419823159945991,-0.626954535730179,-0.5232354573773778
-0.8616751959378951,-0.40386641872189444,-0.6221860649686171
-0.8217310359482048,1.6039266343526666,5.973229806041038
0.9258259636007409,-0.1807783017136099,-0.31869326181964813
-0.9016193559275852,0.934662283327813,0.7158746330139791
-0.84170311594305,-0.40386641872189444,-0.3135418902369014
1.6847650034048545,-0.626954535730179,-0.49533872800939643
-0.9016193559275852,0.04230981529467467,-0.4150797130993322
1.165490923538882,-0.626954535730179,-0.40659401595317823
0.14691484380178219,-0.40386641872189444,0.029515475856010536
-0.8017589559533598,1.1577504003360974,0.034482375761666975
-0.16265239611831678,-0.1807783017136099,-0.3277738801244184
-0.731856675971402,-0.626954535730179,-0.5284744530067423
-0.6619543959894442,-0.40386641872189444,-0.37430224887852037
-0.7418427159688246,0.4884860493112438,-0.29503015744088934
0.38657980373992334,-0.626954535730179,-0.2933099590520223
1.5948906434280516,-0.626954535730179,-0.47802144932254415
-0.14268031612347168,-0.626954535730179,0.2124560380264655
1.1355328035466143,-0.626954535730179,-0.4759922608745507
2.4237319632141228,-0.626954535730179,-0.5835853665374708
1.6048766834254742,-0.626954535730179,-0.5883124532629098
0.5463564436986841,-0.40386641872189444,-0.3905910979655943
-0.8317170759456275,-0.40386641872189444,-0.07538895511331836
-0.0827640761389364,-0.626954535730179,-0.3438413631989839
-0.8516891559404726,3.6117196874272275,4.49068166697746
1.1155607235517693,-0.40386641872189444,-0.43007264865484673
-0.8516891559404726,0.04230981529467467,-0.016113593472276193
-0.7018985559791343,0.4884860493112438,-0.060880257710165905
-0.8217310359482048,1.1577504003360974,0.009209756000295286
-0.6719404359868667,-0.626954535730179,-0.49284374857675
-0.7218706359739794,0.2653979323029592,0.6428884139732002
-0.9116053959250078,-0.40386641872189444,-0.17334802744019723
0.6462168436729095,-0.40386641872189444,-0.36210405923092404
-0.9016193559275852,0.7115741663195283,0.9683748528232604
-0.1926105161105844,-0.626954535730179,-0.5181440390896853
-0.9016193559275852,0.04230981529467467,-0.4459464364684674
-0.7618147959636696,-0.40386641872189444,-0.24602525642184994
-0.5720800360126412,0.04230981529467467,-0.08019444230152073
-0.022847836154401117,-0.40386641872189444,-0.5044562406495847
-0.22256863610285207,0.04230981529467467,-0.061032446843765374
0.22680316378116255,-0.40386641872189444,0.09630805833848259
1.1954490435311496,-0.40386641872189444,-0.1953324395574343
-0.6319962759971764,-0.40386641872189444,-0.03931551865830932
-0.422289436051303,-0.626954535730179,-0.30079028555803405
1.5249883634460937,-0.626954535730179,-0.5032710101242795
-0.6120241960023314,-0.626954535730179,-0.5430108211614584
0.15690088379920475,-0.1807783017136099,0.44348836641436284
-0.8816472759327402,0.04230981529467467,-0.24748719446279058
2.7233131631367993,-0.626954535730179,-0.5016661065335939
-0.11272219613120404,-0.40386641872189444,0.22580256386394906
2.0342764033146437,-0.626954535730179,0.17681149822069145
-0.5920521160074863,0.934662283327813,3.1063646959644715
-0.3623731960667677,-0.1807783017136099,0.10171769026915578
-0.6319962759971764,1.8270147513609512,2.0748129130512707
-0.7917729159559372,-0.626954535730179,-0.5997266382828724
-0.2125825961054295,-0.40386641872189444,-0.5121394860003959
-0.7018985559791343,0.4884860493112438,-0.13805398382089473
-0.7418427159688246,-0.626954535730179,-0.4750699024890992
-0.14268031612347168,-0.626954535730179,-0.5025146762482092
-0.3324150760745001,1.6039266343526666,3.0890566408614735
-0.6819264759842892,-0.626954535730179,-0.5145145588429335
-0.8117449959507823,-0.626954535730179,-0.510280933853711
1.5948906434280516,-0.626954535730179,-0.619285247846372
0.5363704037012615,-0.1807783017136099,-0.4231734079316693
-0.2924709160848099,0.04230981529467467,-0.32554638462355295
-0.8516891559404726,-0.40386641872189444,-0.5442144988544726
-0.8217310359482048,1.1577504003360974,2.6026002165824136
1.7746393633816573,-0.626954535730179,-0.5878282151105478
-0.8317170759456275,0.2653979323029592,0.03275295378894537
1.5349744034435162,-0.626954535730179,-0.5511598574969225
0.02708236383271162,-0.40386641872189444,-0.37135531383700277
-0.7817868759585147,-0.626954535730179,-0.561854602976233
-0.43227547604872557,-0.626954535730179,-0.43236470924269377
-0.6319962759971764,-0.626954535730179,-0.5781941817745068
-0.2525267560951197,0.04230981529467467,0.08796532674207351
-0.5820660760100638,-0.1807783017136099,-0.13989408879987053
0.34663564375023315,-0.626954535730179,-0.5933300828797662
0.13692880380435965,-0.1807783017136099,-0.040062628950525
-0.5620939960152187,-0.626954535730179,-0.6047811622351468
-0.3623731960667677,-0.626954535730179,-0.5171571156172522
-0.3623731960667677,0.4884860493112438,-0.28891030955341845
-0.2125825961054295,0.2653979323029592,0.23983624669859388
1.5249883634460937,-0.626954535730179,-0.599163999667747
-0.7418427159688246,-0.40386641872189444,-0.5529307855969894
1.0456584435698115,-0.40386641872189444,-0.5115906827610522
-0.7718008359610922,-0.40386641872189444,-0.4957307303232134
1.185463003533727,-0.626954535730179,-0.49197673169442563
-0.5421219160203736,-0.40386641872189444,-0.5392752697003796
-0.47221963603841577,-0.1807783017136099,-0.39436354376209104
0.7660493236419801,-0.40386641872189444,-0.4549302071427652
-0.45224755604357064,-0.626954535730179,-0.4200420012130614
0.22680316378116255,0.04230981529467467,0.11088593262054386
0.5363704037012615,-0.626954535730179,-0.08344575561023732
-0.7718008359610922,5.3964246234935045,2.2562500310534395
-0.422289436051303,-0.626954535730179,-0.4270011952312931
0.6562028836703321,-0.626954535730179,-0.5738959916983025
-0.8117449959507823,-0.1807783017136099,-0.06543670813429638
-0.5720800360126412,-0.626954535730179,-0.503782919028205
-0.3923313160590354,-0.40386641872189444,-0.4594635986072595
-0.5021777560306834,-0.40386641872189444,-0.5274275762392548
0.7960074436342478,-0.626954535730179,-0.5678407088978134
-0.5920521160074863,-0.626954535730179,-0.5883447358064007
-0.5421219160203736,-0.1807783017136099,-0.4174178916064518
1.7346952033919671,-0.626954535730179,-0.5296689071159021
-0.84170311594305,1.1577504003360974,0.2169617587393962
-0.8117449959507823,0.04230981529467467,-0.2531550867413902
-0.9016193559275852,1.6039266343526666,2.444337353014714
-0.8317170759456275,1.380838517344382,0.10842784752331558
-0.6020381560049088,-0.626954535730179,-0.47933119822988524
-0.13269427612604914,-0.1807783017136099,-0.4321802375656034
-0.6220102359997539,0.04230981529467467,-0.15457342250433148
-0.8516891559404726,0.04230981529467467,-0.35704031169479516
-0.2125825961054295,-0.40386641872189444,-0.4072396668229943
-0.8916333159301627,0.04230981529467467,-0.34502198193236183
1.6248487634203193,-0.1807783017136099,1.6407741158174207
-0.8816472759327402,1.380838517344382,0.5315366978895651
-0.7718008359610922,0.934662283327813,1.3248940395518376
-0.03283387615182366,-0.626954535730179,-0.5297058014513202
-0.2125825961054295,-0.1807783017136099,-0.4481554848016238
-0.34240111607192264,0.4884860493112438,-0.33001059920913833
0.7660493236419801,-0.626954535730179,-0.5632796466817556
1.055644483567234,-0.626954535730179,-0.583571531161689
-0.6220102359997539,-0.626954535730179,-0.39860639233516804
-0.7418427159688246,2.9424553364023738,2.8747189992502484
0.5863006036883742,-0.40386641872189444,-0.30698853390826836
-0.84170311594305,2.496279102385805,1.6925968217040144
1.7646533233842348,-0.626954535730179,-0.48778922462447566
-0.28248487608738737,0.04230981529467467,-0.4705503464003868
1.8045974833739251,-0.626954535730179,-0.5903785360463213
-0.6819264759842892,-0.1807783017136099,0.15512685257872616
-0.7018985559791343,-0.1807783017136099,-0.008282770779792864
2.25396928325794,-0.626954535730179,-0.5504588651239793
-0.8816472759327402,-0.1807783017136099,-0.3262243180368598
-0.8117449959507823,-0.40386641872189444,-0.5069373847064492
1.8145835233713477,-0.40386641872189444,0.04066678873611947
-0.6819264759842892,1.6039266343526666,0.32338808104472005
-0.5221498360255284,1.1577504003360974,-0.029330989135796546
-0.8516891559404726,0.04230981529467467,-0.5111341153602538
-0.22256863610285207,0.04230981529467467,-0.19067914150283136
1.1954490435311496,-0.626954535730179,-0.47525437416618954
-0.5521079560177962,0.04230981529467467,0.8102042250941064
-0.4023173560564579,-0.626954535730179,-0.23415450400108884
-0.15266635612089424,-0.1807783017136099,0.15838738947129727
-0.47221963603841577,-0.40386641872189444,-0.39106150074217455
0.855923683618783,-0.626954535730179,-0.134567469123888
2.7932154431187572,-0.626954535730179,-0.5972823885614259
0.007110283837866526,-0.40386641872189444,-0.1933493690287135
-0.8317170759456275,-0.1807783017136099,-0.16506063734691528
0.11695672380951455,-0.626954535730179,-0.30698392211634107
-0.15266635612089424,-0.626954535730179,-0.28975426747610666
0.7960074436342478,-0.626954535730179,-0.24002992691641503
-0.8616751959378951,6.288777091526642,3.847059985609389
1.1954490435311496,0.04230981529467467,-0.23322292203178283
-0.7118845959765568,0.2653979323029592,-0.4134563623409376
1.6348348034177418,-0.626954535730179,-0.6055836140304897
1.8844858033533054,-0.626954535730179,-0.5047052774136566
-0.7218706359739794,-0.40386641872189444,-0.11125947272352806
-0.8317170759456275,0.4884860493112438,0.47018141808932995
2.1441228432862918,-0.626954535730179,-0.47040276905871453
-0.2525267560951197,-0.626954535730179,-0.4245661690937011
1.2154211235259949,-0.40386641872189444,-0.4351271726071211
-0.7518287559662471,0.4884860493112438,1.473790353715277
0.106970683812092,0.04230981529467467,-0.014167417278973573
-0.5021777560306834,-0.626954535730179,-0.545081515736797
-0.8916333159301627,-0.626954535730179,-0.531850284697495
-0.09275011613635895,-0.626954535730179,-0.4569547837988313
2.4037598832192777,-0.1807783017136099,-0.242266646001135
-0.84170311594305,-0.40386641872189444,-0.49982138976269086
-0.6220102359997539,-0.40386641872189444,-0.3218846218333104
1.035672403572389,-0.40386641872189444,-0.18805964368814904
-0.7518287559662471,0.7115741663195283,0.41395906270413224
-0.7518287559662471,0.2653979323029592,0.00977700640734798
2.174080963278559,0.4884860493112438,-0.4989128667530211
0.4864402037141488,-0.1807783017136099,-0.11163763966156315
1.5249883634460937,-0.626954535730179,-0.4226107693165439
-0.6919125159817118,0.04230981529467467,-0.18687902495477107
-0.6419823159945991,-0.1807783017136099,0.07662954218487433
-0.8317170759456275,-0.1807783017136099,0.9720366156135032
-0.6319962759971764,1.380838517344382,0.6268532134421254
-0.7518287559662471,-0.626954535730179,-0.4894079635909432
-0.7518287559662471,0.04230981529467467,-0.022399465869128367
-0.7817868759585147,0.2653979323029592,0.06938902885907987
0.4065518837347684,-0.626954535730179,-0.5333629524496355
1.5249883634460937,-0.626954535730179,-0.5234014818867591
0.4065518837347684,-0.626954535730179,-0.48077930089504417
-0.43227547604872557,-0.40386641872189444,-0.43516867873446635
0.20683108378631748,-0.1807783017136099,0.10720572266259228
-0.8616751959378951,-0.40386641872189444,0.368016391524792
-0.7018985559791343,-0.40386641872189444,-0.5613150233207438
-0.6819264759842892,2.496279102385805,4.670435480926181
-0.2724988360899648,-0.626954535730179,-0.4587764416100981
-0.3324150760745001,0.04230981529467467,0.03213497367069289
-0.43227547604872557,1.6039266343526666,0.9436095301738873
0.7660493236419801,-0.626954535730179,-0.4940197555182008
-0.7518287559662471,0.2653979323029592,-0.1952586508865982
0.34663564375023315,-0.1807783017136099,-0.1931879563112595
-0.7817868759585147,0.934662283327813,-0.00614751111747254
1.455086083464136,-0.626954535730179,-0.5821326520803847
-0.9016193559275852,0.04230981529467467,-0.05286035154866487
1.4650721234615585,-0.40386641872189444,-0.5637269904986996
-0.41230339605388044,0.7115741663195283,0.4394714956457214
-0.47221963603841577,-0.626954535730179,-0.41625110824885564
1.3252675634976427,-0.626954535730179,-0.526606677276203
-0.8516891559404726,2.9424553364023738,2.3885023881514065
-0.8916333159301627,0.04230981529467467,-0.09527500190365314
0.7161191236548674,-0.40386641872189444,-0.03420104141098056
1.4650721234615585,-0.626954535730179,-0.35871439216438966
-0.8217310359482048,-0.626954535730179,-0.5073109398525572
0.4065518837347684,-0.626954535730179,-0.40607749525732534
-0.7618147959636696,1.380838517344382,1.7939916790167
-0.8317170759456275,2.050102868369236,1.5423538642978156
-0.6220102359997539,-0.626954535730179,-0.4944163696239449
-0.18262447611316188,-0.626954535730179,-0.5289909737025952
-0.9215914359224304,-0.1807783017136099,-0.20284043681500968
-0.8916333159301627,-0.1807783017136099,0.2466155808316626
-0.4822056760358383,-0.626954535730179,-0.4611422908687813
-0.9116053959250078,5.842600857510073,7.950586324563938
2.6334388031599967,-0.626954535730179,-0.5733195177073953
-0.7518287559662471,-0.40386641872189444,-0.5058443900196893
-0.24254071609769715,-0.1807783017136099,-0.2659804800910936
2.7932154431187572,-0.626954535730179,-0.42131946757691174
2.273941363252785,-0.626954535730179,-0.5730243630240509
-0.6719404359868667,-0.626954535730179,-0.5971163640520447
2.3738017632270103,-0.626954535730179,-0.05156904980903276
-0.84170311594305,0.2653979323029592,0.10271844911737062
2.29391344324763,-0.626954535730179,-0.5836545434163797
-0.2125825961054295,-0.626954535730179,-0.5428909145713496
1.6647929234100094,-0.626954535730179,-0.6275818615235085
-0.7518287559662471,0.2653979323029592,0.3715398005572169
2.733299203134222,-0.626954535730179,-0.6059064394653977
-0.2724988360899648,-0.1807783017136099,-0.32828578902834393
0.6062726836832194,-0.40386641872189444,-0.3590141586396614
-0.6419823159945991,-0.40386641872189444,-0.4607733475146006
-0.2325546761002746,-0.626954535730179,-0.5030081379844258
-0.7917729159559372,-0.40386641872189444,-0.45652588714959635
-0.9116053959250078,2.496279102385805,1.5499587091858638
-0.9215914359224304,8.296570144601203,6.836552643031736
0.26674732377085275,-0.1807783017136099,-0.1646409642815349
-0.3224290360770775,-0.626954535730179,-0.41598362431707475
-0.9016193559275852,2.496279102385805,2.86632553794264
-0.9016193559275852,-0.626954535730179,1.1343532442852622
-0.8217310359482048,-0.1807783017136099,-0.14836595057024282
-0.012861796156978567,-0.40386641872189444,-0.5569568799494853
-0.34240111607192264,0.04230981529467467,-0.06116157701772857
-0.06279199614409131,0.2653979323029592,-0.07599309985578909
-0.6719404359868667,0.4884860493112438,0.19668370963524445
2.6334388031599967,-0.626954535730179,-0.5002595099957803
-0.0827640761389364,-0.40386641872189444,-0.34499892297272555
-0.8317170759456275,0.04230981529467467,-0.4524260041262644
-0.9215914359224304,0.2653979323029592,-0.24497837965436248
1.3152815235002202,-0.626954535730179,-0.49352629378198415
-0.3324150760745001,-0.40386641872189444,-0.2337763370630537
1.475058163458981,-0.626954535730179,-0.5993115770094193
2.25396928325794,-0.40386641872189444,-0.494831430897398
-0.9116053959250078,0.934662283327813,0.11996193913338687
-0.4622335960409932,-0.1807783017136099,-0.30732058292703085
-0.052805956146668755,-0.626954535730179,-0.6017097088115932
-0.8217310359482048,1.6039266343526666,2.008698263982106
0.8259655636265154,-0.626954535730179,-0.5052540806530003
-0.41230339605388044,0.4884860493112438,0.1741597178625183
2.7233131631367993,-0.626954535730179,-0.4602891093622386
2.25396928325794,-0.626954535730179,-0.3764697910843315
1.3252675634976427,-0.40386641872189444,-0.29772344392640776
2.643424843157419,-0.40386641872189444,-0.49772302443578864
1.4051558834770232,-0.626954535730179,-0.45745285732697516
2.174080963278559,-0.626954535730179,-0.5750489396801169
-0.5620939960152187,0.2653979323029592,-0.08389771121910858
-0.2724988360899648,0.04230981529467467,0.9156205649673608
1.455086083464136,-0.40386641872189444,-0.44813703763391477
0.19684504378889492,-0.40386641872189444,-0.36399028212917245
1.8345556033661927,-0.626954535730179,-0.5554073178619269
1.2453792435182625,1.8270147513609512,0.39024522861417377
2.0542484833094887,-0.626954535730179,-0.49819803900429616
-0.9116053959250078,0.04230981529467467,0.005072978641545195
-0.6419823159945991,-0.1807783017136099,-0.15188013601881306
-0.8317170759456275,-0.40386641872189444,-0.2862677527790999
-0.4822056760358383,0.2653979323029592,0.1407749561011004
-0.26251279609254224,0.934662283327813,0.16377396244233416
-0.1926105161105844,-0.626954535730179,-0.5002133920765077
-0.28248487608738737,-0.40386641872189444,-0.3549926760790928
0.4065518837347684,-0.1807783017136099,0.5139934413982773
1.4451000434667134,-0.40386641872189444,-0.4091443368889517
0.2867194037656979,-0.626954535730179,-0.4820798262185308
-0.6120241960023314,2.050102868369236,2.4383189645496426
-0.84170311594305,1.6039266343526666,4.189199605108776
-0.5720800360126412,-0.40386641872189444,-0.30462729644151243
-0.7718008359610922,0.2653979323029592,-0.22280488406810786
0.3366496037528106,-0.626954535730179,-0.5077398365017922
-0.26251279609254224,-0.626954535730179,-0.23541813498915742
0.5563424836961066,-0.626954535730179,-0.6008565273050506
1.894471843350728,-0.626954535730179,-0.4999966378559267
0.7560632836445575,-0.40386641872189444,-0.35887119308991644
0.0670265238224018,0.7115741663195283,0.18882982798312475
0.41653792373219095,-0.626954535730179,-0.5287419369385233
2.3038994832450523,-0.626954535730179,-0.5637316022906268
0.13692880380435965,-0.626954535730179,-0.5740804633753929
-0.2924709160848099,-0.626954535730179,-0.46467492348506056
0.5763145636909517,-0.40386641872189444,0.04833158691922157
2.4437040432089683,-0.626954535730179,-0.5912409411367184
-0.7118845959765568,0.2653979323029592,0.14575107959061137
-0.6919125159817118,-0.626954535730179,-0.4577295648426106
-0.7718008359610922,0.7115741663195283,0.4511116584701195
-0.8616751959378951,2.496279102385805,0.5036169095619476
-0.3623731960667677,-0.40386641872189444,-0.31331591243246576
-0.8916333159301627,-0.40386641872189444,-0.3157924446974031
-0.5521079560177962,-0.626954535730179,-0.3625698502155771
-0.2724988360899648,-0.626954535730179,-0.5869381392685872
-0.4622335960409932,-0.626954535730179,-0.5282438634103794
2.613466723165151,-0.626954535730179,-0.5122824515501408
0.7860214036368253,-0.626954535730179,-0.5940910285477636
-0.34240111607192264,1.1577504003360974,0.4292794354864822
-0.43227547604872557,-0.626954535730179,-0.5353229640187199
-0.7118845959765568,-0.40386641872189444,-0.42180831752120107
-0.5021777560306834,0.2653979323029592,0.41745941277692084
-0.6419823159945991,-0.1807783017136099,-0.21285263708908597
-0.8816472759327402,3.1655434534106583,3.016988168414219
-0.6719404359868667,2.2731909853775205,1.48591014290011
1.0756165635620791,-0.626954535730179,-0.5639898626385532
-0.422289436051303,0.4884860493112438,1.0475869909658373
-0.8317170759456275,-0.1807783017136099,-0.3502102478505266
-0.9116053959250078,1.8270147513609512,1.567354388335479
-0.26251279609254224,0.4884860493112438,1.1555720989425746
-0.2924709160848099,-0.626954535730179,-0.4173118203921249
-0.422289436051303,1.8270147513609512,1.6826722454765557
1.964374123332686,-0.626954535730179,-0.38153353862046036
-0.3224290360770775,0.934662283327813,-0.32601678740013323
-0.2924709160848099,-0.1807783017136099,-0.1046738338514042
0.02708236383271162,-0.626954535730179,-0.551579530562303
1.8045974833739251,-0.626954535730179,-0.5030773148633347
-0.18262447611316188,0.04230981529467467,-0.21973804243648157
0.16688692379662728,-0.626954535730179,-0.6222783008071622
1.055644483567234,-0.626954535730179,-0.4950066789906339
-0.2924709160848099,-0.40386641872189444,-0.383156889378855
2.33385760323732,-0.626954535730179,-0.5701650520291511
-0.8916333159301627,-0.626954535730179,-0.5020857795989743
1.9044578833481505,-0.626954535730179,-0.5519484739164836
-0.49219171603326084,-0.626954535730179,-0.5230648210760692
-0.22256863610285207,-0.1807783017136099,0.6212037683312348
-0.07277803614151385,-0.626954535730179,-0.33280534511705645
0.106970683812092,-0.626954535730179,-0.5716684961974372
2.4037598832192777,-0.626954535730179,-0.5025054526643548
-0.4023173560564579,-0.626954535730179,-0.5499884623473992
-0.5421219160203736,-0.1807783017136099,-0.16215982022467026
-0.6120241960023314,-0.40386641872189444,-0.3165349431976916
2.7233131631367993,0.04230981529467467,0.11978669104015102
1.1455188435440369,-0.626954535730179,-0.1719091483588929
0.636230803675487,-0.1807783017136099,-0.4858292130553912
-0.3923313160590354,-0.626954535730179,-0.5677576966431227
-0.2724988360899648,-0.40386641872189444,-0.381510479660824
-0.1227082361286266,-0.626954535730179,0.28556216365735315
0.3666077237450782,-0.626954535730179,-0.45897936045489746
-0.06279199614409131,-0.626954535730179,-0.4781598030803618
-0.9215914359224304,-0.1807783017136099,-0.38618222488313597
-0.47221963603841577,-0.626954535730179,-0.46476715932360574
2.3937738432218554,-0.626954535730179,-0.5298487670010651
2.7233131631367993,-0.626954535730179,-0.5532858935753884
-0.2125825961054295,-0.626954535730179,-0.5733748592105224
0.6462168436729095,-0.40386641872189444,-0.43231397953149386
2.7932154431187572,-0.626954535730179,-0.5929242451901674
-0.8117449959507823,0.7115741663195283,0.24596531816991934
1.6148627234228967,-0.40386641872189444,-0.2910962989269386
-0.6419823159945991,-0.40386641872189444,-0.5184899234842296
-0.6220102359997539,1.380838517344382,0.607239262375499
-0.8816472759327402,4.057895921443797,3.2032953386915723
-0.532135876022951,-0.626954535730179,-0.4489072068857668
2.683369003147109,-0.626954535730179,-0.45306243141222585
2.7932154431187572,-0.626954535730179,-0.49591520200030365
0.02708236383271162,-0.40386641872189444,-0.2251153918236639
-0.6719404359868667,0.7115741663195283,0.42105661048018184
-0.18262447611316188,-0.40386641872189444,-0.3683945434197034
-0.3623731960667677,0.04230981529467467,0.21964582164106008
-0.7218706359739794,-0.626954535730179,-0.44014019043205005
-0.5221498360255284,0.7115741663195283,0.4541369939744007
0.4365100037270361,-0.626954535730179,0.2795114926487912
-0.8516891559404726,1.8270147513609512,0.4679078046691918
0.3566216837476557,-0.626954535730179,-0.5687815144509739
-0.532135876022951,-0.1807783017136099,-0.082901564162821
0.7560632836445575,0.7115741663195283,1.0616206738004823
-0.84170311594305,0.2653979323029592,0.13325312346774326
1.205435083528572,-0.40386641872189444,-0.3710048176505312
-0.7817868759585147,0.4884860493112438,2.100389911079841
0.7660493236419801,-0.40386641872189444,-0.3499934936299456
-0.532135876022951,-0.626954535730179,-0.5001211562379626
0.9258259636007409,-0.626954535730179,-0.4644904518079703
1.7646533233842348,-0.626954535730179,-0.5814454950832233
0.7860214036368253,-0.626954535730179,-0.4156700224660212
-0.8816472759327402,0.04230981529467467,0.061894866977286245
-0.7718008359610922,-0.40386641872189444,-0.5393306112035068
-0.8317170759456275,0.04230981529467467,0.36074359565550673
2.3238715632398974,-0.626954535730179,-0.5967059145705187
0.19684504378889492,-0.626954535730179,-0.5133569990691919
1.964374123332686,-0.626954535730179,-0.6029087747126802
-0.7718008359610922,-0.40386641872189444,-0.025729179640608377
-0.9215914359224304,-0.1807783017136099,-0.2700434687790076
-0.012861796156978567,0.2653979323029592,-0.3159630809987116
0.5563424836961066,-0.40386641872189444,-0.3574000314651213
0.9557840835930085,-0.626954535730179,-0.4852619626483385
-0.6220102359997539,-0.40386641872189444,-0.4107307933119283
-0.5920521160074863,0.04230981529467467,-0.16352491063513852
1.7047370833996995,-0.626954535730179,-0.5230417621164328
-0.09275011613635895,0.934662283327813,0.945195986596864
-0.6719404359868667,0.04230981529467467,-0.024161170385340745
0.7760353636394026,-0.626954535730179,-0.5583911472388625
-0.8317170759456275,-0.1807783017136099,-0.2888918623857094
2.1940530432734042,-0.626954535730179,-0.38817913078763855
-0.28248487608738737,0.04230981529467467,1.191225862332203
-0.0827640761389364,-0.626954535730179,-0.4116116455700345
-0.6819264759842892,-0.626954535730179,-0.5836038137051799
-0.34240111607192264,0.04230981529467467,-0.2079733612300474
2.29391344324763,-0.40386641872189444,-0.6012024116995949
-0.5521079560177962,-0.626954535730179,-0.6261983239453311
1.6048766834254742,-0.40386641872189444,-0.46947118708940855
-0.7418427159688246,0.2653979323029592,0.0012682503015576654
-0.6020381560049088,-0.1807783017136099,0.013475663533008575
-0.7817868759585147,-0.626954535730179,-0.6030102341350799
-0.6619543959894442,-0.40386641872189444,-0.4630100665993206
-0.7018985559791343,-0.626954535730179,-0.5673103528261787
1.205435083528572,-0.40386641872189444,-0.4003127553482534
-0.8516891559404726,0.2653979323029592,-0.16595071318887603
-0.7118845959765568,-0.626954535730179,-0.5774101771468729
-0.8117449959507823,-0.1807783017136099,-0.15383553579597029
1.6847650034048545,-0.626954535730179,-0.5539499916129134
0.37659376374250075,-0.626954535730179,-0.5740481808319021
-0.38234527606161284,-0.1807783017136099,-0.4693143861638817
1.5549464834383613,-0.626954535730179,-0.37231917834979966
-0.9116053959250078,0.7115741663195283,0.8357812231226771
-0.84170311594305,-0.40386641872189444,0.004561069737619646
1.7047370833996995,-0.626954535730179,-0.5939157804545279
2.3738017632270103,-0.626954535730179,-0.5746984434936454
2.1940530432734042,-0.626954535730179,-0.4181419429390313
-0.6719404359868667,-0.1807783017136099,-0.19683127193379302
-0.6319962759971764,-0.626954535730179,-0.4480263546276606
-0.6319962759971764,-0.1807783017136099,-0.40253563905719153
-0.9116053959250078,0.7115741663195283,-0.013627837623484398
2.683369003147109,-0.626954535730179,-0.563662425411718
1.894471843350728,-0.1807783017136099,-0.44583575346221327
1.6847650034048545,-0.626954535730179,-0.5369278676094056
-0.6819264759842892,-0.626954535730179,-0.5717146141167097
2.603480683167729,-0.626954535730179,-0.5474473649954802
0.007110283837866526,-0.1807783017136099,-0.5380669802154382
-0.6419823159945991,-0.626954535730179,-0.5880864754584743
2.4437040432089683,-0.626954535730179,-0.16448877514793533
-0.731856675971402,3.1655434534106583,2.745538095575836
-0.0827640761389364,-0.626954535730179,-0.4919813434863529
-0.84170311594305,-0.1807783017136099,-0.40419588415100427
-0.422289436051303,-0.40386641872189444,-0.4306537344376812
-0.43227547604872557,-0.40386641872189444,-0.39789156458644315
-0.9116053959250078,-0.626954535730179,-0.43666289931889785
0.19684504378889492,-0.626954535730179,-0.474903877979718
-0.7917729159559372,0.7115741663195283,0.1705809673269664
-0.16265239611831678,-0.626954535730179,-0.4368335356202064
-0.532135876022951,-0.40386641872189444,-0.0006456433482541804
0.22680316378116255,-0.626954535730179,-0.22866185981572504
-0.7718008359610922,1.6039266343526666,4.352812147312095
0.6761749636651772,0.04230981529467467,-0.5423743938754968
-0.9215914359224304,0.04230981529467467,1.0095627665255984
-0.6319962759971764,-0.1807783017136099,0.5364344209163127
-0.002875756159556021,-0.626954535730179,-0.6041447349491853
-0.7018985559791343,-0.1807783017136099,-0.12315328410392543
0.017096323835289074,0.4884860493112438,0.7834373847483032
-0.6519683559920216,-0.40386641872189444,-0.3421303883939713
-0.6020381560049088,0.2653979323029592,0.25461242803352735
-0.7218706359739794,-0.40386641872189444,-0.055682768208146584
-0.7518287559662471,-0.40386641872189444,-0.06415924177044602
-0.9016193559275852,5.17333650648522,5.494986983184424
-0.8516891559404726,0.04230981529467467,-0.1244076915081395
-0.7718008359610922,1.380838517344382,2.546935888020414
2.693355043144532,-0.626954535730179,-0.5812149054868604
-0.1227082361286266,-0.626954535730179,-0.6218955220771999
-0.4023173560564579,0.2653979323029592,1.0190399989361127
-0.7018985559791343,-0.1807783017136099,-0.19795654916404384
0.7860214036368253,-0.626954535730179,-0.42680288817842105
0.9557840835930085,0.4884860493112438,-0.18495590772110468
2.3738017632270103,-0.626954535730179,-0.5309648206474615
-0.8117449959507823,0.2653979323029592,-0.2309539204035721
0.6262447636780645,-0.40386641872189444,-0.5904569365090847
-0.6020381560049088,3.388631570418943,6.15992436684028
-0.8117449959507823,1.6039266343526666,1.2093963225255977
-0.4822056760358383,-0.1807783017136099,-0.6174682018270324
1.3951698434796005,-0.626954535730179,-0.5231109389953418
-0.2924709160848099,0.934662283327813,0.23991925895328456
-0.9116053959250078,-0.626954535730179,-0.4878445661276028
-0.532135876022951,0.934662283327813,0.7373701951869268
-0.6020381560049088,-0.40386641872189444,-0.4627149119159761
-0.09275011613635895,-0.626954535730179,-0.4562491796339609
-0.6819264759842892,-0.626954535730179,-0.44334077402956684
-0.9116053959250078,-0.1807783017136099,-0.3087364030486989
-0.6020381560049088,-0.40386641872189444,-0.5778021794606898
-0.7418427159688246,0.934662283327813,0.47372788608139105
1.6048766834254742,-0.626954535730179,-0.540497394561103
-0.7018985559791343,1.6039266343526666,1.1800330433247488
-0.7118845959765568,0.04230981529467467,0.04426859823130764
-0.8516891559404726,-0.40386641872189444,0.26336560911146234
-0.6819264759842892,0.04230981529467467,0.07079562539689341
-0.7418427159688246,-0.1807783017136099,-0.2738251381593588
0.7960074436342478,0.04230981529467467,-0.4143326028071165
0.6961470436600223,-0.626954535730179,-0.5951056227717603
-0.8616751959378951,-0.626954535730179,-0.3979330707137884
-0.8217310359482048,-0.626954535730179,-0.547890097020497
0.20683108378631748,-0.626954535730179,-0.6069994341521576
1.9444020433378406,-0.626954535730179,-0.587293247246986
-0.84170311594305,1.1577504003360974,0.9894092358034827
-0.3923313160590354,-0.40386641872189444,-0.5129926675069385
-0.8616751959378951,2.2731909853775205,1.6184069249702213
-0.16265239611831678,-0.1807783017136099,0.127465324599035
-0.8916333159301627,0.04230981529467467,-0.3807910401201719
-0.5620939960152187,-0.626954535730179,-0.44515782004890636
1.23539320352084,-0.626954535730179,-0.6046981499804561
-0.3324150760745001,-0.626954535730179,-0.448446027693041
1.8445416433636153,-0.626954535730179,-0.5460914981688664
-0.8117449959507823,2.719367219394089,1.5636511194178915
-0.6919125159817118,-0.626954535730179,-0.5172355160800156
-0.6419823159945991,-0.626954535730179,-0.4300080835678651
-0.8117449959507823,0.04230981529467467,-0.27704416892458467
2.5835086031728838,-0.626954535730179,-0.5842079584476506
-0.7118845959765568,-0.1807783017136099,-0.018391818684341477
-0.43227547604872557,-0.40386641872189444,-0.5664018298165089
-0.7418427159688246,-0.626954535730179,-0.5604756771899829
-0.9016193559275852,-0.1807783017136099,-0.29655204877688435
0.106970683812092,0.2653979323029592,-0.011810791604144874
-0.8616751959378951,1.8270147513609512,1.2670898395355905
-0.8117449959507823,0.04230981529467467,-0.3462948365042849
-0.8816472759327402,0.7115741663195283,0.5221009716063961
-0.6120241960023314,-0.40386641872189444,-0.37728146646352884
0.8459376436213605,0.04230981529467467,-0.33466850905566853
-0.5521079560177962,-0.626954535730179,-0.22134294602716723
0.5763145636909517,-0.1807783017136099,-0.5268695494160568
0.6861610036625997,-0.626954535730179,-0.5876437434334576
-0.24254071609769715,-0.40386641872189444,-0.49517731529194237
0.6262447636780645,1.380838517344382,-0.31539583059165893
-0.6819264759842892,-0.1807783017136099,-0.3313157363245522
-0.6919125159817118,0.04230981529467467,-0.31381398596060955
0.8359516036239379,-0.626954535730179,-0.43628473238086274
-0.43227547604872557,0.04230981529467467,-0.22488941401922835
1.6248487634203193,-0.1807783017136099,-0.4255715397338433
-0.4622335960409932,-0.626954535730179,-0.46705460811952554
-0.22256863610285207,-0.626954535730179,-0.5541160161222947
-0.7718008359610922,0.2653979323029592,0.1708484512587473
0.07701256381982435,0.2653979323029592,0.002430421867226575
-0.5820660760100638,-0.626954535730179,-0.4965746882459015
-0.4023173560564579,-0.626954535730179,-0.5352630107236656
-0.6619543959894442,-0.40386641872189444,-0.29496098056198045
-0.8217310359482048,2.2731909853775205,2.4789488514287825
-0.8516891559404726,1.1577504003360974,-0.04770897996591819
-0.14268031612347168,-0.626954535730179,-0.6239016515655569
-0.41230339605388044,-0.626954535730179,-0.5464650533149743
-0.5720800360126412,0.2653979323029592,-0.09366087472911297
-0.3224290360770775,1.1577504003360974,0.7004574126011569
2.4337180032115455,-0.626954535730179,-0.597946486598951
-0.6519683559920216,0.04230981529467467,-0.14187715932859127
0.9058538836058958,-0.626954535730179,-0.5086068533841166
-0.41230339605388044,-0.626954535730179,-0.5943954068149626
-0.8317170759456275,1.6039266343526666,0.07799924438726985
-0.5720800360126412,-0.40386641872189444,-0.5562604993684694
-0.8317170759456275,4.280984038452082,4.149884078928905
-0.6020381560049088,0.04230981529467467,-0.2879925629598942
-0.8217310359482048,-0.626954535730179,-0.4911189383959558
-0.3623731960667677,-0.1807783017136099,0.07003467972889597
-0.8916333159301627,0.04230981529467467,-0.04994108725871084
-0.5021777560306834,1.1577504003360974,1.0645122673388727
0.4764541637167263,-0.626954535730179,-0.5074308464426659
0.23678920377858512,0.04230981529467467,-0.37502630021109984
0.106970683812092,0.04230981529467467,0.06130916940252454
-0.18262447611316188,-0.40386641872189444,-0.3345947203848324
-0.8816472759327402,1.1577504003360974,0.6774353473002869
-0.4822056760358383,-0.40386641872189444,-0.09913968353869507
-0.7718008359610922,0.934662283327813,0.8688569948249686
-0.7618147959636696,-0.626954535730179,-0.5339394264405427
-0.03283387615182366,-0.40386641872189444,-0.31201538710897914
-0.4023173560564579,-0.626954535730179,-0.5432506343416758
0.4065518837347684,-0.626954535730179,-0.45011088457878107
-0.8916333159301627,2.496279102385805,5.079791967765349
0.11695672380951455,0.04230981529467467,0.2240777536831547
0.9857422035852762,-0.1807783017136099,-0.3400366348589964
0.7261051636522899,0.04230981529467467,-0.27568369030604367
-0.7418427159688246,-0.626954535730179,-0.3642070363497535
0.6462168436729095,-0.1807783017136099,-0.4398173649971421
1.1055746835543467,-0.40386641872189444,-0.35133552508077753
2.4237319632141228,-0.40386641872189444,-0.26993739756468066
-0.5620939960152187,-0.1807783017136099,-0.34819950657024235
-0.022847836154401117,-0.626954535730179,-0.4905009582777032
-0.002875756159556021,-0.40386641872189444,-0.2416025479636099
-0.84170311594305,-0.40386641872189444,-0.22080797816360534
1.495030243453826,-0.626954535730179,-0.3876902808433492
-0.4822056760358383,0.04230981529467467,-0.3010669930736695
-0.7018985559791343,-0.626954535730179,-0.632424243047129
0.965770123590431,0.2653979323029592,-0.17396600755844982
-0.49219171603326084,-0.626954535730179,-0.5049312552180922
-0.6819264759842892,1.1577504003360974,0.09202370363806019
2.2339972032630944,-0.40386641872189444,-0.503386304922461
0.1269427638069371,-0.626954535730179,-0.582552325145765
-0.422289436051303,-0.626954535730179,-0.46804614338388584
0.746077243647135,-0.40386641872189444,0.3785773950382119
-0.532135876022951,-0.626954535730179,-0.5072971044767755
1.2453792435182625,-0.626954535730179,-0.6110624228400717
-0.532135876022951,0.04230981529467467,-0.3306562500789544
2.0342764033146437,-0.626954535730179,-0.5664525595277088
-0.7418427159688246,0.7115741663195283,0.5791534495385
-0.052805956146668755,0.04230981529467467,0.61102093175585
-0.20259655610800698,0.04230981529467467,0.3277001064967059
-0.1227082361286266,-0.1807783017136099,-0.49698052593550013
-0.7418427159688246,-0.1807783017136099,0.9382414043705595
-0.4422615160461481,-0.626954535730179,-0.34315881799374975
-0.4023173560564579,-0.626954535730179,-0.4836017175545258
-0.6919125159817118,0.04230981529467467,-0.2859495391361191
-0.84170311594305,-0.1807783017136099,-0.031194153074408603
-0.6819264759842892,0.2653979323029592,0.011455698668869797
0.23678920377858512,-0.626954535730179,-0.5569061502382855
-0.84170311594305,1.1577504003360974,0.7340958229185739
0.26674732377085275,-0.40386641872189444,-0.5290739859572859
-0.8916333159301627,-0.40386641872189444,-0.5356872955809733
1.5849046034306289,-0.626954535730179,-0.5831703052640177
-0.6519683559920216,-0.626954535730179,-0.5581559458505724
-0.9215914359224304,2.050102868369236,2.3349871546275085
1.7346952033919671,-0.40386641872189444,-0.4571853733951942
-0.6020381560049088,0.934662283327813,0.6040479023618366
-0.7518287559662471,-0.626954535730179,-0.5034554818013699
0.7860214036368253,-0.40386641872189444,-0.3249652988407185
-0.9116053959250078,0.04230981529467467,0.05888336684878703
1.714723123397122,-0.626954535730179,-0.5487202195674032
0.4664681237193037,0.04230981529467467,0.4115102011907585
1.0756165635620791,-0.626954535730179,-0.5802648763498454
-0.2924709160848099,0.04230981529467467,-0.15715141419166853
-0.5820660760100638,0.04230981529467467,-0.2233675226832333
-0.5221498360255284,0.7115741663195283,0.845770364437117
1.9044578833481505,-0.626954535730179,-0.5848074913981941
-0.84170311594305,0.2653979323029592,-0.15170949971750458
0.49642624371157135,-0.40386641872189444,-0.48175700078362277
-0.8117449959507823,-0.40386641872189444,-0.4940566498536188
0.526384363703839,0.04230981529467467,-0.13845059792663894
1.4051558834770232,-0.626954535730179,-0.5769443861622199
-0.6020381560049088,2.050102868369236,1.6727430574571702
-0.6919125159817118,-0.626954535730179,-0.3701378007682068
-0.8117449959507823,-0.626954535730179,-0.428859747377978
-0.5720800360126412,0.2653979323029592,0.3735044239182286
2.713327123139377,-0.626954535730179,-0.5583127467760991
1.0756165635620791,-0.40386641872189444,-0.5456072600165044
-0.7817868759585147,-0.626954535730179,-0.45475495904952945
-0.7618147959636696,0.7115741663195283,1.7329915071948638
1.1954490435311496,-0.626954535730179,-0.6070593874472121
-0.2724988360899648,-0.1807783017136099,-0.12933308528645054
1.185463003533727,-0.40386641872189444,-0.5106175946644008
1.894471843350728,-0.626954535730179,-0.5714102358495108
0.21681712378374002,-0.40386641872189444,-0.02853314913238097
-0.7817868759585147,0.934662283327813,-0.09832339636757048
-0.7418427159688246,2.719367219394089,1.5731283518284058
-0.2724988360899648,-0.626954535730179,-0.43913481979190794
-0.4422615160461481,-0.626954535730179,-0.574832185459536
-0.7718008359610922,0.04230981529467467,-0.28840301244142014
-0.15266635612089424,-0.626954535730179,-0.6302105829220453
-0.7418427159688246,0.04230981529467467,-0.14145748626321092
0.4065518837347684,-0.626954535730179,-0.555462659365054
-0.8017589559533598,-0.1807783017136099,-0.20968894782698724
-0.532135876022951,-0.626954535730179,-0.5796837905670109
-0.9016193559275852,0.934662283327813,0.4896477918142843
-0.532135876022951,0.7115741663195283,0.5650736487845824
2.114164723294024,-0.626954535730179,-0.6097342267650214
-0.422289436051303,-0.1807783017136099,-0.4347766764206495
-0.8317170759456275,0.4884860493112438,0.44408328757297905
-0.3224290360770775,0.04230981529467467,-0.4027523932777726
-0.2724988360899648,-0.40386641872189444,-0.3167839799617635
-0.6819264759842892,-0.626954535730179,-0.5516025895219393
1.2453792435182625,-0.1807783017136099,-0.5295628359015752
-0.28248487608738737,-0.40386641872189444,-0.3770462650752387
-0.6120241960023314,-0.40386641872189444,-0.1449947306714174
-0.052805956146668755,0.4884860493112438,0.8663942979358131
-0.2924709160848099,-0.626954535730179,-0.5009605023687235
0.22680316378116255,-0.1807783017136099,-0.3594845614162417
-0.8716612359353176,-0.626954535730179,-0.3530972295969899
-0.24254071609769715,-0.626954535730179,-0.5213722934387657
1.5150023234486711,-0.626954535730179,-0.5978819215119694
0.3965658437373459,-0.626954535730179,-0.5348295022825033
1.475058163458981,0.04230981529467467,-0.16335427433383004
0.9058538836058958,-0.1807783017136099,-0.42707037211020205
-0.6819264759842892,-0.1807783017136099,-0.4869406549098603
-0.8317170759456275,-0.1807783017136099,0.5596040635588548
-0.8217310359482048,-0.626954535730179,-0.5326711836605468
-0.6020381560049088,0.2653979323029592,0.4278128856536143
-0.47221963603841577,-0.1807783017136099,1.6222808301891174
-0.6719404359868667,-0.1807783017136099,-0.21585952542565792
2.643424843157419,-0.626954535730179,-0.4842473684243419
-0.8317170759456275,-0.626954535730179,-0.5453766704201415
-0.49219171603326084,-0.40386641872189444,0.09747945348800602
-0.7817868759585147,-0.1807783017136099,-0.20094037854097954
0.5663285236935292,-0.626954535730179,-0.3649356994742602
-0.9215914359224304,0.934662283327813,0.6024337751872965
0.19684504378889492,-0.1807783017136099,0.364829643303057
-0.1726384361157393,-0.1807783017136099,-0.23851264737234731
0.13692880380435965,-0.40386641872189444,-0.3248684512102461
-0.47221963603841577,-0.1807783017136099,-0.15558801672832817
-0.422289436051303,-0.626954535730179,-0.4544920869096757
-0.9215914359224304,2.050102868369236,1.2936399256608129
-0.7018985559791343,2.9424553364023738,1.8847748031047664
-0.47221963603841577,-0.1807783017136099,-0.2844276478001241
-0.43227547604872557,-0.1807783017136099,-0.22939974652408626
2.1241507632914467,0.04230981529467467,1.037630132194888
-0.5720800360126412,0.2653979323029592,-0.40839722659673594
-0.14268031612347168,0.04230981529467467,-0.004307406138496749
-0.7118845959765568,0.4884860493112438,0.3769217617363264
0.13692880380435965,0.2653979323029592,0.1843886723571757
1.1455188435440369,-0.40386641872189444,-0.04492345764185451
-0.7618147959636696,0.04230981529467467,0.25088610015630314
-0.2924709160848099,0.2653979323029592,0.32249339341083205
-0.4422615160461481,0.04230981529467467,0.23249427395039984
2.263955323255362,-0.626954535730179,-0.5508047495185238
-0.49219171603326084,-0.40386641872189444,-0.38294474695020114
-0.9016193559275852,-0.40386641872189444,-0.23789927904602204
0.7860214036368253,-0.626954535730179,-0.4004787798576346
-0.37235923606419025,-0.1807783017136099,0.11667373148925214
-0.20259655610800698,2.2731909853775205,0.200506885142941
0.05704048382497926,-0.40386641872189444,-0.35288508716833605
-0.5521079560177962,-0.626954535730179,-0.38062040381886336
-0.3523871560693452,-0.1807783017136099,-0.27978818512130293
1.6048766834254742,-0.626954535730179,-0.2603494821479121
-0.2325546761002746,0.04230981529467467,0.3787803138830113
-0.49219171603326084,0.04230981529467467,-0.20625316284118028
-0.43227547604872557,-0.626954535730179,-0.5829074331241639
-0.28248487608738737,-0.626954535730179,-0.4654865988642579
-0.6020381560049088,-0.1807783017136099,-0.16271784704786846
-0.34240111607192264,-0.40386641872189444,-0.48228274506333013
-0.20259655610800698,0.04230981529467467,-0.0817486161810066
2.1041786832966016,-0.626954535730179,-0.5914023538541725
-0.47221963603841577,-0.626954535730179,-0.5859650511719358
-0.7518287559662471,0.934662283327813,1.0655314733547967
-0.5521079560177962,-0.40386641872189444,-0.46673639447654475
-0.7418427159688246,-0.40386641872189444,-0.5379378500414751
0.9358120035981634,-0.40386641872189444,-0.5721435107659447
-0.41230339605388044,-0.626954535730179,-0.5951609642748874
-0.8916333159301627,1.8270147513609512,0.7230367458770102
0.4365100037270361,0.2653979323029592,-0.31778935060190566
-0.8916333159301627,5.17333650648522,6.79827015824357
-0.7418427159688246,-0.626954535730179,-0.5092893985893507
-0.7718008359610922,0.2653979323029592,0.012105961330613053
-0.5221498360255284,0.934662283327813,-0.20114790917770614
-0.8117449959507823,0.934662283327813,0.8050344063436505
-0.8516891559404726,0.04230981529467467,-0.2621526927914698
-0.6719404359868667,-0.40386641872189444,-0.6145120432016604
-0.7118845959765568,0.4884860493112438,0.24673087562984403
-0.5221498360255284,-0.1807783017136099,-0.23344428804429118
0.07701256381982435,-0.626954535730179,-0.5485403596822402
-0.8816472759327402,2.496279102385805,1.1078815586228032
1.8345556033661927,-0.40386641872189444,-0.5772487644294189
-0.6020381560049088,-0.626954535730179,-0.48418280333736025
-0.7817868759585147,-0.40386641872189444,-0.5004116991293798
-0.2924709160848099,0.7115741663195283,1.385640562817675
-0.9116053959250078,-0.40386641872189444,-0.42012962525967934
2.753271283129067,-0.626954535730179,-0.4945178290463446
2.184067003275982,0.2653979323029592,-0.4150289833881324
1.055644483567234,0.04230981529467467,-0.40917661943244243
-0.9116053959250078,-0.40386641872189444,-0.463411292496992
-0.002875756159556021,-0.626954535730179,-0.48514666785015703
-0.3324150760745001,-0.626954535730179,-0.5627446788181937
-0.1227082361286266,-0.626954535730179,-0.571253434923984
0.636230803675487,-0.40386641872189444,-0.4614328337601985
1.3352536034950653,-0.626954535730179,-0.411459456436435
1.5948906434280516,-0.40386641872189444,-0.5274598587827456
0.5663285236935292,-0.626954535730179,-0.5636301428682271
1.0057142835801212,-0.40386641872189444,-0.5500622510182352
-0.9215914359224304,0.2653979323029592,-0.008066016559211745
2.753271283129067,-0.626954535730179,-0.6203182892380777
-0.6919125159817118,-0.626954535730179,-0.49071310070635704
-0.7618147959636696,-0.1807783017136099,-0.4849621961730668
-0.8317170759456275,0.7115741663195283,1.7180954192698217
-0.8516891559404726,-0.626954535730179,-0.5703126293708234
-0.731856675971402,0.7115741663195283,0.07672638981534675
-0.8916333159301627,-0.1807783017136099,-0.23955952413983478
0.8059934836316703,-0.626954535730179,-0.5577408845771191
-0.9215914359224304,0.934662283327813,-0.07952573247206834
0.8459376436213605,-0.40386641872189444,-0.5242223808498108
-0.7718008359610922,0.934662283327813,0.046828142750935595
1.5449604434409387,-0.626954535730179,-0.5894884602043606
0.9757561635878537,-0.40386641872189444,-0.4921196972441706
-0.731856675971402,-0.40386641872189444,-0.40382232900489634
0.6062726836832194,-0.1807783017136099,-0.5708337618586036
0.7960074436342478,-0.626954535730179,-0.49728490420269916
2.7932154431187572,-0.626954535730179,-0.47585390711673303
2.7932154431187572,-0.626954535730179,-0.5876529670173121
1.0057142835801212,-0.626954535730179,-0.5507263490557603
-0.26251279609254224,-0.626954535730179,-0.4495067398363103
-0.8916333159301627,0.934662283327813,0.5047836929195437
-0.7218706359739794,-0.1807783017136099,-0.1355221100528303
1.455086083464136,-0.626954535730179,-0.5964338188468106
-0.2924709160848099,-0.626954535730179,-0.5792272231662123
0.18685900379147238,0.2653979323029592,-0.45967574103591335
-0.03283387615182366,2.2731909853775205,2.1669380685901687
2.174080963278559,-0.626954535730179,-0.6297494037293195
0.4065518837347684,-0.626954535730179,-0.4906393120355209
1.8345556033661927,-0.626954535730179,-0.49633026327375673
2.713327123139377,-0.626954535730179,-0.562786184945539
-0.1027361561337815,-0.626954535730179,0.14154512535295247
-0.8516891559404726,-0.40386641872189444,-0.20572280676954569
-0.7618147959636696,-0.40386641872189444,-0.4780583436579621
-0.6120241960023314,0.04230981529467467,0.158364330511661
-0.84170311594305,-0.40386641872189444,-0.3196432909566632
-0.5920521160074863,0.04230981529467467,-0.28565899624470187
-0.7817868759585147,0.934662283327813,0.11804343369164766
-0.6919125159817118,2.2731909853775205,1.3904276028381684
-0.6120241960023314,-0.626954535730179,-0.4484644748607501
-0.1926105161105844,-0.626954535730179,-0.5981355700679686
-0.731856675971402,-0.40386641872189444,-0.42915490206132245
-0.7618147959636696,0.04230981529467467,-0.27322560520881534
-0.7018985559791343,-0.40386641872189444,-0.46285787746572105
-0.9016193559275852,-0.1807783017136099,-0.33906815855427225
2.1041786832966016,-0.626954535730179,-0.5014032343937401
-0.7518287559662471,1.8270147513609512,1.2883409767363936
2.733299203134222,-0.626954535730179,-0.504299439724058
-0.5421219160203736,0.7115741663195283,0.941188339412077
-0.09275011613635895,-0.626954535730179,-0.47515752653571713
0.7161191236548674,-0.40386641872189444,-0.4490409488516573
-0.7618147959636696,-0.40386641872189444,-0.1598400888852597
-0.16265239611831678,-0.626954535730179,-0.13952514544568995
-0.04281991614924621,-0.1807783017136099,0.4600446994332177
-0.6819264759842892,0.934662283327813,0.9256604359930006
-0.7118845959765568,0.04230981529467467,0.029423240017465362
-0.9016193559275852,1.380838517344382,0.6361090798401315
0.2967054437631204,-0.40386641872189444,-0.11939928547513767
-0.6319962759971764,-0.626954535730179,-0.5687261729478468
-0.8117449959507823,0.7115741663195283,0.014504093132787032
-0.7418427159688246,-0.626954535730179,-0.5739559449933569
-0.49219171603326084,-0.40386641872189444,-0.2809549684788991
-0.8916333159301627,-0.626954535730179,-0.6268947045263471
-0.84170311594305,0.7115741663195283,0.630731730452949
-0.38234527606161284,-0.626954535730179,-0.4552069146584007
-0.052805956146668755,0.4884860493112438,-0.17005520800413534
-0.5620939960152187,0.2653979323029592,0.7742737541888421
-0.9016193559275852,-0.1807783017136099,5.069456942056364
-0.6319962759971764,0.2653979323029592,0.6152361095773635
-0.8117449959507823,0.04230981529467467,-0.37937060820657653
1.1754769635363045,-0.626954535730179,-0.5994960486865095
-0.45224755604357064,0.04230981529467467,0.1348903096019197
-0.6919125159817118,-0.1807783017136099,-0.42545624493566186
-0.7118845959765568,0.04230981529467467,-0.1979427137882621
1.5249883634460937,-0.1807783017136099,-0.4652929036033131
-0.8516891559404726,2.719367219394089,0.9000557672128664
-0.5820660760100638,-0.1807783017136099,0.006442680843940719
-0.5521079560177962,-0.1807783017136099,-0.3479550815980977
-0.8916333159301627,-0.1807783017136099,-0.3214695605598572
-0.9016193559275852,0.934662283327813,0.029603099902628455
-0.4622335960409932,-0.626954535730179,-0.5485449714741676
-0.5421219160203736,-0.40386641872189444,-0.45768344692333807
-0.4622335960409932,1.1577504003360974,1.0998754878370842
-0.7618147959636696,-0.1807783017136099,-0.2537915140273518
1.6647929234100094,-0.626954535730179,-0.3683392019165763
-0.47221963603841577,-0.1807783017136099,-0.31429822411297165
-0.8117449959507823,-0.626954535730179,-0.532924832216546
-0.6319962759971764,-0.626954535730179,-0.44349757495509357
-0.5021777560306834,-0.626954535730179,-0.5373798232182768
-0.012861796156978567,0.4884860493112438,-0.2152323217235509
2.164094923281137,-0.626954535730179,-0.49349862303042064
-0.012861796156978567,-0.40386641872189444,-0.39357953913445726
-0.8716612359353176,3.6117196874272275,3.402349501855865
1.0256863635749665,-0.1807783017136099,-0.4444014861728361
-0.06279199614409131,-0.40386641872189444,-0.29626150588546707
1.7646533233842348,-0.1807783017136099,-0.25194218546452146
-0.8516891559404726,-0.1807783017136099,-0.42868449928474217
-0.28248487608738737,-0.1807783017136099,-0.04047769022397823
-0.6220102359997539,-0.1807783017136099,0.8140181770179484
-0.7118845959765568,0.2653979323029592,-0.10323495477009977
-0.5521079560177962,0.04230981529467467,-0.2893115354510899
0.26674732377085275,0.04230981529467467,-0.027956675141473767
2.7932154431187572,-0.40386641872189444,-0.5279948266463076
-0.532135876022951,-0.1807783017136099,-0.15057961069532644
0.8059934836316703,-0.626954535730179,-0.5826630081520192
-0.3923313160590354,-0.626954535730179,-0.47928508031061273
-0.6020381560049088,-0.40386641872189444,0.05102026161281283
0.5163983237064165,-0.626954535730179,-0.2847412496511776
1.27533736351053,-0.626954535730179,-0.5840926636494692
-0.4822056760358383,-0.626954535730179,-0.3461472591626127
-0.7718008359610922,0.7115741663195283,0.3974442358126228
-0.2724988360899648,0.4884860493112438,0.023907536872465347
-0.8317170759456275,0.04230981529467467,-0.11423407851660923
1.6647929234100094,-0.626954535730179,-0.49161701192409957
2.713327123139377,-0.626954535730179,-0.4769422900115658
-0.7618147959636696,0.2653979323029592,0.05521238047468996
-0.7118845959765568,-0.40386641872189444,-0.2532657697476444
-0.4822056760358383,-0.626954535730179,-0.4958045189940494
1.9444020433378406,-0.626954535730179,-0.37678339293538504
2.0342764033146437,-0.626954535730179,-0.5898112856392685
-0.9016193559275852,1.380838517344382,0.38435135853113844
1.9044578833481505,-0.626954535730179,-0.6097342267650214
-0.7618147959636696,-0.1807783017136099,-0.02274535026367269
-0.11272219613120404,-0.40386641872189444,-0.5461099453365754
-0.37235923606419025,0.2653979323029592,0.6447746368714485
0.07701256381982435,-0.40386641872189444,-0.03860069090958441
2.0542484833094887,-0.626954535730179,-0.4451024785457792
-0.7018985559791343,0.2653979323029592,-0.19360762937663994
-0.34240111607192264,0.2653979323029592,-0.12909788389816043
0.6162587236806419,-0.40386641872189444,-0.5009605023687235
0.21681712378374002,-0.1807783017136099,-0.26907960426621075
0.13692880380435965,-0.626954535730179,-0.6384195725525639
-0.8117449959507823,0.04230981529467467,-0.14900237785620432
1.7047370833996995,-0.626954535730179,-0.49839634605716815
1.4650721234615585,-0.626954535730179,-0.5609184092149997
-0.052805956146668755,0.7115741663195283,0.27869520547766663
-0.43227547604872557,-0.1807783017136099,-0.30872256767291717
-0.22256863610285207,-0.626954535730179,-0.051015634777761824
-0.5121637960281059,-0.1807783017136099,0.20329701925893193
-0.8616751959378951,0.4884860493112438,0.013060602259555455
-0.312442996079655,-0.626954535730179,-0.5087313717661525
1.5549464834383613,-0.626954535730179,-0.4908606780480293
-0.2724988360899648,-0.626954535730179,-0.5962770179212838
-0.7518287559662471,0.7115741663195283,0.8314323033352732
-0.0827640761389364,-0.626954535730179,-0.257716148957448
1.255365283515685,-0.40386641872189444,-0.36407329438386304
-0.4822056760358383,-0.1807783017136099,-0.037064964197807554
0.49642624371157135,0.04230981529467467,-0.5559884036447613
0.8958678436084733,-0.626954535730179,-0.5718345207068185
0.7760353636394026,-0.626954535730179,-0.5836545434163797
-0.8317170759456275,0.934662283327813,0.11970367878546047
1.185463003533727,-0.626954535730179,-0.36365823311040985
0.965770123590431,-0.626954535730179,-0.5391691984860527
-0.8516891559404726,-0.40386641872189444,-0.45101479579652354
-0.34240111607192264,0.04230981529467467,-0.042511490463898766
-0.3623731960667677,-0.40386641872189444,-0.25210820997390276
-0.20259655610800698,0.04230981529467467,-0.33061935574353635
-0.41230339605388044,-0.626954535730179,-0.504317886891767
2.2339972032630944,-0.626954535730179,-0.5314259998401872
2.733299203134222,-0.626954535730179,-0.5128174194137027
-0.6419823159945991,0.04230981529467467,2.253529073816358
-0.5421219160203736,-0.626954535730179,-0.343610773602621
-0.7518287559662471,0.2653979323029592,0.22085872291792888
-0.41230339605388044,0.4884860493112438,0.9708836676316889
-0.8916333159301627,6.5118652085349265,6.0819020710149365
-0.7118845959765568,-0.40386641872189444,-0.36120937159703603
1.694751043402277,-0.626954535730179,-0.4075763276336841
-0.3324150760745001,-0.1807783017136099,-0.31910832309310133
-0.7418427159688246,-0.1807783017136099,-0.35322174797902584
-0.2724988360899648,-0.40386641872189444,-0.31182169184803427
-0.052805956146668755,-0.626954535730179,-0.36014404766183955
1.5649325234357838,-0.626954535730179,-0.3993719497950928
-0.9016193559275852,0.4884860493112438,0.4720722527795055
1.5349744034435162,-0.626954535730179,-0.5654610242633484
-0.84170311594305,1.6039266343526666,1.1059861121407004
0.636230803675487,-0.1807783017136099,-0.3076941380731387
0.4065518837347684,-0.626954535730179,-0.47331742155674134
2.024290363317221,-0.626954535730179,-0.6110624228400717
-0.8816472759327402,-0.40386641872189444,-0.5168896316854713
-0.5021777560306834,0.2653979323029592,0.30055048742094037
1.7546672833868122,-0.626954535730179,0.1972555718342244
-0.43227547604872557,0.2653979323029592,0.1950372999172135
-0.84170311594305,1.1577504003360974,0.7797248922468607
-0.7718008359610922,-0.1807783017136099,-0.34340785475782165
1.8844858033533054,-0.626954535730179,-0.48567702392179174
-0.28248487608738737,-0.40386641872189444,-0.17334802744019723
-0.9116053959250078,3.388631570418943,1.9057538445818611
1.5849046034306289,-0.626954535730179,-0.6290115170209583
1.385183803482178,-0.40386641872189444,-0.25121352234001476
-0.7618147959636696,-0.1807783017136099,-0.2669489563958177
-0.8217310359482048,5.17333650648522,1.1005026915391911
-0.8516891559404726,0.04230981529467467,0.19445621413437905
-0.422289436051303,0.4884860493112438,0.22308621841879428
-0.34240111607192264,-0.626954535730179,-0.6125013019213761
0.017096323835289074,0.2653979323029592,-0.12041849149106162
-0.7718008359610922,0.4884860493112438,0.007840053797899761
0.326663563755388,-0.1807783017136099,-0.18067616481260962
0.007110283837866526,0.04230981529467467,-0.1677447002485793
-0.43227547604872557,-0.626954535730179,-0.4931711858035853
0.4464960437244586,-0.626954535730179,-0.5549922565884736
-0.3224290360770775,-0.626954535730179,-0.5467233136629007
0.0670265238224018,0.934662283327813,4.082754835635743
-0.20259655610800698,-0.626954535730179,-0.5053509282834727
-0.2125825961054295,0.04230981529467467,2.4056628659127313
-0.26251279609254224,-0.626954535730179,-0.4900536144607592
-0.2924709160848099,0.4884860493112438,-0.11184978209021702
-0.7618147959636696,-0.40386641872189444,-0.4021067424079566
-0.7018985559791343,1.8270147513609512,1.2016577356716596
-0.6120241960023314,2.496279102385805,2.541152700943633
-0.4822056760358383,0.04230981529467467,-0.1934462166591859
-0.7718008359610922,-0.40386641872189444,-0.5468847263803548
-0.532135876022951,-0.626954535730179,-0.5470691980574451
-0.9016193559275852,2.050102868369236,1.7428884126707587
1.4351140034692909,-0.626954535730179,-0.5012418216762862
-0.18262447611316188,-0.626954535730179,-0.46147433988754377
-0.8916333159301627,-0.40386641872189444,-0.1533190151001175
-0.9016193559275852,0.04230981529467467,0.2131339714397724
2.673382963149687,-0.626954535730179,-0.477804695101963
-0.34240111607192264,0.04230981529467467,-0.372826475461798
-0.7018985559791343,-0.626954535730179,-0.4690837965675188
-0.6220102359997539,0.04230981529467467,-0.2999002097160734
-0.38234527606161284,0.04230981529467467,-0.39857872158360447
-0.6819264759842892,-0.626954535730179,-0.4643797688017161
-0.4822056760358383,-0.40386641872189444,-0.3399167282688877
-0.04281991614924621,0.2653979323029592,0.3972136462162599
-0.9116053959250078,2.9424553364023738,9.073691400817058
-0.04281991614924621,-0.626954535730179,-0.39398537682405593
-0.7418427159688246,-0.40386641872189444,-0.3278891749225998
-0.14268031612347168,-0.626954535730179,-0.5729321271855058
0.7760353636394026,-0.1807783017136099,-0.1561414317595991
-0.1227082361286266,-0.626954535730179,-0.5344928414718136
1.7346952033919671,-0.626954535730179,-0.22431294002832114
1.4151419234744458,-0.40386641872189444,-0.505945849442089
-0.6319962759971764,0.7115741663195283,0.776330613388399
-0.5620939960152187,-0.1807783017136099,-0.24924889897900301
2.243983243260517,-0.626954535730179,-0.28951445429588923
-0.3623731960667677,0.04230981529467467,-0.04889421049122337
-0.4822056760358383,0.2653979323029592,-0.14065964625979532
1.0955886435569242,-0.1807783017136099,-0.5286035831807055
1.3152815235002202,-0.626954535730179,-0.5013478928906131
-0.06279199614409131,-0.40386641872189444,-0.18019192666024753
0.965770123590431,-0.40386641872189444,-0.3962866609957575
-0.49219171603326084,0.04230981529467467,-0.18928638034079956
-0.22256863610285207,-0.1807783017136099,-0.39875396967684024
-0.5221498360255284,0.04230981529467467,-0.25088608511317945
-0.15266635612089424,-0.626954535730179,-0.4469379717328278
-0.3623731960667677,-0.40386641872189444,-0.4552391972018915
-0.6919125159817118,-0.40386641872189444,1.068773563079659
-0.8317170759456275,2.050102868369236,0.5483374558805646
-0.8516891559404726,0.7115741663195283,1.0046973260423415
-0.5920521160074863,-0.40386641872189444,-0.4575912110847929
1.185463003533727,-0.40386641872189444,0.05600099689425103
-0.6919125159817118,-0.1807783017136099,0.005690958759797782
0.7660493236419801,-0.626954535730179,-0.5934269305102386
-0.312442996079655,-0.626954535730179,-0.5757268730934239
-0.4023173560564579,0.2653979323029592,0.1838952106209591
1.674778963407432,-0.40386641872189444,-0.46665799401378133
-0.26251279609254224,-0.40386641872189444,1.0526599620858206
-0.7618147959636696,0.934662283327813,0.5619883599852471
1.7346952033919671,-0.626954535730179,-0.2992545588462573
0.8359516036239379,-0.626954535730179,-0.6361367355485713
-0.4822056760358383,0.2653979323029592,1.7534909223115238
-0.422289436051303,-0.626954535730179,-0.16873162372101236
-0.7618147959636696,0.04230981529467467,-0.31027212976047575
-0.84170311594305,1.1577504003360974,1.8196655246757432
-0.1926105161105844,0.7115741663195283,-0.2487738844104955
-0.22256863610285207,-0.40386641872189444,-0.3614122904418354
2.593494643170306,-0.626954535730179,-0.11994347692255411
-0.7718008359610922,0.04230981529467467,-0.005386565449474992
0.23678920377858512,-0.626954535730179,-0.45639214518370586
2.7932154431187572,-0.626954535730179,-0.49335565748067567
1.035672403572389,-0.626954535730179,-0.38805922419752986
0.8359516036239379,-0.626954535730179,-0.27242776520539974
0.0670265238224018,-0.626954535730179,-0.3850569476528852
-0.7218706359739794,-0.1807783017136099,0.046791248415517565
-0.2125825961054295,-0.626954535730179,0.30471954732318124
2.4636761232038134,-0.626954535730179,-0.5686431606931562
-0.8716612359353176,0.2653979323029592,0.07738126426901727
-0.6220102359997539,-0.40386641872189444,-0.27146851248453024
0.7660493236419801,-0.626954535730179,-0.5805415838654808
0.2867194037656979,-0.626954535730179,-0.5068682078275405
-0.7118845959765568,1.380838517344382,0.3909277738194077
-0.8317170759456275,0.04230981529467467,-0.03356000233309181
1.7546672833868122,-0.626954535730179,-0.5070296205449946
-0.7018985559791343,-0.1807783017136099,-0.3703822257403514
0.3366496037528106,-0.626954535730179,-0.5387034075013998
-0.6719404359868667,-0.1807783017136099,1.8259513970725954
0.45648208372188115,-0.626954535730179,-0.4796724708325023
1.205435083528572,0.4884860493112438,-0.35466985064418477
-0.5521079560177962,0.04230981529467467,0.5343591145490468
0.1269427638069371,-0.40386641872189444,-0.32040423662466067
-0.7518287559662471,-0.40386641872189444,-0.3620533295197242
-0.9016193559275852,-0.40386641872189444,-0.5198273431431343
2.3738017632270103,-0.626954535730179,-0.5418624849715712
-0.2924709160848099,0.934662283327813,0.7091045224647649
0.26674732377085275,-0.1807783017136099,-0.027518554908384275
-0.5820660760100638,-0.626954535730179,-0.4949236667359432
1.2453792435182625,-0.626954535730179,-0.45975875329060395
0.7860214036368253,-0.40386641872189444,-0.16734347435090782
-0.2125825961054295,0.2653979323029592,-0.47394001346692116
-0.9215914359224304,-0.40386641872189444,-0.4955693176057593
1.0256863635749665,-0.626954535730179,-0.5505649363383063
0.34663564375023315,-0.1807783017136099,-0.45782641247308303
-0.4622335960409932,-0.1807783017136099,-0.37220849534354544
-0.8716612359353176,2.2731909853775205,0.7553654072870861
-0.7917729159559372,0.4884860493112438,1.1014573324681336
-0.7518287559662471,-0.1807783017136099,-0.5300839683893552
-0.6519683559920216,0.7115741663195283,0.08369480741743296
-0.5620939960152187,-0.626954535730179,-0.5765985017676756
0.636230803675487,-0.626954535730179,-0.5471983282314083
1.9044578833481505,-0.626954535730179,-0.602885715753044
0.13692880380435965,-0.626954535730179,-0.39984696436360034
-0.6819264759842892,0.04230981529467467,0.26312579593124485
-0.18262447611316188,0.04230981529467467,-0.4975708353021891
-0.7718008359610922,-0.40386641872189444,-0.4947253596830712
0.6462168436729095,-0.626954535730179,-0.5996344024443273
-0.49219171603326084,-0.626954535730179,-0.38548123251019284
-0.8217310359482048,-0.40386641872189444,-0.2554333119534555
-0.6120241960023314,0.7115741663195283,0.005529546042343703
1.9743601633301084,-0.626954535730179,-0.6215865320180736
-0.7218706359739794,0.04230981529467467,-0.1313668855263712
2.3937738432218554,-0.626954535730179,-0.5752841410684071
-0.7518287559662471,-0.40386641872189444,-0.4182341787775764
-0.8916333159301627,4.280984038452082,2.432438929842389
-0.30245695608223244,-0.40386641872189444,-0.46372489434804554
1.0456584435698115,-0.1807783017136099,-0.5485957011853674
-0.6020381560049088,-0.1807783017136099,-0.34239787232575225
-0.9215914359224304,0.04230981529467467,0.288781194422579
-0.8616751959378951,1.1577504003360974,0.16122825329848797
-0.8816472759327402,0.4884860493112438,0.9449976795439918
-0.8317170759456275,0.04230981529467467,-0.23525211047977615
-0.6120241960023314,0.2653979323029592,-0.3188270037855386
-0.4023173560564579,-0.626954535730179,-0.5958250623124126
-0.8117449959507823,-0.40386641872189444,-0.32076395639498684
-0.7518287559662471,1.1577504003360974,0.06415003322971526
-0.7418427159688246,-0.626954535730179,-0.49531566904976015
-0.5620939960152187,-0.40386641872189444,-0.27700727458916663
-0.9116053959250078,-0.40386641872189444,-0.4249351124478817
-0.7518287559662471,-0.1807783017136099,0.06549206468054716
-0.11272219613120404,0.04230981529467467,-0.04584581602730603
-0.6020381560049088,-0.40386641872189444,-0.48220434460056677
-0.2724988360899648,-0.40386641872189444,-0.4346798287901771
-0.84170311594305,-0.40386641872189444,-0.19662835308899365
1.7346952033919671,-0.626954535730179,-0.33441024870774205
1.5349744034435162,-0.1807783017136099,-0.4788746308290867
-0.8916333159301627,0.04230981529467467,0.34868837155765536
-0.3224290360770775,-0.626954535730179,0.15764489097100884
-0.18262447611316188,-0.40386641872189444,-0.34937090171976576
-0.03283387615182366,-0.40386641872189444,-0.3767003806806944
-0.3324150760745001,-0.1807783017136099,-0.39036973195308594
-0.6419823159945991,-0.40386641872189444,-0.5067206304858682
2.29391344324763,-0.626954535730179,-0.602742750203299
-0.4023173560564579,0.04230981529467467,-0.008877691938408976
1.7646533233842348,-0.626954535730179,-0.5457732845258856
-0.9116053959250078,2.050102868369236,0.7561678590824289
-0.3623731960667677,0.2653979323029592,0.07103082678518355
-0.3224290360770775,0.2653979323029592,0.03723561554223978
0.6062726836832194,-0.40386641872189444,0.14041984812270158
-0.7418427159688246,-0.40386641872189444,-0.4589194071598431
0.017096323835289074,-0.626954535730179,-0.5060934267837611
-0.9215914359224304,1.8270147513609512,1.2438002903029397
1.714723123397122,-0.40386641872189444,-0.5109265847235271
2.184067003275982,-0.626954535730179,-0.5644003121200791
-0.2325546761002746,-0.626954535730179,-0.4419341774917533
2.0842066033017566,-0.40386641872189444,-0.5691273988455182
-0.7418427159688246,-0.626954535730179,-0.5750766104316806
-0.8017589559533598,1.380838517344382,0.3128455246990091
-0.5720800360126412,0.2653979323029592,0.28669666447145853
-0.7418427159688246,-0.40386641872189444,-0.5486279837288581
-0.3923313160590354,-0.626954535730179,-0.5835438604101255
-0.3623731960667677,-0.626954535730179,-0.5253384344962072
-0.7118845959765568,-0.40386641872189444,-0.5880357457472745
-0.49219171603326084,-0.626954535730179,-0.5538992619017136
-0.6619543959894442,-0.1807783017136099,-0.16137581559703645
-0.4822056760358383,-0.1807783017136099,-0.35520020671581937
0.19684504378889492,0.4884860493112438,-0.2041225149707873
-0.6819264759842892,-0.626954535730179,-0.48663627664266124
0.9757561635878537,-0.626954535730179,-0.5846645258484491
2.0842066033017566,-0.626954535730179,-0.5066606771908139
-0.9116053959250078,1.380838517344382,0.21326771340566283
1.694751043402277,-0.40386641872189444,-0.5350877626304298
0.1269427638069371,-0.626954535730179,-0.5150310795387865
-0.3623731960667677,-0.626954535730179,-0.5075138586973564
1.1954490435311496,-0.1807783017136099,-0.35881585158678936
-0.2924709160848099,-0.626954535730179,-0.513716718839518
-0.6519683559920216,-0.626954535730179,-0.561282740777253
-0.6419823159945991,0.7115741663195283,0.050951084733903924
-0.8716612359353176,0.2653979323029592,-0.27807721031629035
-0.8516891559404726,0.2653979323029592,1.0327416327519952
-0.26251279609254224,-0.40386641872189444,-0.4704581105618416
-0.9116053959250078,-0.1807783017136099,-0.3652631367010955
-0.47221963603841577,0.04230981529467467,-0.34433943672712775
-0.5920521160074863,-0.626954535730179,-0.5399532031136866
0.4265239637296135,-0.626954535730179,-0.5282392516184522
1.0456584435698115,-0.626954535730179,-0.5618684383520147
1.0456584435698115,-0.40386641872189444,-0.3198877159288078
0.5663285236935292,-0.626954535730179,-0.5024086050338823
-0.052805956146668755,-0.626954535730179,-0.5231386097469053
-0.2924709160848099,-0.626954535730179,-0.6435386615918197
-0.2924709160848099,0.7115741663195283,0.2028542872339152
0.05704048382497926,0.2653979323029592,0.34904809132798137
1.2453792435182625,-0.626954535730179,-0.5501683222325622
-0.9016193559275852,3.1655434534106583,0.9599076028448157
-0.6519683559920216,-0.1807783017136099,-0.2721372223139825
0.8459376436213605,-0.626954535730179,-0.5803478886045359
-0.1926105161105844,-0.1807783017136099,-0.5835392486181983
-0.7218706359739794,0.04230981529467467,0.009721664904220939
-0.731856675971402,-0.1807783017136099,-0.04734464840366475
-0.5920521160074863,0.7115741663195283,0.08976392559370402
-0.1926105161105844,-0.626954535730179,-0.6117172972937422
-0.6919125159817118,0.04230981529467467,-0.35782892811435624
-0.41230339605388044,0.04230981529467467,-0.29909775792073057
1.8145835233713477,-0.626954535730179,-0.5429785386179675
0.7161191236548674,-0.1807783017136099,-0.5004762642163615
-0.8616751959378951,0.7115741663195283,0.18870069780916154
-0.052805956146668755,0.04230981529467467,-0.39523978422827
-0.2924709160848099,0.7115741663195283,0.5041334302578004
-0.6819264759842892,-0.1807783017136099,-0.4936093060366748
-0.8317170759456275,-0.40386641872189444,-0.5075230822812111
-0.1726384361157393,-0.626954535730179,-0.291479077656901
-0.7718008359610922,-0.626954535730179,-0.5445142653297443
0.9857422035852762,-0.626954535730179,-0.581994298322567
0.8059934836316703,-0.40386641872189444,-0.45980487120987656
-0.16265239611831678,-0.626954535730179,-0.4785518053941788
-0.6020381560049088,-0.1807783017136099,-0.4162234374972921
-0.4622335960409932,-0.626954535730179,-0.30890703935000746
-0.13269427612604914,0.04230981529467467,-0.02291598656498117
2.0342764033146437,-0.626954535730179,-0.2650811806652784
-0.9016193559275852,-0.1807783017136099,-0.3472955953524998
-0.84170311594305,-0.1807783017136099,0.0914057235198077
-0.43227547604872557,0.4884860493112438,0.7214549012459609
0.6761749636651772,-0.40386641872189444,-0.5996943557393817
2.663396923152264,-0.40386641872189444,-0.47772168284727234
-0.8816472759327402,0.4884860493112438,-0.4613913276328531
0.13692880380435965,0.04230981529467467,0.01411670261089743
-0.6819264759842892,-0.626954535730179,-0.43140545652182416
-0.6120241960023314,-0.626954535730179,-0.28764667856534987
-0.731856675971402,-0.40386641872189444,-0.6046151377257656
2.0342764033146437,-0.626954535730179,-0.4785287464345424
2.7832294031213345,-0.626954535730179,-0.5318410611136405
-0.7118845959765568,-0.1807783017136099,-0.22366728915850503
-0.8816472759327402,0.04230981529467467,-0.2429169086628783
-0.41230339605388044,0.2653979323029592,0.102759955244716
-0.6319962759971764,-0.626954535730179,-0.5993576949286918
1.8345556033661927,-0.626954535730179,-0.5712257641724204
-0.3224290360770775,-0.40386641872189444,-0.4229013122079612
-0.6819264759842892,-0.40386641872189444,-0.5480376743621691
0.9258259636007409,-0.1807783017136099,-0.16360331109790194
-0.9116053959250078,3.834807804435512,3.6973427724828976
-0.9116053959250078,4.950248389476935,5.361729255446315
0.7860214036368253,-0.626954535730179,-0.5123516284290498
-0.1227082361286266,-0.626954535730179,-0.5410830921358647
-0.8916333159301627,-0.626954535730179,-0.5335428123347985
0.965770123590431,-0.626954535730179,-0.436307791340499
-0.7118845959765568,0.7115741663195283,-0.07228060735434673
-0.7518287559662471,-0.1807783017136099,2.466146517038715
-0.7418427159688246,-0.1807783017136099,-0.14689017715352035
-0.8816472759327402,-0.626954535730179,-0.37243447314798106
0.16688692379662728,-0.626954535730179,-0.39347807971205756
-0.9016193559275852,0.04230981529467467,-0.005769344179437446
-0.3923313160590354,-0.626954535730179,-0.5910933637950462
0.7161191236548674,-0.626954535730179,-0.489781518737051
1.9743601633301084,-0.40386641872189444,-0.2832424172748189
-0.8317170759456275,1.380838517344382,1.2145523059002719
0.15690088379920475,0.2653979323029592,0.41397750987184123
0.02708236383271162,-0.1807783017136099,-0.2209970616326229
1.495030243453826,-0.40386641872189444,-0.47113604397514847
0.6961470436600223,1.8270147513609512,1.9916023513077614
-0.5121637960281059,-0.1807783017136099,-0.26020651659816707
-0.5820660760100638,-0.40386641872189444,-0.5144130994205338
-0.26251279609254224,0.7115741663195283,0.8819913782337983
-0.6919125159817118,-0.40386641872189444,-0.5162762633591459
-0.9215914359224304,3.6117196874272275,3.1992784679229302
-0.6619543959894442,-0.40386641872189444,-0.25821883427751907
-0.8716612359353176,-0.40386641872189444,-0.4105417098429107
-0.3923313160590354,-0.626954535730179,-0.14922835566063994
2.703341083141954,-0.626954535730179,-0.566152793052437
-0.7817868759585147,0.2653979323029592,-0.3627912162280854
1.0057142835801212,-0.40386641872189444,-0.2470629096054829
-0.9016193559275852,-0.626954535730179,-0.5889811630923623
-0.7817868759585147,1.380838517344382,1.0778126752570836
-0.6619543959894442,-0.1807783017136099,0.009394227677385632
0.3366496037528106,-0.1807783017136099,-0.18065310585297328
-0.0827640761389364,-0.40386641872189444,-0.3402164947441594
-0.22256863610285207,-0.626954535730179,-0.4380648840647841
0.8958678436084733,-0.626954535730179,-0.5974484130708072
0.19684504378889492,-0.626954535730179,-0.5016246004062485
2.8032014831161796,-0.626954535730179,-0.5385973362870728
-0.13269427612604914,-0.40386641872189444,-0.21455900010217124
1.5549464834383613,-0.626954535730179,-0.4322955323637849
1.385183803482178,-0.626954535730179,-0.5424251235866966
-0.22256863610285207,-0.1807783017136099,-0.4344676863615232
-0.24254071609769715,-0.626954535730179,-0.5477978611819517
-0.8916333159301627,2.719367219394089,1.2508840027032075
-0.422289436051303,-0.1807783017136099,-0.4940566498536188
-0.18262447611316188,-0.626954535730179,-0.5627446788181937
-0.3224290360770775,-0.626954535730179,-0.4801613207767916
-0.7718008359610922,-0.40386641872189444,-0.5308956437685526
-0.8916333159301627,-0.626954535730179,-0.6047350443158742
1.9244299633429955,-0.626954535730179,-0.5793655769240301
-0.8916333159301627,0.4884860493112438,-0.27108112196264056
-0.5221498360255284,-0.626954535730179,-0.5348710084098487
-0.5720800360126412,-0.626954535730179,-0.4027201107342818
-0.18262447611316188,-0.40386641872189444,-0.4237544937145038
-0.7518287559662471,2.2731909853775205,0.8976345764510562
-0.7817868759585147,0.7115741663195283,1.8872098292423582
1.255365283515685,-0.626954535730179,-0.6113668011072706
0.9258259636007409,-0.626954535730179,-0.586541525162843
-0.6020381560049088,0.04230981529467467,-0.09853553879622425
-0.2325546761002746,-0.626954535730179,-0.3609787820006732
0.8958678436084733,-0.626954535730179,-0.4128153232630487
-0.7817868759585147,-0.40386641872189444,-0.4154763272050763
1.4251279634718683,-0.626954535730179,-0.576229558413495
-0.6220102359997539,0.2653979323029592,0.5747538000398963
1.7047370833996995,-0.626954535730179,-0.5419362736424074
-0.8916333159301627,-0.40386641872189444,-0.5637269904986996
-0.41230339605388044,0.04230981529467467,-0.27109956913034955
1.5249883634460937,-0.626954535730179,-0.586559972330552
-0.1227082361286266,-0.40386641872189444,-0.27244160058118155
1.8145835233713477,-0.626954535730179,-0.4926500533158053
-0.9215914359224304,2.9424553364023738,1.388970276589155
-0.14268031612347168,-0.626954535730179,-0.4973909754170261
-0.6319962759971764,0.2653979323029592,0.3628235138147
-0.1926105161105844,-0.40386641872189444,-0.457807965305374
-0.7618147959636696,0.4884860493112438,0.6833661117187402
1.2953094435053751,-0.40386641872189444,-0.5457686727339583
-0.6120241960023314,0.04230981529467467,-0.11384207620279228
-0.7018985559791343,1.380838517344382,0.12885347396913954
-0.6220102359997539,-0.1807783017136099,-0.06632217218432987
0.1269427638069371,-0.626954535730179,-0.5396811073899784
-0.8816472759327402,-0.40386641872189444,-0.3288161450999786
1.5249883634460937,-0.626954535730179,-0.42143015058316596
0.8459376436213605,-0.40386641872189444,-0.26173763151801666
0.7660493236419801,-0.40386641872189444,-0.5475396008340253
-0.5021777560306834,-0.626954535730179,-0.512213274671232
-0.2125825961054295,-0.626954535730179,-0.4071751017360127
-0.34240111607192264,0.7115741663195283,2.4777543973196225
-0.7718008359610922,-0.40386641872189444,-0.08700605897808021
0.4764541637167263,0.04230981529467467,-0.3689664056186834
-0.7518287559662471,0.4884860493112438,1.1013881555892244
-0.7118845959765568,2.496279102385805,3.3317798617849688
-0.8317170759456275,0.04230981529467467,-0.24299069733371448
2.7432852431316443,-0.626954535730179,-0.5894238951173789
0.9557840835930085,-0.626954535730179,-0.6282182888094701
-0.7718008359610922,0.04230981529467467,-0.0616458151700906
2.683369003147109,-0.626954535730179,-0.5838159561338336
-0.7418427159688246,-0.626954535730179,-0.5913885184783907
-0.2525267560951197,-0.40386641872189444,-0.38468800429870453
-0.7817868759585147,0.4884860493112438,-0.5048067368360563
-0.6919125159817118,-0.40386641872189444,-0.026213417792970404
-0.7618147959636696,1.6039266343526666,1.2426842366565434
-0.6519683559920216,-0.1807783017136099,0.13418009364512204
-0.9116053959250078,3.6117196874272275,3.1054054432436016
-0.38234527606161284,-0.40386641872189444,-0.5059504612340162
-0.5920521160074863,0.04230981529467467,0.08799299749363702
-0.9016193559275852,1.8270147513609512,0.7880030587562881
2.7233131631367993,-0.626954535730179,-0.5864216185727342
-0.5021777560306834,-0.626954535730179,-0.5615410011251795
-0.20259655610800698,0.4884860493112438,0.1701843532212222
-0.8816472759327402,0.2653979323029592,-0.1721674087068193
-0.3224290360770775,-0.40386641872189444,-0.49672687737950094
-0.4622335960409932,0.7115741663195283,0.7187754501362242
-0.9215914359224304,0.04230981529467467,-0.06477722188869861
-0.1726384361157393,-0.40386641872189444,-0.4513652919829951
-0.2125825961054295,-0.40386641872189444,-0.5422268165338247
1.6248487634203193,-0.40386641872189444,-0.1269718478196947
-0.24254071609769715,-0.40386641872189444,-0.42588052979296953
0.41653792373219095,0.04230981529467467,-0.34284982793462354
1.475058163458981,-0.626954535730179,-0.5942616648490722
1.3352536034950653,-0.40386641872189444,0.275176408237169
-0.84170311594305,2.050102868369236,1.6949396120030613
-0.84170311594305,2.050102868369236,1.8433240172625749
-0.9215914359224304,3.6117196874272275,5.826385739285229
-0.5620939960152187,-0.1807783017136099,-0.40121205477406857
-0.47221963603841577,-0.626954535730179,-0.3434355255093852
-0.0827640761389364,0.2653979323029592,0.7510533818351002
-0.7418427159688246,1.380838517344382,0.4919260170263494
-0.9016193559275852,0.2653979323029592,0.11516106373711166
-0.84170311594305,1.6039266343526666,1.0156733908292148
-0.7418427159688246,2.496279102385805,2.540848322676434
2.2339972032630944,-0.40386641872189444,-0.1324783273808403
-0.15266635612089424,-0.626954535730179,-0.5071126327996851
1.7346952033919671,-0.40386641872189444,-0.2306449303444458
-0.6919125159817118,0.4884860493112438,1.1260889131516165
2.753271283129067,-0.626954535730179,-0.3667619690774542
-0.7817868759585147,0.7115741663195283,0.17012901171809516
-0.6719404359868667,-0.626954535730179,-0.5757222613014966
1.6847650034048545,-0.626954535730179,-0.5113785403323984
-0.7618147959636696,2.050102868369236,1.5354915179100566
-0.022847836154401117,-0.40386641872189444,-0.38043593214177307
2.0842066033017566,0.4884860493112438,-0.2972299821901912
-0.6719404359868667,0.2653979323029592,-0.019637002504701052
2.703341083141954,-0.626954535730179,-0.5280501681494347
-0.47221963603841577,0.04230981529467467,-0.16281469467834087
-0.5521079560177962,3.834807804435512,2.6751575389739575
-0.41230339605388044,-0.1807783017136099,-0.30355274892246137
-0.6120241960023314,-0.626954535730179,-0.3678226812207235
-0.41230339605388044,-0.1807783017136099,-0.3479873641415885
-0.14268031612347168,0.2653979323029592,0.39019911069490104
-0.4023173560564579,-0.626954535730179,-0.4536711879466239
2.044262443312066,-0.626954535730179,-0.6445301968561802
0.8359516036239379,-0.626954535730179,-0.4972987395784809
-0.6419823159945991,0.7115741663195283,0.37438988796826206
-0.8217310359482048,0.7115741663195283,-0.05045760795456364
-0.06279199614409131,2.9424553364023738,2.6653298103769716
-0.8816472759327402,3.1655434534106583,2.4344681182903827
-0.5521079560177962,-0.40386641872189444,-0.2606861429586019
-0.7518287559662471,0.2653979323029592,0.052841919424079606
-0.4822056760358383,0.2653979323029592,-0.3585160851115176
-0.6220102359997539,-0.626954535730179,0.16759252615810347
2.7932154431187572,-0.626954535730179,-0.5505649363383063
-0.3523871560693452,-0.626954535730179,-0.5429923739937493
2.7832294031213345,-0.626954535730179,0.2772055966851624
0.20683108378631748,-0.1807783017136099,0.03417799749446804
1.2154211235259949,-0.626954535730179,-0.5358533200903545
2.25396928325794,-0.626954535730179,-0.5969918456700087
-0.28248487608738737,-0.626954535730179,-0.47592769578756916
-0.8516891559404726,-0.1807783017136099,-0.2820249042060229
0.03706840383013417,-0.626954535730179,-0.5002410628280712
-0.731856675971402,-0.1807783017136099,-0.08950565020265387
1.055644483567234,-0.626954535730179,-0.36408712975964486
-0.8916333159301627,2.050102868369236,0.6408684491090615
2.004318283322376,-0.626954535730179,-0.6305795262762259
1.7946114433765026,-0.40386641872189444,-0.11793273564226983
-0.6220102359997539,1.6039266343526666,1.9250726409651433
-0.45224755604357064,-0.1807783017136099,-0.42577445857864266
1.6647929234100094,-0.626954535730179,-0.4795248934908301
-0.3523871560693452,0.2653979323029592,-0.297100852016228
-0.6020381560049088,0.2653979323029592,0.3824513002571084
-0.3623731960667677,-0.626954535730179,-0.5671258811490885
-0.2525267560951197,0.04230981529467467,-0.3411803592569563
-0.8317170759456275,1.6039266343526666,0.13382959745865047
-0.3324150760745001,-0.626954535730179,-0.47491310156357247
-0.13269427612604914,-0.40386641872189444,-0.5435919069442927
-0.1926105161105844,-0.40386641872189444,-0.5328372081699281
-0.9116053959250078,4.057895921443797,4.247644844202911
0.0670265238224018,-0.40386641872189444,-0.4515313164923764
2.7832294031213345,-0.626954535730179,-0.5027175950930086
-0.8317170759456275,2.050102868369236,0.3996717313134884
-0.731856675971402,-0.626954535730179,-0.59663673769161
0.2967054437631204,-0.40386641872189444,-0.3729002641326341
-0.8516891559404726,-0.626954535730179,-0.6089963400566603
-0.8916333159301627,0.4884860493112438,0.06654816503188914
-0.6419823159945991,0.7115741663195283,0.13453058983159363
1.8844858033533054,-0.40386641872189444,-0.5953546595358323
-0.3623731960667677,-0.626954535730179,-0.5338056844746522
-0.9215914359224304,1.380838517344382,-0.09539029670183458
2.713327123139377,-0.626954535730179,-0.454925595350838
-0.04281991614924621,-0.626954535730179,-0.5053140339480546
-0.8217310359482048,-0.626954535730179,-0.11006963040629553
0.6961470436600223,0.04230981529467467,0.08896608559028844
-0.28248487608738737,-0.626954535730179,-0.49300977308613136
-0.7018985559791343,-0.1807783017136099,-0.39861100412709527
0.8059934836316703,-0.40386641872189444,-0.43384509445134345
0.09698464381466945,0.04230981529467467,-0.3067348853522691
0.49642624371157135,-0.1807783017136099,-0.12900564805961534
0.05704048382497926,-0.40386641872189444,-0.5132463160629377
-0.7018985559791343,0.2653979323029592,-0.22442362303457528
0.9857422035852762,-0.626954535730179,-0.5035062115125697
-0.8816472759327402,-0.40386641872189444,-0.3939623178644196
2.673382963149687,-0.626954535730179,-0.42519337279580816
-0.8516891559404726,1.380838517344382,0.11569141980874632
-0.7917729159559372,3.834807804435512,2.308423233126505
0.09698464381466945,0.04230981529467467,-0.4539202247106959
-0.9016193559275852,1.1577504003360974,0.09381769069776344
-0.8217310359482048,1.6039266343526666,0.8984923697495261
0.02708236383271162,-0.626954535730179,-0.41677224073663577
1.3352536034950653,-0.626954535730179,-0.48098221973984356
-0.7718008359610922,-0.40386641872189444,-0.43382203549170717
-0.5421219160203736,-0.40386641872189444,-0.28876273221174625
-0.422289436051303,-0.626954535730179,-0.48867468867450914
0.18685900379147238,-0.626954535730179,-0.5939157804545279
0.636230803675487,-0.626954535730179,-0.5553058584395272
-0.5421219160203736,-0.626954535730179,-0.4959567081276489
0.9058538836058958,-0.1807783017136099,-0.5544157825975664
-0.9215914359224304,0.04230981529467467,-0.13595100670206528
1.3452396434924878,-0.626954535730179,-0.45558046980450856
0.34663564375023315,-0.40386641872189444,-0.562855361824448
-0.532135876022951,-0.40386641872189444,-0.5301024155570643
-0.6220102359997539,1.6039266343526666,0.8161303777206323
1.035672403572389,-0.40386641872189444,-0.3746942511923373
-0.84170311594305,6.734953325543211,7.006709317979832
-0.5620939960152187,0.4884860493112438,0.21606245931358092
0.07701256381982435,-0.1807783017136099,-0.06324149517692175
-0.5021777560306834,2.719367219394089,4.056186302342812
-0.43227547604872557,-0.626954535730179,-0.5474196942439167
-0.5021777560306834,-0.626954535730179,-0.5570491157880305
-0.4023173560564579,-0.626954535730179,-0.516474570412018
0.9358120035981634,-0.626954535730179,-0.5888105267910537
2.4037598832192777,-0.626954535730179,-0.49295904337493146
-0.8916333159301627,-0.1807783017136099,-0.48832880427996483
-0.8317170759456275,-0.40386641872189444,-0.5794301420110117
-0.6919125159817118,-0.40386641872189444,-0.4948083719377618
-0.7817868759585147,-0.626954535730179,-0.6299338754064098
2.753271283129067,-0.626954535730179,-0.47299920791376054
0.5163983237064165,-0.40386641872189444,-0.30138520671665037
-0.3324150760745001,-0.40386641872189444,-0.5661251223008735
-0.6220102359997539,-0.40386641872189444,-0.4143787207263891
0.4764541637167263,-0.1807783017136099,-0.5504542533320521
-0.7018985559791343,0.04230981529467467,-0.2694208768688278
-0.7118845959765568,0.4884860493112438,0.6507330720414655
-0.16265239611831678,-0.1807783017136099,-0.33264854419152967
-0.8816472759327402,0.4884860493112438,2.639005702056185
-0.26251279609254224,0.2653979323029592,0.32015521490371257
-0.8117449959507823,0.4884860493112438,-0.2558160906834179
-0.09275011613635895,-0.626954535730179,-0.6401259355656491
-0.6220102359997539,0.7115741663195283,0.04155686457808022
-0.26251279609254224,-0.626954535730179,-0.44703020757137296
-0.26251279609254224,-0.1807783017136099,-0.32107294645411305
0.9358120035981634,-0.40386641872189444,-0.5205975123949863
-0.5521079560177962,-0.40386641872189444,-0.4480263546276606
-0.7817868759585147,-0.1807783017136099,-0.4385398986332916
-0.5820660760100638,-0.626954535730179,-0.5575610246919561
1.0157003235775437,-0.1807783017136099,0.08179013735147563
-0.9116053959250078,0.2653979323029592,-0.3038663507735149
-0.9215914359224304,0.2653979323029592,-0.40728117295033955
2.733299203134222,-0.626954535730179,-0.5789597392344314
-0.28248487608738737,-0.626954535730179,-0.552976903516262
2.0542484833094887,-0.40386641872189444,-0.5126191123608307
-0.6719404359868667,-0.1807783017136099,-0.4151950078975137
-0.8516891559404726,0.4884860493112438,-0.06007319412289582
-0.7618147959636696,-0.1807783017136099,-0.23942578217394433
0.22680316378116255,-0.626954535730179,0.1409179216508455
-0.6419823159945991,-0.626954535730179,-0.4787593360309053
-0.8916333159301627,2.496279102385805,1.0301036877696037
-0.8816472759327402,0.7115741663195283,0.7546182969948703
-0.11272219613120404,0.04230981529467467,-0.38818835437149307
-0.6419823159945991,0.2653979323029592,-0.21793483179292383
-0.2125825961054295,-0.626954535730179,-0.4714081396988567
-0.8916333159301627,0.934662283327813,0.0496413358265628
-0.6419823159945991,1.6039266343526666,0.5323207025171989
1.964374123332686,-0.626954535730179,-0.5939434512060914
-0.5720800360126412,-0.626954535730179,-0.561513330373616
-0.84170311594305,0.4884860493112438,-0.3595537382951505
-0.6919125159817118,-0.40386641872189444,-0.38688782904800645
1.8345556033661927,-0.626954535730179,-0.4656987412929118
-0.43227547604872557,0.4884860493112438,-0.15334207405975375
0.6262447636780645,1.6039266343526666,0.5492321435144526
-0.3224290360770775,-0.626954535730179,-0.5751550108944439
-0.8117449959507823,3.388631570418943,2.613852988884922
-0.7218706359739794,-0.1807783017136099,-0.26353161857771984
2.773243363123912,-0.626954535730179,-0.5400731097037953
0.22680316378116255,-0.1807783017136099,-0.3958162582191772
-0.13269427612604914,2.9424553364023738,0.6481550803541284
-0.8916333159301627,0.7115741663195283,-0.04885270436387798
-0.6719404359868667,-0.1807783017136099,-0.47152343449703815
-0.8816472759327402,3.834807804435512,1.454351650741886
-0.4023173560564579,-0.626954535730179,-0.5769766687057106
-0.9215914359224304,-0.40386641872189444,-0.3865096621099713
-0.38234527606161284,-0.40386641872189444,-0.21688795502543637
-0.6719404359868667,-0.626954535730179,-0.525476788254025
-0.84170311594305,0.04230981529467467,0.6043107745016904
-0.41230339605388044,-0.1807783017136099,0.7602815774815427
-0.8017589559533598,1.1577504003360974,0.23228213152174598
1.185463003533727,-0.1807783017136099,-0.2696007367539909
-0.7118845959765568,3.388631570418943,1.3577945631608934
1.4251279634718683,-0.626954535730179,-0.45879950056973434
0.45648208372188115,-0.1807783017136099,-0.44563744640934116
-0.8916333159301627,0.4884860493112438,-0.053058658601536975
-0.3623731960667677,-0.1807783017136099,-0.10273226945002872
0.41653792373219095,-0.1807783017136099,-0.056987905323560455
0.15690088379920475,-0.40386641872189444,-0.568961374336137
-0.6319962759971764,-0.626954535730179,-0.636667091620206
-0.9215914359224304,1.1577504003360974,0.31533589233972825
0.9158399236033183,0.04230981529467467,-0.4070598069378312
-0.7518287559662471,-0.626954535730179,-0.5038751548667503
1.455086083464136,-0.40386641872189444,-0.45411391997164063
-0.06279199614409131,-0.626954535730179,-0.5921402405625338
-0.5421219160203736,-0.1807783017136099,-0.4133180085831198
0.22680316378116255,-0.626954535730179,-0.5382652872683102
0.9358120035981634,-0.626954535730179,-0.5952762590730689
1.3352536034950653,-0.626954535730179,-0.5576809312820649
-0.8516891559404726,0.7115741663195283,0.34756770611933163
0.9557840835930085,-0.626954535730179,-0.49913423276552943
-0.8916333159301627,-0.40386641872189444,-0.4436036461694205
-0.5421219160203736,-0.1807783017136099,-0.34630406008813946
-0.5521079560177962,-0.626954535730179,-0.48152179939533263
1.7346952033919671,-0.626954535730179,-0.5302638282745183
-0.15266635612089424,-0.626954535730179,-0.48746178739764046
-0.8916333159301627,0.4884860493112438,0.2078442460992079
1.6148627234228967,-0.40386641872189444,-0.17195526627816543
-0.3224290360770775,-0.626954535730179,-0.46913913807064594
-0.8017589559533598,0.7115741663195283,0.2326879692113446
-0.052805956146668755,-0.40386641872189444,1.4103782147154849
-0.7618147959636696,1.380838517344382,1.8736788317277844
-0.6319962759971764,-0.40386641872189444,0.21762124498499405
-0.9016193559275852,0.7115741663195283,0.09937489997010884
-0.8816472759327402,-0.626954535730179,-0.5880956990423287
-0.8616751959378951,0.4884860493112438,-0.12362829867243294
1.255365283515685,-0.626954535730179,-0.5637085433309905
-0.8217310359482048,0.2653979323029592,0.0982265637802217
-0.6319962759971764,0.4884860493112438,0.02566001780482322
1.9444020433378406,-0.1807783017136099,-0.32251182553541746
0.5663285236935292,0.04230981529467467,-0.5102117569748023
-0.7018985559791343,-0.40386641872189444,-0.42267072261159827
-0.9215914359224304,1.6039266343526666,1.193647053094013
-0.07277803614151385,-0.1807783017136099,0.04261757672134945
-0.47221963603841577,-0.40386641872189444,-0.041127952885721485
-0.8816472759327402,0.04230981529467467,-0.28571894953975624
-0.422289436051303,0.4884860493112438,-0.23584241984646512
-0.7518287559662471,-0.626954535730179,-0.5561636517379971
-0.6319962759971764,-0.626954535730179,-0.5213261755194931
-0.8516891559404726,-0.1807783017136099,-0.3771938424169109
-0.6419823159945991,-0.1807783017136099,0.2016690567086099
-0.9016193559275852,3.6117196874272275,3.3633521893189746
-0.5221498360255284,-0.40386641872189444,-0.22192864360192893
-0.8217310359482048,0.04230981529467467,-0.06605930004447622
-0.6220102359997539,-0.626954535730179,-0.6135158961453727
-0.4822056760358383,-0.1807783017136099,-0.6020555932061376
-0.3224290360770775,-0.1807783017136099,-0.4812635390474062
0.9158399236033183,-0.40386641872189444,-0.5748552444191722
-0.14268031612347168,0.4884860493112438,-0.24154720646048278
0.17687296379404982,-0.40386641872189444,-0.3160553168372568
-0.2924709160848099,-0.626954535730179,-0.5785262307932691
-0.8117449959507823,-0.40386641872189444,-0.4708501128756585
-0.07277803614151385,-0.1807783017136099,-0.17118048523438611
-0.7718008359610922,-0.1807783017136099,-0.3024413070679923
1.5249883634460937,-0.40386641872189444,-0.44632460340650254
-0.052805956146668755,-0.626954535730179,-0.061798004303690174
-0.6319962759971764,-0.626954535730179,-0.5944230775665261
0.4464960437244586,-0.626954535730179,-0.4388535004843452
-0.6619543959894442,-0.1807783017136099,-0.15211072561517594
-0.9016193559275852,0.2653979323029592,-0.1682104912332323
-0.6120241960023314,0.04230981529467467,0.1539692928049845
-0.6819264759842892,-0.626954535730179,-0.20884037811237183
0.19684504378889492,-0.1807783017136099,-0.4897169536500694
0.636230803675487,-0.626954535730179,-0.3501733535151086
-0.0827640761389364,-0.1807783017136099,-0.13854744555711127
0.24677524377600765,-0.1807783017136099,-0.21950745284011866
-0.9016193559275852,1.1577504003360974,1.9617225514110592
0.02708236383271162,0.4884860493112438,0.8228912646859919
1.0057142835801212,-0.626954535730179,-0.5351661630931931
-0.6519683559920216,-0.626954535730179,-0.46220761480397776
0.37659376374250075,-0.626954535730179,-0.4163710148389643
-0.6519683559920216,0.2653979323029592,-0.020748444359170178
-0.11272219613120404,-0.1807783017136099,-0.10211890112370339
-0.6319962759971764,0.2653979323029592,0.7743521546516056
1.7247091633945446,-0.626954535730179,-0.5382330047248195
-0.1926105161105844,1.6039266343526666,1.7667359887266079
2.204039083270827,0.04230981529467467,-0.4026232631038094
-0.7218706359739794,0.7115741663195283,0.02758774683041693
-0.34240111607192264,-0.1807783017136099,-0.25174387841164936
-0.8117449959507823,3.834807804435512,1.450210261591209
-0.6519683559920216,1.1577504003360974,0.6033976397000933
0.20683108378631748,-0.626954535730179,-0.5059504612340162
-0.6519683559920216,1.1577504003360974,0.47395847567775395
-0.7518287559662471,0.04230981529467467,0.02007052598898694
-0.7518287559662471,0.04230981529467467,-0.2615808305924899
-0.5720800360126412,-0.1807783017136099,-0.2583710234111186
-0.5720800360126412,-0.40386641872189444,-0.47292080745099724
-0.15266635612089424,-0.626954535730179,-0.5914715307330813
-0.7118845959765568,-0.40386641872189444,-0.5136152594171183
-0.6819264759842892,-0.40386641872189444,-0.5130203382585021
-0.6020381560049088,-0.40386641872189444,0.2778743065146147
0.15690088379920475,-0.1807783017136099,0.002056866721118734
-0.5820660760100638,-0.40386641872189444,0.6210561909895626
0.2967054437631204,0.2653979323029592,0.0742867518858275
-0.8616751959378951,0.4884860493112438,0.2991946205943266
-0.6519683559920216,0.04230981529467467,0.2719527656800159
-0.8916333159301627,0.7115741663195283,0.26440787408702254
-0.9016193559275852,1.1577504003360974,1.119023647919058
-0.43227547604872557,0.04230981529467467,0.17188610444238028
2.2839274032502073,-0.626954535730179,-0.5069835026257219
-0.7018985559791343,-0.1807783017136099,-0.035584578989157845
-0.7817868759585147,0.04230981529467467,-0.17487453056811952
-0.9116053959250078,0.934662283327813,-0.20610097370758082
-0.7518287559662471,-0.40386641872189444,-0.19811335008957062
-0.8317170759456275,0.04230981529467467,0.10164851339024687
1.6847650034048545,-0.626954535730179,-0.6344995494143949
0.6562028836703321,-0.40386641872189444,-0.3392157358959445
-0.6020381560049088,0.4884860493112438,4.333313491043649
-0.6419823159945991,0.4884860493112438,-0.23982700807161575
0.7161191236548674,-0.626954535730179,-0.570949056656785
-0.4622335960409932,-0.626954535730179,-0.5394459060016883
-0.8716612359353176,0.934662283327813,-0.27679974395244
-0.8516891559404726,-0.1807783017136099,-0.2600220449210768
1.9444020433378406,-0.626954535730179,-0.5926705966341683
2.243983243260517,-0.626954535730179,-0.5738452619871027
-0.9016193559275852,-0.40386641872189444,-0.3663653549717101
1.3951698434796005,-0.626954535730179,-0.5044654642334392
0.2567612837734302,-0.626954535730179,-0.5824693128910745
0.6861610036625997,-0.626954535730179,-0.48701444358069645
0.9158399236033183,-0.626954535730179,-0.5105622531612738
-0.43227547604872557,-0.626954535730179,-0.5399578149056138
0.5863006036883742,0.2653979323029592,-0.18994586658639737
2.4137459232167005,-0.626954535730179,-0.573812979443612
-0.8816472759327402,0.2653979323029592,0.4897031333174114
-0.7718008359610922,0.7115741663195283,1.6099396749917765
0.13692880380435965,-0.40386641872189444,-0.45570037639461725
-0.7718008359610922,0.7115741663195283,-0.12063985750357
1.8245695633687702,-0.626954535730179,-0.47078093599674964
-0.7718008359610922,1.8270147513609512,4.265653891678853
1.5349744034435162,-0.626954535730179,-0.4368289238282791
1.455086083464136,-0.626954535730179,-0.3792368662406861
-0.9215914359224304,-0.40386641872189444,-0.19219642104689907
0.1269427638069371,-0.1807783017136099,-0.3004766837069806
-0.7018985559791343,0.04230981529467467,0.144473613226761
-0.41230339605388044,-0.626954535730179,-0.5886675612413088
1.0157003235775437,-0.1807783017136099,0.1329026272812717
-0.6919125159817118,-0.626954535730179,-0.5476687310079885
-0.18262447611316188,-0.626954535730179,-0.49437486349659965
-0.7518287559662471,-0.40386641872189444,-0.5301808160198277
-0.8516891559404726,-0.40386641872189444,-0.49914345634938395
-0.6120241960023314,-0.1807783017136099,-0.061959417021144145
-0.7118845959765568,-0.1807783017136099,0.0634398172729176
-0.6220102359997539,0.4884860493112438,0.9761826165561077
-0.6419823159945991,1.380838517344382,0.14487483912443247
-0.7118845959765568,-0.40386641872189444,-0.5110879974409811
-0.6020381560049088,0.7115741663195283,0.49163086234300496
1.9044578833481505,-0.626954535730179,-0.5730797045271779
-0.5421219160203736,-0.40386641872189444,-0.5510999042018683
-0.3523871560693452,-0.40386641872189444,-0.26081527313256514
1.9543880833352631,-0.626954535730179,-0.5425358065929508
-0.14268031612347168,-0.626954535730179,-0.49971531854836393
-0.8816472759327402,0.934662283327813,1.0908179284919501
1.2453792435182625,-0.626954535730179,-0.6186349851846287
-0.49219171603326084,0.04230981529467467,0.019540169917352378
1.0856026035595017,-0.626954535730179,-0.5050788325597646
0.8459376436213605,-0.1807783017136099,-0.31799688123863223
-0.37235923606419025,0.04230981529467467,-0.2847089671076868
-0.3623731960667677,-0.40386641872189444,-0.5356135069101371
-0.8516891559404726,0.4884860493112438,0.8974501047739658
-0.4622335960409932,-0.40386641872189444,-0.5798498150763922
1.3352536034950653,-0.626954535730179,-0.5522021224724828
-0.8217310359482048,0.7115741663195283,0.49480377518895824
0.1269427638069371,-0.40386641872189444,-0.4692821036203909
-0.34240111607192264,-0.40386641872189444,-0.44115478465604674
-0.6519683559920216,0.7115741663195283,0.3193020333971698
-0.5720800360126412,0.7115741663195283,0.13742218336998413
2.673382963149687,-0.626954535730179,-0.5416734015025537
-0.6319962759971764,-0.626954535730179,-0.17908048480577846
-0.6919125159817118,-0.1807783017136099,-0.32702215804027535
-0.3923313160590354,-0.626954535730179,-0.5126191123608307
-0.5720800360126412,0.4884860493112438,0.9955752016102261
0.8159795236290929,0.04230981529467467,0.07528289894211508
-0.3923313160590354,-0.626954535730179,-0.4691299144867915
-0.4023173560564579,-0.626954535730179,-0.5520683805065923
-0.6619543959894442,0.934662283327813,0.4223940301390866
1.5948906434280516,-0.626954535730179,-0.5416411189590629
-0.532135876022951,0.7115741663195283,0.6363857873557669
-0.3324150760745001,0.4884860493112438,-0.15781551222919366
1.4051558834770232,-0.626954535730179,-0.5939157804545279
-0.8916333159301627,1.380838517344382,0.25394832999600225
-0.6120241960023314,-0.626954535730179,-0.593579119643838
-0.6919125159817118,2.2731909853775205,0.8237721169440982
-0.8616751959378951,-0.40386641872189444,-0.49200440244598914
-0.28248487608738737,-0.626954535730179,-0.49469307713958044
2.164094923281137,-0.40386641872189444,-0.4701398969188608
2.154108883283714,-0.626954535730179,-0.464790218283242
-0.7418427159688246,0.4884860493112438,-0.21306477951773978
-0.7718008359610922,0.934662283327813,0.23278942863374427
0.02708236383271162,-0.40386641872189444,-0.49925413935563817
1.7047370833996995,0.934662283327813,1.031699367776435
-0.8117449959507823,1.380838517344382,0.7947962282651385
-0.9016193559275852,-0.40386641872189444,-0.45359278748386056
-0.5820660760100638,-0.626954535730179,-0.5582297345214086
0.8958678436084733,-0.626954535730179,-0.5771334696312374
-0.6819264759842892,-0.40386641872189444,-0.39258339207816956
-0.8017589559533598,0.4884860493112438,-0.2237595249970502
-0.8217310359482048,-0.40386641872189444,-0.501131138670032
-0.9016193559275852,2.9424553364023738,1.0689119168374763
2.1940530432734042,-0.626954535730179,-0.4698585776112981
0.14691484380178219,-0.40386641872189444,-0.12280278791745385
-0.9215914359224304,4.950248389476935,3.2883598407898385
-0.4023173560564579,-0.626954535730179,-0.20587960769507246
1.1155607235517693,-0.626954535730179,-0.56719044623607
-0.7817868759585147,-0.626954535730179,-0.5170879387383434
0.26674732377085275,-0.626954535730179,-0.499304869066838
-0.8916333159301627,-0.40386641872189444,-0.4701030025834428
2.693355043144532,-0.626954535730179,-0.5218196372557097
0.23678920377858512,-0.40386641872189444,-0.4853495866949564
-0.7518287559662471,-0.626954535730179,-0.5640498159336076
-0.8816472759327402,-0.40386641872189444,-0.5211924335536026
-0.5221498360255284,-0.40386641872189444,-0.5118351077331968
0.13692880380435965,-0.40386641872189444,-0.5355766125747191
0.5463564436986841,-0.40386641872189444,-0.3782084366409076
-0.41230339605388044,0.2653979323029592,-0.06823606583414181
1.1455188435440369,-0.626954535730179,-0.6170024108423795
0.45648208372188115,-0.40386641872189444,-0.3926064510378059
-0.9116053959250078,-0.1807783017136099,-0.5094830938502956
0.3366496037528106,-0.40386641872189444,-0.4999735788962903
0.14691484380178219,0.04230981529467467,-0.29408474009580154
-0.5121637960281059,0.04230981529467467,0.34464383003745047
-0.5820660760100638,-0.626954535730179,-0.5965352782692103
1.3452396434924878,-0.40386641872189444,-0.15494236585851218
1.475058163458981,-0.626954535730179,-0.5327910902506555
-0.3523871560693452,-0.626954535730179,-0.5596363310592221
0.3666077237450782,-0.1807783017136099,0.13103946334265965
-0.3324150760745001,0.4884860493112438,0.11352387760293522
-0.7118845959765568,-0.626954535730179,-0.5764509244260032
-0.6719404359868667,0.7115741663195283,-0.1624549749080148
-0.84170311594305,0.7115741663195283,0.007521840154919066
-0.6120241960023314,-0.1807783017136099,-0.21689256681736363
-0.8916333159301627,-0.40386641872189444,-0.40967008116865905
2.1441228432862918,-0.626954535730179,-0.3922421194755525
-0.8516891559404726,1.1577504003360974,0.20879427523622293
-0.6419823159945991,-0.1807783017136099,-0.3939946004079104
-0.7618147959636696,-0.626954535730179,-0.5871456699053137
0.07701256381982435,-0.40386641872189444,-0.41639868559052784
-0.8117449959507823,0.04230981529467467,-0.34344474909323974
-0.7218706359739794,-0.626954535730179,-0.5709767274083485
-0.7817868759585147,0.2653979323029592,-0.12253069219374559
2.673382963149687,-0.626954535730179,-0.5309463734797525
-0.8217310359482048,3.388631570418943,3.3343209591368876
0.017096323835289074,-0.626954535730179,-0.608097040630845
-0.15266635612089424,-0.40386641872189444,-0.007595613782631476
0.45648208372188115,-0.1807783017136099,-0.34912186495569386
-0.6220102359997539,-0.626954535730179,0.4277529323585599
-0.6819264759842892,0.934662283327813,0.5195644860464044
-0.9116053959250078,7.18112955955978,2.2320288998514823
-0.47221963603841577,-0.1807783017136099,0.5529630831836041
0.0670265238224018,-0.1807783017136099,-0.09255865645849846
-0.8516891559404726,-0.40386641872189444,-0.34319110053724056
-0.7817868759585147,0.7115741663195283,-0.22975946629441235
-0.7518287559662471,0.04230981529467467,-0.19131556878879288
1.8645137233584603,-0.626954535730179,-0.6016174729730481
-0.7917729159559372,-0.40386641872189444,-0.40501217132212886
-0.7018985559791343,-0.40386641872189444,-0.47843651059599734
0.30669148376054295,-0.626954535730179,-0.5654610242633484
-0.07277803614151385,-0.626954535730179,-0.41832180282419434
2.0842066033017566,-0.40386641872189444,-0.5046683830782386
0.5763145636909517,0.04230981529467467,0.26669532288294223
-0.7618147959636696,0.934662283327813,2.344372151199478
0.007110283837866526,-0.40386641872189444,-0.5340270504871606
-0.6319962759971764,1.6039266343526666,5.050820690878316
0.636230803675487,-0.1807783017136099,-0.33160166742404223
2.613466723165151,-0.626954535730179,-0.5569568799494853
-0.47221963603841577,-0.626954535730179,-0.5735685544714673
-0.7817868759585147,0.04230981529467467,-0.406589404161251
-0.8916333159301627,2.496279102385805,0.5633580621876427
-0.07277803614151385,-0.626954535730179,-0.5406680308624114
-0.7817868759585147,0.2653979323029592,-0.11285976452228647
0.855923683618783,-0.626954535730179,-0.6009487631435957
-0.8516891559404726,0.04230981529467467,-0.05534149560552951
-0.5720800360126412,-0.1807783017136099,-0.37547825581997113
0.3566216837476557,-0.40386641872189444,0.15619217651392264
-0.422289436051303,-0.626954535730179,-0.003809332610352961
2.184067003275982,-0.626954535730179,-0.5640682631013166
-0.6919125159817118,-0.40386641872189444,-0.46898694893704646
2.094192643299179,-0.40386641872189444,-0.4798615543015199
-0.8217310359482048,-0.626954535730179,-0.587293247246986
-0.7618147959636696,-0.1807783017136099,-0.38419915435441526
-0.4422615160461481,-0.1807783017136099,-0.42111193694018517
1.455086083464136,-0.40386641872189444,-0.5022656394841374
-0.9215914359224304,1.6039266343526666,1.4118355409644983
-0.8017589559533598,0.934662283327813,1.550023274272845
1.4451000434667134,-0.626954535730179,-0.5689890450877005
-0.7018985559791343,0.934662283327813,0.22023613100774905
-0.20259655610800698,0.04230981529467467,-0.44049068661852164
-0.7618147959636696,-0.1807783017136099,-0.45330224459244334
-0.5221498360255284,0.934662283327813,-0.02958002589986844
-0.532135876022951,0.04230981529467467,-0.34791357547075236
1.255365283515685,-0.40386641872189444,-0.41762081045125116
1.055644483567234,-0.1807783017136099,-0.4617418238193247
-0.22256863610285207,-0.40386641872189444,-0.5525480068670271
-0.6919125159817118,3.6117196874272275,1.2253531225939092
-0.8217310359482048,-0.626954535730179,-0.4665288638398181
-0.84170311594305,5.619512740501789,8.704429832993469
-0.28248487608738737,-0.626954535730179,-0.6160984996246369
-0.8916333159301627,-0.626954535730179,-0.5570721747476668
-0.7418427159688246,-0.40386641872189444,-0.4911189383959558
-0.7817868759585147,-0.626954535730179,-0.5281470157799071
-0.8516891559404726,0.4884860493112438,0.5926613880934375
-0.731856675971402,-0.40386641872189444,-0.3018463859093761
-0.15266635612089424,0.04230981529467467,-0.06537675483924207
0.7061330836574449,-0.40386641872189444,-0.4116116455700345
2.134136803288869,-0.40386641872189444,-0.45659045223657796
1.255365283515685,-0.626954535730179,-0.5522390168079008
-0.5421219160203736,0.7115741663195283,2.7262515817360446
-0.7118845959765568,-0.40386641872189444,-0.33200750511364086
0.21681712378374002,-0.1807783017136099,-0.34493435788574395
0.326663563755388,0.2653979323029592,0.32122053883890905
-0.8816472759327402,1.8270147513609512,0.5522759261864426
-0.5720800360126412,-0.626954535730179,-0.5245452062847189
-0.9215914359224304,-0.1807783017136099,-0.1705947876596244
2.3937738432218554,-0.1807783017136099,0.36114943334510546
0.6961470436600223,-0.626954535730179,-0.6312021181864056
0.9158399236033183,-0.40386641872189444,-0.290298458923523
-0.7718008359610922,0.2653979323029592,-0.08605602984106517
-0.8117449959507823,-0.1807783017136099,-0.28702869844709733
-0.9016193559275852,0.7115741663195283,-0.06606852362833071
-0.49219171603326084,-0.40386641872189444,-0.2874622068882596
-0.13269427612604914,-0.626954535730179,-0.41205437759505126
-0.6319962759971764,0.7115741663195283,2.532842251890715
-0.5121637960281059,-0.40386641872189444,-0.4325215101682205
-0.8217310359482048,1.8270147513609512,1.3029465217700185
-0.43227547604872557,-0.1807783017136099,-0.3700916828489342
-0.7718008359610922,0.4884860493112438,0.266584639876688
-0.47221963603841577,-0.40386641872189444,-0.3241674588373029
-0.7418427159688246,-0.40386641872189444,-0.2961462110872856
-0.8516891559404726,0.4884860493112438,1.6768198815208661
-0.2125825961054295,-0.626954535730179,-0.5997727562021451
-0.9215914359224304,5.3964246234935045,7.312240533160649
0.34663564375023315,-0.1807783017136099,-0.40417743698329517
-0.6020381560049088,-0.40386641872189444,-0.5236966365701035
2.1940530432734042,-0.626954535730179,-0.4602660504026023
-0.7518287559662471,-0.40386641872189444,-0.4775787172975274
-0.052805956146668755,-0.626954535730179,-0.50644853476216
-0.9116053959250078,0.7115741663195283,0.44849677244736463
-0.9116053959250078,-0.40386641872189444,-0.5465065594423196
1.6048766834254742,-0.626954535730179,-0.46711456141457985
0.636230803675487,-0.1807783017136099,-0.5602865937209653
-0.5620939960152187,0.4884860493112438,0.3907294667665357
1.2653513235131075,-0.626954535730179,-0.39987924690709115
0.5863006036883742,-0.40386641872189444,0.45554359051221416
0.8359516036239379,-0.40386641872189444,-0.5905030544283572
-0.532135876022951,-0.40386641872189444,-0.39651725059212034
-0.9116053959250078,0.7115741663195283,0.5141640776995857
-0.9215914359224304,0.7115741663195283,0.14761424352922353
-0.7518287559662471,-0.40386641872189444,-0.4217944821454193
0.9857422035852762,0.04230981529467467,-0.4075855512175386
1.1055746835543467,-0.626954535730179,-0.585522319146919
2.713327123139377,-0.626954535730179,-0.5310293857344431
0.3366496037528106,0.2653979323029592,0.15513146437065342
-0.7817868759585147,-0.626954535730179,-0.5002964043311984
-0.5021777560306834,-0.40386641872189444,-0.343126535450259
0.007110283837866526,0.4884860493112438,-0.3592078539006062
-0.7018985559791343,-0.1807783017136099,-0.3069147452374322
-0.3324150760745001,-0.40386641872189444,-0.3346454500960322
-0.7718008359610922,0.2653979323029592,0.2188479816376445
0.6462168436729095,-0.626954535730179,-0.51253610010614
-0.8317170759456275,-0.40386641872189444,-0.2942507646051828
-0.8317170759456275,-0.40386641872189444,-0.5830780694254725
-0.7718008359610922,0.2653979323029592,0.2165928153852156
-0.4822056760358383,0.2653979323029592,-0.12740074446892968
0.9757561635878537,-0.1807783017136099,-0.32456868473497436
-0.14268031612347168,-0.626954535730179,-0.5566202191387956
-0.15266635612089424,-0.626954535730179,-0.41021888440800275
-0.8916333159301627,0.04230981529467467,-0.06720763623436336
-0.28248487608738737,-0.1807783017136099,-0.4553129858727276
1.674778963407432,-0.626954535730179,-0.4632314326118289
-0.34240111607192264,-0.40386641872189444,-0.47256108768067107
-0.9215914359224304,0.7115741663195283,0.3186748296950629
-0.9215914359224304,1.380838517344382,0.9950171747870279
1.5449604434409387,-0.626954535730179,-0.47351572860961344
-0.8516891559404726,-0.40386641872189444,-0.41679529969627205
2.6534108831548417,-0.626954535730179,-0.5212569986405843
-0.1726384361157393,-0.626954535730179,-0.520717418985095
1.964374123332686,-0.626954535730179,-0.35900032326387965
-0.7618147959636696,-0.1807783017136099,-0.12143769750698558
1.27533736351053,-0.40386641872189444,-0.513163303808247
-0.84170311594305,0.04230981529467467,-0.32846103712157976
-0.9016193559275852,-0.40386641872189444,-0.3884788972629103
1.1255467635491918,1.1577504003360974,0.7359082571459863
0.6861610036625997,-0.40386641872189444,-0.11782205263601564
-0.1726384361157393,-0.626954535730179,-0.5068912667871768
1.6847650034048545,-0.40386641872189444,-0.3669787232980353
1.8744997633558829,-0.626954535730179,-0.4676403056942872
-0.3523871560693452,0.934662283327813,2.1593885652052482
-0.6819264759842892,-0.626954535730179,-0.5039950614568589
-0.6419823159945991,1.380838517344382,0.7026849081020222
-0.2125825961054295,-0.626954535730179,-0.4095824571220411
0.34663564375023315,-0.626954535730179,-0.5500345802666716
-0.6220102359997539,0.04230981529467467,-0.35155689109328586
-0.7817868759585147,0.2653979323029592,-0.29351287789682157
2.154108883283714,-0.626954535730179,-0.575265693900698
-0.7618147959636696,0.4884860493112438,0.2041640361412563
-0.3923313160590354,-0.626954535730179,-0.39408222445452834
-0.6319962759971764,-0.1807783017136099,-0.312730214857704
-0.9116053959250078,0.2653979323029592,-0.15457342250433148
-0.8217310359482048,0.04230981529467467,-0.3452295125690884
2.673382963149687,-0.626954535730179,-0.5793886358836664
2.663396923152264,-0.626954535730179,-0.4513191740637225
-0.8816472759327402,0.04230981529467467,-0.09473542224816396
-0.3923313160590354,0.04230981529467467,-0.2130417205581035
-0.9215914359224304,0.934662283327813,1.0271290819765226
-0.9215914359224304,1.380838517344382,0.4432900593614908
0.965770123590431,-0.626954535730179,-0.5094277523471684
-0.3923313160590354,-0.626954535730179,-0.5432506343416758
1.8645137233584603,-0.626954535730179,-0.5704417595447866
0.8359516036239379,-0.626954535730179,-0.6109794105853811
-0.6319962759971764,-0.40386641872189444,-0.23688468482202532
-0.6719404359868667,-0.626954535730179,-0.6008703626808323
-0.6819264759842892,-0.40386641872189444,-0.37928298415995865
1.7646533233842348,-0.626954535730179,-0.5675132716709781
-0.5021777560306834,-0.1807783017136099,-0.35003499975729085
1.4051558834770232,-0.626954535730179,-0.5986198082203307
-0.6919125159817118,-0.40386641872189444,-0.577608484199745
1.035672403572389,-0.1807783017136099,-0.5230509857002874
2.6534108831548417,-0.626954535730179,-0.5123608520129043
-0.3324150760745001,0.04230981529467467,-0.21717388612492636
0.3666077237450782,-0.626954535730179,0.03979054826994048
-0.9215914359224304,0.2653979323029592,0.25416969600851064
-0.731856675971402,-0.40386641872189444,-0.42475064077079144
1.1255467635491918,-0.626954535730179,-0.573439424297504
-0.7917729159559372,-0.1807783017136099,-0.39654953313561114
0.017096323835289074,0.2653979323029592,-0.25197446800801226
-0.7418427159688246,-0.626954535730179,-0.570109710526024
-0.7917729159559372,0.7115741663195283,-0.1286413164973619
-0.6919125159817118,-0.1807783017136099,-0.43687965353947894
-0.8516891559404726,-0.40386641872189444,-0.2451397923718165
-0.8616751959378951,0.934662283327813,1.351328830878878
2.3837878032244326,-0.626954535730179,-0.4875494114442583
-0.43227547604872557,0.04230981529467467,0.010653246873526968
-0.22256863610285207,0.04230981529467467,-0.5416872368783354
-0.6419823159945991,-0.1807783017136099,-0.4707348180774771
1.495030243453826,-0.626954535730179,-0.5606417016993641
-0.8516891559404726,3.388631570418943,0.9977658027756734
1.2453792435182625,-0.626954535730179,-0.5800988518404641
-0.8816472759327402,-0.1807783017136099,-0.4392362792143076
1.5948906434280516,-0.1807783017136099,-0.5481345219926416
-0.9215914359224304,4.727160272468651,4.438351663978869
1.4251279634718683,-0.626954535730179,-0.5654287417198576
-0.8616751959378951,-0.40386641872189444,-0.0733367077056887
0.15690088379920475,0.04230981529467467,-0.13127003789589878
0.0670265238224018,-0.1807783017136099,-0.07430518401041276
-0.3324150760745001,0.04230981529467467,0.46191708695568423
-0.9116053959250078,-0.1807783017136099,0.03018418568546291
-0.20259655610800698,0.7115741663195283,0.3700271328050763
-0.8916333159301627,0.2653979323029592,1.1633429683400034
-0.0827640761389364,-0.40386641872189444,-0.18822566819753034
-0.8117449959507823,-0.40386641872189444,-0.46792623679377715
-0.7018985559791343,0.7115741663195283,0.6481274096025649
1.205435083528572,-0.626954535730179,0.2965612874038625
-0.7518287559662471,-0.626954535730179,-0.571700778740928
1.455086083464136,-0.626954535730179,-0.5927582206807862
-0.9116053959250078,0.4884860493112438,1.68473371646804
-0.15266635612089424,-0.626954535730179,-0.46422296787618933
1.23539320352084,-0.40386641872189444,-0.5035892237672603
-0.6020381560049088,-0.40386641872189444,-0.5577178256174828
-0.5221498360255284,0.2653979323029592,-0.13975573504205283
-0.8616751959378951,2.496279102385805,1.1805265050609652
-0.4023173560564579,0.4884860493112438,0.2984428985101836
-0.7018985559791343,2.2731909853775205,1.4495922814729563
-0.3623731960667677,-0.626954535730179,-0.46809687309508574
0.3666077237450782,-0.1807783017136099,-0.49425495690649085
0.8059934836316703,-0.1807783017136099,-0.38283406394394703
-0.8716612359353176,-0.1807783017136099,-0.2172338394199807
2.184067003275982,-0.626954535730179,-0.5473966352842803
-0.3324150760745001,-0.626954535730179,-0.6087011853733157
-0.7218706359739794,-0.1807783017136099,-0.00987845078662391
-0.6020381560049088,-0.626954535730179,-0.4031951253027894
-0.7817868759585147,-0.40386641872189444,-0.25726419334857675
-0.7518287559662471,0.04230981529467467,0.2855068221542261
-0.1227082361286266,-0.626954535730179,-0.6113252949799254
-0.8716612359353176,0.934662283327813,0.190374778278756
0.7660493236419801,-0.40386641872189444,-0.41400977737220845
-0.9116053959250078,-0.1807783017136099,-0.40260481593610037
-0.6220102359997539,0.04230981529467467,-0.0352709771381044
-0.5720800360126412,1.1577504003360974,0.4414730133421513
-0.7418427159688246,-0.626954535730179,-0.5145652885541334
-0.6220102359997539,-0.40386641872189444,-0.39396692965634683
1.8245695633687702,-0.626954535730179,-0.5962216764181567
-0.06279199614409131,-0.626954535730179,-0.3595629618790051
0.26674732377085275,-0.40386641872189444,-0.3177662916422694
2.7932154431187572,-0.626954535730179,-0.5994268718076008
-0.9215914359224304,1.6039266343526666,0.6891492987955212
1.255365283515685,-0.1807783017136099,-0.18121113267617148
-0.28248487608738737,-0.626954535730179,-0.584895115444812
-0.3224290360770775,0.04230981529467467,0.1827099800956539
0.4464960437244586,-0.626954535730179,-0.24573010173850546
-0.7218706359739794,-0.626954535730179,-0.5696669785010073
-0.8117449959507823,1.380838517344382,1.173092296474226
-0.6819264759842892,1.8270147513609512,1.5986315611861406
-0.5620939960152187,0.04230981529467467,-0.08935807286098166
1.8345556033661927,-0.626954535730179,-0.5920480047239886
-0.8217310359482048,0.7115741663195283,0.5707646000228184
-0.20259655610800698,0.2653979323029592,0.1260725634370032
-0.6719404359868667,-0.40386641872189444,-0.3716643038961291
-0.7618147959636696,1.8270147513609512,0.7370289225843099
0.4764541637167263,-0.626954535730179,-0.5638238381291719
-0.6719404359868667,0.7115741663195283,0.18520495952830032
-0.7418427159688246,-0.40386641872189444,-0.36741223173919757
-0.8916333159301627,-0.40386641872189444,-0.3104473778537115
-0.2724988360899648,0.2653979323029592,0.3016988236108276
-0.9215914359224304,-0.40386641872189444,-0.4858845545585183
-0.5021777560306834,0.7115741663195283,0.9248487606138034
1.3452396434924878,-0.626954535730179,-0.5513950588852127
-0.7718008359610922,0.04230981529467467,0.07904150936283007
-0.43227547604872557,-0.40386641872189444,0.8194462561163306
-0.9116053959250078,0.4884860493112438,0.08930735819290551
-0.1926105161105844,-0.40386641872189444,-0.3921314364692984
-0.9215914359224304,6.065688974518357,8.749934383939719
-0.8916333159301627,0.4884860493112438,-0.013899933347192561
-0.9116053959250078,5.842600857510073,6.891889534366899
1.7047370833996995,-0.626954535730179,-0.5087774896854251
-0.4023173560564579,-0.40386641872189444,0.27246006279201423
-0.6919125159817118,-0.626954535730179,-0.5612181756902713
-0.8317170759456275,0.4884860493112438,0.4948498931082308
-0.49219171603326084,-0.626954535730179,-0.5358487082984272
-0.7618147959636696,0.7115741663195283,0.809143512950837
-0.8616751959378951,0.7115741663195283,2.0006599106528955
-0.6319962759971764,2.496279102385805,1.5336421893472263
2.643424843157419,-0.40386641872189444,-0.5123331812613406
0.3366496037528106,0.04230981529467467,-0.311637220170944
0.4365100037270361,-0.626954535730179,-0.5538070260631685
0.4864402037141488,-0.626954535730179,-0.5156905657843842
0.38657980373992334,-0.40386641872189444,-0.2933007354681677
-0.5521079560177962,0.934662283327813,0.4078622737762978
1.4251279634718683,-0.626954535730179,-0.489942931454505
1.674778963407432,-0.626954535730179,-0.5747999029160451
-0.7618147959636696,0.04230981529467467,0.5226636102215214
1.5948906434280516,-0.626954535730179,-0.45350977522916985
-0.6319962759971764,0.04230981529467467,0.19510186500419505
-0.5820660760100638,-0.1807783017136099,-0.2778973504311273
0.7560632836445575,-0.40386641872189444,-0.23802840921998522
-0.9016193559275852,1.1577504003360974,0.1947098626903782
-0.8916333159301627,2.9424553364023738,4.198192599366928
0.9158399236033183,-0.40386641872189444,-0.5759759098574957
0.945798043595586,-0.40386641872189444,-0.5248173020084271
0.7660493236419801,-0.626954535730179,-0.5828705387887458
-0.8217310359482048,-0.40386641872189444,-0.46865951171021114
-0.4822056760358383,-0.626954535730179,-0.40510440716067403
2.273941363252785,-0.626954535730179,-0.5756992023418603
1.0756165635620791,-0.626954535730179,-0.4957307303232134
-0.7018985559791343,1.6039266343526666,1.962165283436076
1.385183803482178,-0.626954535730179,-0.581994298322567
-0.5521079560177962,2.496279102385805,1.8422817522870145
-0.6719404359868667,0.04230981529467467,-0.09471697508045494
0.02708236383271162,0.04230981529467467,0.4716571915060523
0.3366496037528106,0.4884860493112438,0.8647478882177824
-0.22256863610285207,-0.1807783017136099,-0.1698615127431905
-0.7718008359610922,1.6039266343526666,0.9397725192904088
-0.7817868759585147,-0.626954535730179,-0.1572943797414135
-0.8916333159301627,-0.1807783017136099,0.6800963512423147
-0.9016193559275852,2.050102868369236,1.7972891102446895
-0.14268031612347168,0.04230981529467467,-0.07434669013775815
2.7932154431187572,-0.626954535730179,-0.5060749796160522
-0.5421219160203736,-0.40386641872189444,-0.32703599341605716
-0.3923313160590354,-0.1807783017136099,-0.32314364102945176
-0.9116053959250078,3.388631570418943,5.399808821389682
-0.84170311594305,-0.1807783017136099,-0.4721921443264904
-0.84170311594305,-0.40386641872189444,-0.5686708314447197
-0.7418427159688246,0.04230981529467467,0.2203191432624397
-0.8117449959507823,0.7115741663195283,0.6410529207861516
0.19684504378889492,-0.40386641872189444,-0.48249027570005676
-0.8916333159301627,0.4884860493112438,0.424782938357406
1.4650721234615585,-0.626954535730179,-0.5954146128308866
0.19684504378889492,-0.626954535730179,-0.6133314244682824
0.8459376436213605,-0.40386641872189444,-0.33518502975152137
-0.8816472759327402,1.1577504003360974,0.1350517223193738
2.6534108831548417,-0.626954535730179,-0.6090701287274963
-0.9215914359224304,0.2653979323029592,0.12144232434203658
-0.9215914359224304,5.842600857510073,1.931473808160177
-0.7418427159688246,0.934662283327813,0.9255313058190373
-0.7618147959636696,-0.1807783017136099,-0.26868760195239383
-0.7118845959765568,-0.40386641872189444,-0.5136290947929002
-0.6020381560049088,-0.626954535730179,-0.31754031383783377
1.694751043402277,-0.626954535730179,-0.6393419309380154
-0.422289436051303,-0.40386641872189444,-0.289975633488615
0.6562028836703321,-0.1807783017136099,-0.47671631220713023
-0.7817868759585147,-0.626954535730179,-0.5211878217616753
-0.8516891559404726,-0.1807783017136099,0.31386934250686044
-0.8017589559533598,1.380838517344382,1.1788247538398071
1.055644483567234,0.2653979323029592,-0.11900728316132082
-0.3623731960667677,-0.40386641872189444,-0.5331185274774908
-0.8217310359482048,-0.40386641872189444,-0.5662680878506184
0.03706840383013417,0.04230981529467467,-0.08651259724186368
1.6148627234228967,-0.626954535730179,-0.6202491123591688
-0.6819264759842892,-0.1807783017136099,-0.3476184207874079
-0.7218706359739794,-0.1807783017136099,-0.34634556621548473
0.6562028836703321,-0.40386641872189444,-0.5595487070126042
-0.2125825961054295,-0.40386641872189444,-0.5155291530669303
-0.4023173560564579,-0.626954535730179,-0.5854116361406648
-0.0827640761389364,-0.40386641872189444,-0.5231939512500323
0.5962866436857969,0.04230981529467467,0.19195201111787813
-0.1926105161105844,-0.40386641872189444,-0.13299023628476586
1.8744997633558829,-0.626954535730179,-0.5420792391921523
-0.6619543959894442,2.2731909853775205,0.25963466944231084
-0.6319962759971764,-0.626954535730179,-0.5973285064806986
-0.6819264759842892,-0.626954535730179,-0.5077490600856467
0.8659097236162056,-0.40386641872189444,-0.4881535561867291
-0.532135876022951,0.04230981529467467,-0.32804597584812656
-0.7118845959765568,-0.1807783017136099,-0.286341541449936
-0.7118845959765568,1.380838517344382,0.7553423483274498
-0.5620939960152187,1.1577504003360974,-0.09920424862567662
-0.11272219613120404,-0.1807783017136099,-0.05362590900858967
-0.1926105161105844,-0.626954535730179,-0.4099929066035671
-0.8217310359482048,-0.626954535730179,-0.39443733243292717
-0.7718008359610922,1.8270147513609512,1.8496006660755724
-0.8916333159301627,7.850393910584634,2.930240362262503
-0.8017589559533598,0.04230981529467467,-0.32352180796748686
-0.7917729159559372,0.2653979323029592,0.13685493296293144
-0.5620939960152187,0.04230981529467467,-0.629398907542848
-0.8916333159301627,-0.1807783017136099,-0.4674696693929787
-0.2125825961054295,0.7115741663195283,1.062349336924989
-0.422289436051303,-0.626954535730179,-0.5086437477195347
-0.8816472759327402,0.2653979323029592,0.2702556262507851
-0.7018985559791343,0.04230981529467467,-0.10894435317604474
2.0542484833094887,-0.626954535730179,-0.2361606334894459
-0.9116053959250078,-0.1807783017136099,-0.46238747468914076
-0.6020381560049088,-0.626954535730179,-0.6299338754064098
-0.43227547604872557,-0.626954535730179,-0.5746062076551002
-0.9016193559275852,-0.1807783017136099,-0.48842565191043724
-0.4622335960409932,-0.626954535730179,-0.5956083080918314
-0.5121637960281059,0.934662283327813,0.06180263113874107
-0.6619543959894442,0.2653979323029592,0.6085167287393493
-0.5121637960281059,-0.626954535730179,-0.4995354586632009
2.094192643299179,-0.626954535730179,-0.555070657051237
0.13692880380435965,-0.626954535730179,-0.6224812196519616
-0.1227082361286266,1.1577504003360974,-0.2306449303444458
1.2453792435182625,0.04230981529467467,-0.36687726387563563
-0.8117449959507823,-0.40386641872189444,-0.5935283899326382
0.9158399236033183,-0.40386641872189444,-0.5027129833010814
2.7932154431187572,-0.626954535730179,-0.5498870029249995
-0.9116053959250078,0.04230981529467467,0.007706311832009308
-0.8716612359353176,1.8270147513609512,1.7245058100487096
2.114164723294024,-0.626954535730179,-0.5808090677972617
2.753271283129067,-0.626954535730179,-0.5418255906361531
-0.9016193559275852,0.934662283327813,0.3212389860066181
2.3038994832450523,-0.626954535730179,-0.49365542395594747
-0.34240111607192264,0.4884860493112438,0.8110666301845034
-0.8017589559533598,-0.1807783017136099,-0.3903743437450132
-0.6220102359997539,3.6117196874272275,4.207291664839408
0.49642624371157135,-0.626954535730179,-0.49423189794685457
-0.6319962759971764,0.4884860493112438,-0.11227406694752474
0.13692880380435965,0.2653979323029592,-0.44879191208758534
-0.9116053959250078,1.8270147513609512,0.21425002508616875
1.1155607235517693,-0.626954535730179,-0.5743617826829556
-0.13269427612604914,0.2653979323029592,0.14677489739846267
0.9158399236033183,0.4884860493112438,-0.33106208776855306
0.7660493236419801,-0.626954535730179,-0.5366788308453337
-0.49219171603326084,-0.626954535730179,-0.4712651741491117
0.8059934836316703,-0.626954535730179,-0.5639299093434988
2.713327123139377,-0.626954535730179,-0.4346152637031954
2.1041786832966016,-0.626954535730179,-0.5847613734789215
-0.9016193559275852,0.04230981529467467,-0.3398798339334696
-0.8916333159301627,0.04230981529467467,-0.32570779734100697
-0.8117449959507823,-0.626954535730179,-0.5741588638381563
-0.6120241960023314,-0.1807783017136099,-0.24536577017625213
0.3566216837476557,-0.626954535730179,-0.5949073157188883
-0.7218706359739794,0.934662283327813,-0.3160553168372568
1.185463003533727,-0.40386641872189444,-0.5533919647897152
2.29391344324763,-0.40386641872189444,-0.3755981624100798
0.6861610036625997,-0.626954535730179,-0.5522436285998281
-0.37235923606419025,-0.1807783017136099,-0.5336857778845435
1.3152815235002202,-0.626954535730179,-0.5968165975767729
-0.2125825961054295,0.934662283327813,-0.1304122445974289
-0.49219171603326084,-0.626954535730179,-0.6022400648832279
-0.7018985559791343,-0.626954535730179,-0.5280501681494347
0.7960074436342478,-0.1807783017136099,-0.39638812041815713
-0.0827640761389364,-0.40386641872189444,-0.5761327107830225
0.6562028836703321,-0.626954535730179,-0.5749843745931354
0.965770123590431,-0.40386641872189444,-0.5945153134050714
-0.6419823159945991,-0.626954535730179,-0.5953546595358323
-0.7218706359739794,-0.626954535730179,-0.5627539024020483
-0.22256863610285207,0.04230981529467467,-0.27778205563294583
1.5349744034435162,-0.626954535730179,-0.6126396556791938
2.8032014831161796,-0.626954535730179,-0.5392522107407434
-0.84170311594305,-0.626954535730179,-0.4773619630769462
2.164094923281137,0.2653979323029592,-0.5032663983323523
-0.34240111607192264,-0.40386641872189444,-0.45779874172151946
-0.8916333159301627,-0.626954535730179,-0.4943656399127451
-0.4822056760358383,-0.1807783017136099,-0.49175075388999
-0.052805956146668755,-0.626954535730179,-0.04486350434680021
-0.8916333159301627,2.9424553364023738,1.248080033211435
-0.2924709160848099,0.04230981529467467,-0.2679866095794507
1.8844858033533054,-0.626954535730179,-0.5505649363383063
-0.8117449959507823,0.7115741663195283,0.7199837396211657
2.7932154431187572,-0.626954535730179,-0.533695001468398
0.3965658437373459,-0.40386641872189444,-0.46303773735088416
-0.4822056760358383,-0.40386641872189444,-0.5611905049387078
-0.8217310359482048,0.04230981529467467,-0.25748555936108514
-0.5720800360126412,0.2653979323029592,0.15641354252643103
0.4065518837347684,-0.40386641872189444,-0.45793248368740996
-0.6419823159945991,-0.1807783017136099,-0.03216724117106002
-0.41230339605388044,-0.40386641872189444,-0.3214741723517845
0.4464960437244586,-0.40386641872189444,-0.5803617239803177
-0.8816472759327402,-0.626954535730179,-0.4709515722980582
-0.84170311594305,0.7115741663195283,1.3373735485069969
0.6661889236677546,-0.626954535730179,-0.6005383136620698
-0.4422615160461481,1.1577504003360974,0.346281016171627
0.37659376374250075,-0.626954535730179,-0.505802883892344
-0.8516891559404726,-0.626954535730179,-0.6105182313926553
1.3951698434796005,-0.40386641872189444,-0.5772764351809825
-0.5620939960152187,-0.626954535730179,-0.5647784790581143
0.5363704037012615,-0.626954535730179,-0.48089920748515275
-0.2125825961054295,-0.1807783017136099,-0.4238790120965397
-0.532135876022951,-0.1807783017136099,-0.18114195579726264
-0.8816472759327402,1.8270147513609512,0.42096898643356395
1.055644483567234,0.04230981529467467,-0.3892444547228351
1.5549464834383613,-0.626954535730179,-0.6403795841216483
-0.2724988360899648,-0.626954535730179,-0.5951978586103055
0.23678920377858512,-0.626954535730179,-0.4117684464955612
0.7760353636394026,-0.626954535730179,-0.6122338179895951
-0.7218706359739794,7.850393910584634,-0.048368466211515956
0.4864402037141488,-0.626954535730179,-0.5990302577018566
-0.6120241960023314,-0.40386641872189444,-0.43263680496640194
-0.5521079560177962,2.2731909853775205,0.5524327271119693
-0.5521079560177962,0.2653979323029592,-0.1396865581631439
2.7832294031213345,-0.626954535730179,-0.5944830308615806
2.8032014831161796,-0.626954535730179,-0.5240010148373024
0.7261051636522899,-0.40386641872189444,-0.5410185270488831
1.1754769635363045,-0.626954535730179,-0.3867125809547707
1.4850442034564035,-0.626954535730179,-0.5839128037643061
-0.41230339605388044,-0.626954535730179,-0.49082378371261126
-0.6819264759842892,-0.1807783017136099,-0.3215940789418932
-0.7817868759585147,2.050102868369236,1.4198047174147992
2.7832294031213345,-0.626954535730179,-0.4978567664016791
-0.6419823159945991,-0.626954535730179,-0.5133754462369009
2.713327123139377,-0.626954535730179,-0.5074815761538657
-0.5720800360126412,0.04230981529467467,-0.31005537553989465
0.7261051636522899,-0.1807783017136099,-0.2720357628915829
0.5163983237064165,-0.626954535730179,-0.5758467796835325
-0.7118845959765568,-0.626954535730179,-0.35509413550149244
-0.37235923606419025,-0.626954535730179,-0.636667091620206
0.9158399236033183,-0.626954535730179,-0.5546832665293474
-0.8117449959507823,0.7115741663195283,-0.5535072595878966
1.4351140034692909,-0.1807783017136099,-0.3553293368897826
1.3152815235002202,-0.40386641872189444,-0.603208541187952
0.2867194037656979,0.04230981529467467,-0.33501439345021283
1.8844858033533054,-0.626954535730179,-0.6111638822624714
-0.1926105161105844,0.934662283327813,0.2587860997276955
-0.5620939960152187,-0.40386641872189444,-0.4708316657079495
-0.8117449959507823,-0.40386641872189444,-0.45481030055265653
2.683369003147109,-0.626954535730179,-0.5734302007136496
-0.8916333159301627,-0.40386641872189444,-0.5418163670522986
-0.7018985559791343,-0.626954535730179,-0.44118245540761025
-0.2325546761002746,1.1577504003360974,0.32968317702542677
1.4151419234744458,-0.626954535730179,-0.5321684983404756
1.6348348034177418,-0.626954535730179,-0.5656454959404388
2.7932154431187572,-0.626954535730179,-0.5988550096086208
0.6162587236806419,-0.40386641872189444,-0.559885367823294
-0.6519683559920216,-0.626954535730179,-0.5751135047670985
-0.8916333159301627,-0.626954535730179,-0.5909042803260287
-0.6120241960023314,0.2653979323029592,0.0352064270942465
-0.1227082361286266,-0.1807783017136099,-0.4050629010333287
0.14691484380178219,-0.40386641872189444,-0.5899311922293773
-0.41230339605388044,-0.626954535730179,-0.6285272788685963
-0.5720800360126412,-0.626954535730179,-0.36368590386197336
0.5962866436857969,-0.40386641872189444,-0.4665011930882546
0.05704048382497926,-0.626954535730179,-0.5930810461156942
-0.8916333159301627,-0.40386641872189444,-0.539888638026705
2.4037598832192777,-0.626954535730179,-0.6123629481635583
-0.28248487608738737,-0.626954535730179,-0.6029917869673709
-0.7118845959765568,-0.40386641872189444,-0.45317311441848007
-0.5720800360126412,-0.1807783017136099,-0.31702840493390816
-0.6120241960023314,-0.1807783017136099,-0.4603490626572929
0.6062726836832194,0.4884860493112438,-0.613967851754244
-0.7418427159688246,-0.40386641872189444,-0.48152641118725986
-0.8117449959507823,3.834807804435512,1.2433621700698503
-0.3923313160590354,-0.626954535730179,-0.570141993069515
-0.6819264759842892,-0.1807783017136099,-0.40216208391108366
-0.8916333159301627,1.380838517344382,0.31695924309812296
-0.4822056760358383,-0.626954535730179,-0.5640129215981896
1.0955886435569242,-0.40386641872189444,-0.5668030557141804
2.6534108831548417,-0.626954535730179,-0.611947886890105
-0.22256863610285207,-0.626954535730179,-0.5078966374273189
-0.8616751959378951,1.380838517344382,2.4719297041154964
1.9444020433378406,-0.626954535730179,-0.4785518053941788
-0.8317170759456275,-0.626954535730179,-0.5677853673946862
-0.7018985559791343,-0.1807783017136099,-0.504926643426165
-0.7118845959765568,1.380838517344382,0.3311681740260036
0.7960074436342478,-0.1807783017136099,-0.31397078688613633
0.3965658437373459,-0.40386641872189444,-0.2708597559501322
-0.8716612359353176,2.2731909853775205,0.45726378890108127
-0.18262447611316188,-0.626954535730179,-0.4996046355421097
-0.532135876022951,-0.626954535730179,-0.46348046937590087
1.9543880833352631,-0.626954535730179,-0.5993576949286918
-0.6719404359868667,0.2653979323029592,0.2803600623634066
1.6448208434151643,-0.40386641872189444,-0.437345444524132
0.9258259636007409,-0.626954535730179,-0.5321454393808394
0.20683108378631748,1.8270147513609512,1.1338090528378457
2.8032014831161796,-0.626954535730179,-0.4204662860703691
-0.7018985559791343,1.380838517344382,0.558225137772605
-0.8516891559404726,1.6039266343526666,0.5456164986434825
1.23539320352084,-0.40386641872189444,-0.49124345677799175
-0.4822056760358383,0.04230981529467467,1.020049981368182
-0.7418427159688246,-0.40386641872189444,-0.07831744298712691
-0.5720800360126412,-0.1807783017136099,-0.4878676250872391
-0.6719404359868667,-0.626954535730179,-0.3322703772534945
-0.7718008359610922,-0.626954535730179,-0.6045321254710749
2.3638157232295876,-0.40386641872189444,-0.32806903480776284
1.8045974833739251,-0.626954535730179,-0.5995237194380731
1.9743601633301084,-0.626954535730179,0.8308604411362932
-0.3224290360770775,-0.626954535730179,-0.5696900374606436
-0.9116053959250078,1.6039266343526666,3.5358332073984093
-0.002875756159556021,0.04230981529467467,0.3252235742317686
-0.11272219613120404,0.7115741663195283,0.7452563593825374
2.1940530432734042,-0.40386641872189444,-0.37875262808832405
-0.8117449959507823,-0.1807783017136099,-0.254690813453167
-0.8516891559404726,0.4884860493112438,0.5815838638841647
0.3366496037528106,-0.626954535730179,-0.5686385489012289
-0.8217310359482048,-0.40386641872189444,-0.5436933663666924
-0.5620939960152187,-0.626954535730179,-0.29823535283033337
-0.5521079560177962,-0.626954535730179,-0.5939250040383823
2.3638157232295876,-0.626954535730179,-0.45168811741790316
1.6048766834254742,-0.626954535730179,-0.5212800576002204
-0.9116053959250078,4.950248389476935,3.0454429246053984
-0.731856675971402,-0.626954535730179,-0.5545771953150205
-0.8117449959507823,-0.40386641872189444,-0.48360632934645303
2.753271283129067,-0.626954535730179,-0.6110624228400717
1.964374123332686,-0.626954535730179,-0.5447540785099618
-0.2525267560951197,0.934662283327813,-0.0008347268172717802
-0.6719404359868667,-0.626954535730179,-0.5012648806359226
-0.8217310359482048,4.950248389476935,1.9468034045263811
2.7432852431316443,-0.626954535730179,-0.5629245387033567
1.205435083528572,-0.626954535730179,-0.5949995515574333
0.5563424836961066,-0.40386641872189444,-0.344971252221162
-0.8516891559404726,0.4884860493112438,0.18009970586482607
-0.6919125159817118,-0.40386641872189444,-0.38133984335951554
-0.6319962759971764,0.04230981529467467,-0.12432006746152158
-0.3224290360770775,-0.626954535730179,-0.5546786547374202
-0.7418427159688246,-0.1807783017136099,-0.48619354461764464
1.495030243453826,-0.626954535730179,-0.5943539006876174
-0.7817868759585147,-0.1807783017136099,-0.15769099384715762
1.185463003533727,-0.626954535730179,-0.21667120080485525
-0.6419823159945991,0.2653979323029592,-0.331776915517278
-0.30245695608223244,-0.1807783017136099,-0.2845429425983055
2.0143043233197986,-0.626954535730179,-0.5758606150593143
-0.7518287559662471,0.4884860493112438,3.245327210316598
0.636230803675487,-0.40386641872189444,-0.17607820826113377
0.23678920377858512,-0.40386641872189444,-0.1850066374323045
-0.8516891559404726,1.8270147513609512,0.6859717741576408
-0.8017589559533598,0.04230981529467467,0.6734277001155001
0.4764541637167263,-0.40386641872189444,-0.572309535275326
-0.47221963603841577,-0.40386641872189444,-0.5635517424054638
-0.422289436051303,-0.1807783017136099,-0.3639810585453179
-0.6120241960023314,-0.1807783017136099,-0.38496471181434
0.41653792373219095,-0.40386641872189444,-0.3449481932615257
-0.9016193559275852,-0.40386641872189444,-0.46216149688470515
-0.18262447611316188,-0.1807783017136099,-0.4748762072281544
-0.8017589559533598,-0.40386641872189444,-0.33466850905566853
-0.84170311594305,-0.40386641872189444,-0.4371609728470417
2.074220563304334,-0.626954535730179,-0.4017654698053395
-0.3623731960667677,-0.40386641872189444,-0.3519996231183026
-0.7817868759585147,0.2653979323029592,0.10024652864436058
-0.5620939960152187,-0.626954535730179,-0.46194935445605134
0.8359516036239379,-0.626954535730179,-0.506771360197068
-0.7018985559791343,-0.1807783017136099,-0.007591001990704223
0.8259655636265154,0.4884860493112438,-0.11127330809930981
-0.3224290360770775,-0.626954535730179,-0.5528016554230263
-0.6020381560049088,-0.1807783017136099,-0.19416104440791088
-0.34240111607192264,0.2653979323029592,-0.07840506703374482
-0.7817868759585147,3.6117196874272275,2.841029859221632
-0.06279199614409131,0.04230981529467467,0.32537115157344093
-0.8616751959378951,-0.626954535730179,-0.5982969827854226
2.643424843157419,-0.626954535730179,-0.42657691037398543
-0.6220102359997539,0.4884860493112438,-0.02787827467871046
0.3566216837476557,0.04230981529467467,0.08738885275116631
-0.84170311594305,0.4884860493112438,0.1807130741911514
-0.8816472759327402,0.4884860493112438,0.20403951775922036
-0.6919125159817118,-0.626954535730179,-0.47707603197745624
1.3352536034950653,-0.40386641872189444,-0.3547620864827299
-0.7817868759585147,-0.626954535730179,-0.6232928950311589
1.5549464834383613,-0.626954535730179,-0.505945849442089
-0.7817868759585147,-0.1807783017136099,0.2765783929830553
-0.15266635612089424,-0.40386641872189444,-0.14346361575156794
0.9857422035852762,-0.40386641872189444,-0.5150725856661318
1.6847650034048545,-0.626954535730179,-0.5504265825804886
-0.2125825961054295,-0.626954535730179,-0.20446378757340433
0.7161191236548674,-0.626954535730179,-0.5338425788100702
-0.11272219613120404,-0.626954535730179,-0.19714487378484652
0.017096323835289074,-0.40386641872189444,-0.32960014972761237
-0.8916333159301627,2.9424553364023738,1.8558957620562793
0.1269427638069371,-0.626954535730179,-0.5769213272025836
1.0656305235646566,-0.1807783017136099,-0.00199689838294069
0.636230803675487,-0.626954535730179,-0.5722772527318352
-0.22256863610285207,-0.1807783017136099,0.2647306995219305
-0.5720800360126412,-0.40386641872189444,-0.40766395168030195
-0.6419823159945991,-0.626954535730179,-0.5821095931207483
-0.9116053959250078,0.4884860493112438,0.562666293398554
-0.6719404359868667,0.2653979323029592,-0.36951982064995426
2.3238715632398974,-0.626954535730179,-0.5466126306566466
1.4351140034692909,-0.626954535730179,-0.5390446801040168
-0.04281991614924621,-0.626954535730179,-0.5082102392783725
-0.6220102359997539,-0.626954535730179,-0.42408654273326635
-0.6419823159945991,-0.40386641872189444,-0.3595214557516598
1.1754769635363045,-0.40386641872189444,-0.3502194714343812
-0.9016193559275852,1.380838517344382,0.30827523889909686
1.3352536034950653,-0.626954535730179,-0.5054708348735815
-0.7118845959765568,0.2653979323029592,-0.16589075989382174
-0.002875756159556021,-0.626954535730179,-0.44195723645138957
-0.8816472759327402,2.2731909853775205,2.3442753035690056
1.7047370833996995,-0.626954535730179,-0.572955186145142
-0.9016193559275852,1.8270147513609512,1.8925133899587046
-0.49219171603326084,1.6039266343526666,1.764808259701014
1.2453792435182625,-0.626954535730179,-0.6030240695108616
-0.3623731960667677,-0.40386641872189444,-0.2865859664220807
-0.8117449959507823,3.6117196874272275,2.7096952487171895
-0.84170311594305,0.7115741663195283,0.6497461485690323
0.9857422035852762,0.2653979323029592,0.30919759728454843
-0.11272219613120404,0.04230981529467467,-0.3727941929183072
2.3238715632398974,-0.626954535730179,-0.44334077402956684
-0.2125825961054295,-0.1807783017136099,0.18223957731907364
-0.6319962759971764,0.4884860493112438,-0.23938888783852624
-0.9016193559275852,0.2653979323029592,-0.19102963768930292
1.255365283515685,0.2653979323029592,0.07392242032357406
-0.47221963603841577,-0.626954535730179,-0.45137451556684965
-0.8317170759456275,2.9424553364023738,0.3098063538189465
-0.2125825961054295,0.04230981529467467,0.38331831713943265
-0.8616751959378951,0.7115741663195283,0.5376150396496906
-0.6919125159817118,-0.40386641872189444,-0.37135070204507553
0.2967054437631204,-0.40386641872189444,-0.2754623242935353
-0.7618147959636696,-0.626954535730179,-0.6022907945944277
2.164094923281137,-0.626954535730179,-0.4851835621855752
-0.06279199614409131,-0.626954535730179,1.3435994676087946
-0.422289436051303,-0.40386641872189444,-0.4072442786149215
-0.04281991614924621,-0.626954535730179,-0.5986198082203307
-0.5421219160203736,0.934662283327813,0.43180669746261935
-0.6819264759842892,-0.1807783017136099,0.43225404127956324
0.7960074436342478,0.4884860493112438,0.5658807123718526
-0.5021777560306834,-0.40386641872189444,-0.49672687737950094
0.4664681237193037,-0.626954535730179,-0.5773225531002549
-0.6719404359868667,-0.1807783017136099,-0.08677546938171733
-0.2125825961054295,-0.40386641872189444,-0.27661988406727694
0.4065518837347684,-0.626954535730179,-0.6344995494143949
2.7233131631367993,-0.626954535730179,-0.5685048069353383
-0.5521079560177962,-0.40386641872189444,-0.5156767304086024
-0.9016193559275852,0.4884860493112438,0.7735174203127719
-0.9116053959250078,-0.1807783017136099,-0.5521790635128465
-0.6319962759971764,-0.626954535730179,-0.5651289752445858
-0.49219171603326084,-0.626954535730179,-0.49136797516002767
-0.3523871560693452,-0.626954535730179,-0.5953546595358323
-0.1926105161105844,-0.626954535730179,-0.5660605572138918
1.8445416433636153,-0.626954535730179,-0.5629706566226294
0.8758957636136281,-0.626954535730179,-0.6089871164728058
-0.8516891559404726,-0.40386641872189444,-0.56414666356408
-0.8916333159301627,2.719367219394089,0.2943522390707061
-0.5021777560306834,-0.1807783017136099,0.20105568838228466
