PC1,PC2
1.696976784440831,-0.16473787219729327
0.1160636579543924,-0.14804552926836584
-0.07153600849352573,-0.8137223458515586
-1.6547611107431743,1.6108266993391116
0.7010114051417456,-0.34171503197715825
-1.2610222405332372,0.6238174430435163
-1.0927549710380853,1.039060463820215
-1.1960738102971271,0.7748727330100431
0.49960855284974354,-0.49742528596007346
1.250125003487175,0.09623337500461891
-0.008448325342983086,-0.9988112273754526
1.6060238993402614,0.5034203094828854
0.3216294673243349,-0.2672680332727981
-1.5911209154777977,1.384295723750096
2.25003730891075,0.0802760287502995
-0.5798588373030252,-0.08979698237342006
0.3360519085643132,-0.7883026588802284
-1.5658308489129622,1.444326638003464
-0.3873987036420321,-1.1642766148738724
0.7959805596557616,-0.03624034639054888
-0.22645965851077327,-0.4334463262436431
-0.08561427903546037,-0.2700009913090116
-1.6502556558303325,1.6248031904221016
-0.33995068116292076,-0.8975387346542633
-0.20707952451516418,-1.0087648571430594
-1.1671517656782697,1.9178959006153486
0.19556385858912162,0.6054304240427918
-0.39456181396548556,-0.30438157488046613
0.6309065345594733,-0.4610906135755829
0.2820976726476831,-0.8264204532705507
-0.1545225978181171,0.9277732030174867
-0.2701916148797373,-0.8390317119081758
-1.598921832224778,1.9355020416896527
1.0479204907535926,-0.3464624248591432
-0.6095922536450165,-0.4224954768174877
-0.3804197646477898,-0.9547646908650889
0.17117536611310813,-0.1510264957764374
-0.2293597936650737,-0.41617559758982353
1.872735327563597,-0.004664896117340854
0.22036879144867152,-0.4806872821519165
-0.19341135322487588,-0.5745635419807446
-0.18955540032730592,0.18096481650464247
-1.6902838882789053,1.5107298846504047
-1.7391120269393965,1.711408622778564
-0.5141555709857412,-0.7109175484554039
-0.6472223418123505,0.3440944429898673
0.6293939988970678,-0.4084262360481932
0.3877006432515685,-0.30613244848358434
0.7836835652919303,-0.27553182127221393
2.7570194681981306,1.4232161881236987
-1.4366309915378044,1.6964412356306013
-0.11390996616889382,-0.2518011219296443
-0.21253789402065387,-0.39913152694763926
-0.9251293252959157,0.9093776620987953
1.666170735731794,-0.2243245145260176
-0.7031464201667568,-0.09874649282921026
-0.5133522853049074,-0.5505885311435724
0.13631815519508006,-0.8103015306679822
-0.33734156605308685,-0.13879561903304286
1.0674007084107537,-0.5602222370634612
-0.45497673857470994,0.5863113712667813
-0.5218211769590628,-0.3955217548679329
-1.099860759242695,0.6125058747969254
-0.0160387657340509,-0.8014902420441626
2.3480609384604554,0.4520789010306068
0.9659058104018777,-0.41942201309471067
-0.5351942070132394,-0.8027941748253412
3.28953453485271,0.913258974266029
1.102838790942912,0.04655490615160462
4.338028860628199,1.3227195395451739
-0.3989906606939878,-0.27263655181760066
1.6652309459906551,0.8417740879499773
-0.7172091377484608,-0.25518112955022865
3.3249034178019796,0.46478439222214946
0.38776571250408715,-0.6369136689916762
-1.9389968522109957,2.1004263432785883
-0.3851099909718956,-1.1743972103920746
1.261665995944762,-0.141296447332198
-0.48578171450265706,-1.0145607836433492
-0.3707867698767233,-0.53819534486158
-1.328256250804738,1.0310209666746963
-0.4961216794447058,-0.7691998246723561
0.9707545198915974,-0.26821660460539126
-0.8796459348892608,0.2653621958000238
2.7325193702982626,0.5792622307681127
-0.38552244246986533,-1.0147581606941478
-0.7817860488251768,0.09643283237126507
0.37245569622406693,-0.1392217874027723
0.531503602390447,0.03812879048854387
0.4369945506391875,-0.29315093312176305
0.6195367273625951,-0.018607706718693398
-0.3445477078308696,-0.4016116580621585
-0.8949549401313354,0.2720157568246664
-0.07840427418919682,-0.8443816879641799
0.14140837912956816,-0.3848908353203767
0.8319192937949362,-0.5910894784774148
-0.1441301959447072,-0.9045221545108838
-0.8828547886799701,0.6289653677116771
8.388055279946322,3.097423645385977
2.0799734001108248,0.3952095644752799
0.39557761157859506,-0.20246120681100166
3.914170280460205,0.9705037942824691
-0.4505057971212911,-0.6291163402790944
2.6765098474521674,0.44400431686414704
4.054140691627856,1.439595014009145
-0.2724882725479022,-1.099061470238078
-0.323605674005895,-1.0481355772015437
0.738393144036671,-0.33157165718330406
2.2420119857560814,0.3041115985901084
1.0794195182271584,-0.3706890522953622
1.0149081868797625,-0.09470444412011861
0.19376891235520682,-0.8194521500182276
-1.7646741976926645,1.845354937078917
2.2771679379324756,0.11851249951586515
-0.45758579116446724,-0.8044270885707296
-0.4732520427783394,-0.5660113336432847
-0.8695336500339177,0.38529631497095307
0.6988425684597962,-0.5713360958043741
-0.48777373085983217,-0.33052076289813626
-0.11358592483331124,-0.8682707139137855
2.111813291041314,0.20345850839132373
-1.2668179420819345,2.1393229269088074
0.6239053099480008,0.35321826477038903
-0.22232395381200395,-0.9374799675756618
-1.3895952795123907,0.882014121226963
-0.39251443082961945,0.26383346023476717
-0.2653235903665477,-0.8705274882971187
-1.583056491061486,1.354614000968046
-0.6446686723938692,0.25026527895509776
-0.5137254609348593,-0.5547226948845373
-0.7352238492218369,-0.11695140386690236
-1.2604395267611184,1.3435772285125578
-1.843285729898015,1.9948721711816242
-0.25854566121544237,-0.2728663316343837
0.5685302290757641,-0.4279739982236822
0.694403322704768,-0.691625352327816
-0.6074555781761665,-0.603994995612203
0.5076964134811703,0.09313454585956109
-0.867234443420475,0.150713866946009
-0.39107937373369356,-0.7934440790958185
1.4425140843957676,-0.22206706824594186
1.7054407520338724,-0.10675914406074553
0.2113308919015774,-0.9122607780765848
-0.3800732420918891,-0.3229202658234643
0.7477043898481337,-0.5967807051130218
0.19857011506314085,-0.2725132573602557
-0.4419267430338323,-1.0696083253208406
-0.45124175013160145,-0.9036022359755713
-0.6892337074063244,0.11470055747514474
-0.45505244780740145,-0.22451674716297562
0.5781545144644985,0.011777039970559948
-0.43238643705365487,-0.9043207847741532
1.5443207066933133,0.0572995515374235
5.178094079392087,1.748838693456246
-0.009143734101098129,-0.7062210297117065
-0.47607562617991556,-0.8491791566038565
-0.3485749397405294,-0.3582191972732873
-0.173786190151834,-0.5787675529120028
-1.0727283612756477,0.6354014650355028
-1.104794858346354,0.27853985838125633
-0.5122462725183397,-0.37866819787337325
-1.8968729098057846,2.021557371917421
-0.4928622815427114,-0.8130280544805356
1.8043167195958565,-0.1155863388026728
-0.3093401444620962,-0.6214399937373692
3.5823412527274807,1.118659394244111
-0.3698829564048084,-1.1086578619410004
-1.4474034412581047,1.7131665629884958
0.26664058287805414,-0.8084314255223617
-1.6409709125214584,1.5387164896593875
1.402490657056617,-0.26335059997378285
-1.4135773581486013,1.1881498231541336
-1.6081058403510267,1.397495283588133
-0.6955212856214303,-0.40274574600482255
3.29064638017923,0.8992433290276574
4.969380858045527,1.0234155591736633
-0.2898122915442666,-0.7245524383788651
-0.042943865612311255,-0.9384519254550295
-1.3386114202712014,0.8424319481150985
-1.7129899492006309,1.6462971276513667
0.3919580817121655,-0.46358935180452054
-0.09409286137498686,-0.6973346825183374
0.3391059615630535,-0.5845929849653105
-0.6354780608664361,-0.4600254735669021
-1.3604315794044934,1.0584385313693807
-0.5330310522997801,-0.8358250466232109
-1.1900892226224484,1.0369955031448048
3.544266948354718,0.6809835196073174
1.379204656257579,-0.37576693355657426
-0.7403578640023635,1.2351341035675727
-0.4296234540540687,-1.0397868184205532
-0.4181517942503165,-1.1360518871093328
-0.5301519218131433,-0.8456105621758088
-0.2267362818928888,-0.8143694963116433
1.4000158554253488,2.2139735987696008
-1.6630543155009225,1.6860566190434283
-0.5465962939864426,-0.27647064823391204
-0.4806353761862253,-0.07166557038639695
1.5112368780754464,0.08742865691120165
-0.3570386766840475,-0.6370908440466659
0.8669391307743372,-0.36139350490914773
1.2256333847085814,-0.34088343200444265
0.5863610063463802,-0.48671916461775994
1.4331585101762905,-0.08642015419661954
-0.5079140561734027,0.7843104093961071
-0.6220485679944997,-0.6693745044943031
-0.32994631249239414,-0.92611948040647
-0.5390927647240611,-0.4206657876891324
-0.21146653612624722,-0.42493727588555963
-0.1785236201724683,-0.2542127970355124
0.42877447908367833,-0.5643871585334764
-0.28956362965940996,-0.5606158115577329
-0.5364575466675414,-0.449506373978399
0.6744606763467687,-0.036689500006956005
-1.5116959459956618,1.3265962132700968
0.6191455897060076,-0.6961554888637026
-0.4897147585877268,-0.2099301292353726
-0.43557702003247645,-0.9061315371005969
-0.46835711776052413,-1.0046717980574562
1.3846012961483738,-0.20890867353780712
0.18946562358338176,-0.7647968506756946
5.9299985588122235,1.889731877798033
-1.359548204080292,0.887647236012844
-1.5166640934325013,1.3009376210163828
-0.5577642385160277,-0.12293566608675016
-0.4747218168980366,1.1346613915958994
2.3741477162629145,0.4058640151785116
1.4479549566123977,-0.17652831395501203
0.07046608570496316,-0.9579472879521667
-0.012768323761384759,-0.9099068837492564
-0.518275132557884,-0.6333189600287104
0.3278248344401833,-0.21057680451147914
-0.21590464158751427,-0.11163215344093383
1.9980463727910538,0.7216349262895085
-0.4065292203695213,-0.8439679956769778
-1.3301622816815832,0.9842611998275342
0.061140679969134276,-0.7348495542927773
-0.8637221213977068,-0.16703904088226557
0.030884195262217428,-0.7406015151748333
0.6446782484892958,0.7036704354323098
-0.8313297812609263,0.022637229284520093
0.3478725049134335,-0.48468687453759324
0.10055576025031888,-0.9026895849109162
1.9949089297732197,0.09893084528442193
-0.9900122085878755,0.21806788236234975
-0.41757168546662454,-0.058714037145264936
-0.3564965403377603,-1.1581582118619436
-1.8141822874562865,1.8058380897998796
-1.599300275040131,1.8821120933776383
-0.26452537017956623,0.5345251538476469
0.2703491031576095,-0.8180938539723333
1.1431597174644932,-0.2542303807856776
0.38693619500921866,-0.7251657600249222
-0.3116295589964599,-0.9499826963966199
-0.521088468669796,-0.9432423609706003
-0.395182927523487,-1.088757833130241
2.055843227419869,-0.07953539706152095
1.9838429323788223,0.013061609606217661
-1.791469668483936,1.704533096204378
-0.5284777707388442,-0.6276897565617876
0.891630245135181,-0.4273171150268742
-0.5005582134365382,0.423408395806208
0.9185810832383717,-0.46162211135724407
-1.7602460920904872,1.7793509658910405
-0.12410839854555208,-1.0301932890641963
0.3885544002194871,-0.40450112284036066
0.5180997980705742,-0.5443761076481515
5.31096915781327,2.289569669506187
0.0430980237795505,-0.37216787994405715
0.2446313969629749,-0.9201231280465308
6.149686777298555,2.1093424173175475
7.104589507822805,2.2848114504313517
3.659481493113518,0.784552160743696
0.8765082975918879,-0.5351001014990663
0.9367911164979332,-0.27249759534306955
-1.9849376851257643,2.1314510771649964
0.5156507078608822,0.6043772439668598
-0.04959422729623718,-0.7480945509139711
-1.1980273647368094,0.6824079584192716
0.31332583114335727,-0.59957160527803
-0.31735706779661715,0.19978957875299344
-0.34775308016255063,-0.41485031296472924
0.1582602787397234,-0.9006242945480128
-0.02917746843411138,-0.7290102889541166
1.3010476569327931,-0.24063838938301052
-0.4009929178638994,-0.3308704391671801
-0.4412769207637857,-1.0121419856757246
-0.6406859374101369,-0.542917665194056
1.0727159510119055,-0.48868862112299877
2.3884393094913015,0.34938024678464075
-1.4878779993199194,1.4999867466796033
1.4672342997706989,-0.05566160394958741
4.276801006945662,1.233752860368782
-0.24288901068168983,-0.07377142836245024
2.336563412836469,0.34600526691693206
-0.18736123499863178,-1.0850078296277361
1.3739064027418155,-0.21463073228245466
-0.7910564179527464,-0.22857463924435717
-0.006699845506467783,-0.974979893850429
-0.6741206922525599,0.32490644040007194
-0.6590965028212038,-0.5533662178161062
-0.12456502710314092,-1.0304524395794665
4.525524585326616,0.9702629663795224
0.8647233210453825,-0.26772021196971807
-0.05981148631214377,-0.13366490054328808
0.35180176484268416,-0.8518035694657423
0.2660852019516337,-0.8622694082494793
-1.893213761335516,2.1720876685548576
1.0334582864267738,-0.24439744673851235
1.40564126269166,-0.22730400848547294
-0.07300772921518224,-0.3010272958523637
-0.7805927032614399,-0.13128009135625246
6.52503408983204,2.6927528868257005
-1.1207530400373968,0.42935623607841567
-1.303580172838862,0.9422498046058392
-1.892235147886681,1.9670918962007233
-1.416857783587772,1.7761801841278109
-1.7969006994437322,1.792806895264757
-1.9656807572289754,2.1423799660924203
-0.5539748550700764,-0.1739602469568372
-0.5636076027990345,-0.5791099435853424
-0.6859856006171098,0.12404109018887592
2.4319626697590393,0.9493265204492365
2.2412637534645588,0.03711586791552714
1.321427784954358,-0.30151148073087763
-0.8858113413014714,-0.019702212778673726
0.5093602772267747,0.22396343170648764
6.441886320805825,2.794712866040959
-0.2594241806986018,1.5041561374032213
-0.3632699521679826,1.9858598280384907
-0.7537717185244798,-0.4243851190491585
1.8870483798933002,0.04948384728958863
0.04157073193792169,0.34281965493130173
0.06259601129898887,-0.4142773529607962
0.19113182965965245,-0.817026398909778
-0.7164914719426232,0.15240612237251108
-1.2776743552066732,1.9047714007305543
2.313050639652631,0.20774168957882466
-1.1040293494998372,1.1125984772942636
-0.923790141841578,0.8951434214365468
-0.4520079898003195,-0.5614518250252174
0.46312345672866573,-0.6401715236323453
0.42368697300084757,-0.6550557868556138
1.5917415884910848,0.1598789082315741
-0.31479296086644487,-0.4646615035487651
0.7058025740400211,-0.639477895787388
0.38724808554247103,-0.8277643352556932
-0.33966521383112896,-1.0115718150220598
-1.896961589879793,2.090024098320479
-0.046470061255239656,-0.9557950325745215
-0.6699000134998728,-0.6280145918604879
-1.1497939785644695,0.5499087352950807
-1.9625303986360407,2.1670069082057264
-1.4134387401338226,1.1425504563849023
-1.5687589123908854,1.9183618833345122
-0.24630721161560673,-0.5514083706636898
-0.4028302066417718,-1.0017418219210472
-1.9142199101951451,2.103068497977399
1.8610099384388041,0.12675755108110426
-1.0985452022254991,0.5218964198186633
-0.15122038084593245,-0.7069172590609537
-1.0577940539552049,0.44224834627146015
-1.2572224809302723,1.2615440598240126
-0.5398996046881234,-0.7826256119588215
-0.8255517672231153,-0.2938298298087503
-0.6518397048458383,0.3032930470361233
-0.5489918786298136,-0.23215217827901083
-1.5796630568584717,1.3222813499852044
-1.1912339051065195,1.3257559657831448
0.280147122363864,-0.877127861513292
-1.3027213004224036,0.7143470572524864
-0.29758186102867235,-0.37495711971447043
0.3541518914768692,-0.03968465038030693
-0.5553601923093656,-0.6201073254082429
0.8680682271245417,-0.6237490362080186
-0.02601583512098183,-0.9898646773745555
0.5910793123425041,-0.7541872281008042
-1.6263168842600677,1.908535012038647
2.1270700880592193,0.5172168077850918
-1.4724909204219072,1.166134104138577
-0.2953112613451005,-0.819029343403488
-0.9131062143699626,0.14751926807279778
-1.5340229747125709,1.3710224951404582
0.5257107822187252,-0.09827054490657448
-1.115283952027539,0.352523544715961
-0.21983617446196035,-0.753355930823749
3.0759157663971433,0.44194145413352254
0.19592962373275824,0.6852269543344996
4.190013611144727,0.8026893607342951
-0.24382791060990563,-0.35586963645744724
0.8090871579628045,0.035445107558148344
-0.29907555249384554,-0.8554242199791995
-1.0203617697835954,1.3995444348700699
-0.26292371070208986,-0.8880821270695785
-0.1137274909608043,-0.7273945716327641
-0.7908143305111001,-0.33121282984051975
-1.585601586441912,1.4787841832562914
0.29929718898000846,0.5875928037396305
-0.08059836099367577,-0.18721774193668478
-1.9988253448510882,2.1349889194672844
0.9047640073815426,-0.5190641317165675
-0.8507018745647941,0.9098618297398465
-0.48504718770184735,-0.6715586423370745
-0.9617636069762114,0.03996816212956057
0.07506827738767274,-0.677344809604917
-1.4797103525188484,1.4018465506956184
1.506856542689748,0.0014313613172640546
-0.020693759953455317,0.9883832311474324
-0.5184676244061146,-0.3518628509811031
-1.4942548138248604,1.8692891389694046
-1.5118229301618398,1.3722021826002269
-0.7817561273836365,0.17246400260632827
0.07916838898053535,-0.309593578808712
1.6033469491138959,-0.3288435849899329
-1.030776041006814,1.0931520239653572
-0.15125039759271905,-0.6155782211033951
-1.5082586378182858,1.3057079712656285
0.11720187730461858,-0.8475643734052153
0.11655446980097216,-0.7187424372596869
-0.7007618403319599,-0.38288090093963884
-0.053166790204122946,-0.3543616426975975
-0.15982329240852253,-0.3310334935988174
-1.0823339675463333,0.8126621397333104
-0.40728182698325954,-0.9471707052299716
-0.8249113779037417,0.612249593615204
-0.4954472193111055,-0.9172706673750605
-0.34106762593386236,-0.730802372307908
-1.0838573166298873,0.7090220105207835
8.57980180686151,3.259420768559449
-1.507537148206065,1.1805028375565259
-0.20254350272817045,-0.9262539634078003
0.9611440124293106,-0.4146273435596724
-0.8046259382679111,0.5363284959743346
0.6257994267605005,-0.2851992802424471
1.392313358603438,-0.12459528067722739
0.6339048956016854,-0.7031210208908045
0.8642294158261546,-0.5495658721103434
-0.8014856523582663,0.22978395557230816
0.28077695483138826,0.6762828347332674
-0.789009242596891,0.023816396443430712
0.6617358185690088,-0.6569899782483032
-0.43955876075931427,-1.0454254054279661
9.568579205050735,3.579729300854597
-0.9850459814447535,0.28940342147585374
-0.6380729592318223,-0.6213712852571196
-0.08831658272039507,-0.11558387726009577
-0.08934355046364326,-1.0104631864589253
0.6134604951086091,-0.34929954295044163
-1.7146662115676066,1.599667761381952
-0.4825728668004091,-0.40000854557846466
-0.05143134755619661,-0.798737584187951
1.071861014488128,-0.5195099756818484
0.255608977329591,-0.7311808724788574
0.39224512660185346,-0.6764747441149166
-0.492208427686271,-0.9725301010398163
3.69107017471027,1.648218604855373
-0.2434389738512461,-0.526941540652175
-0.48939022925638914,0.17459498750703156
-0.24800704476504146,-0.7465047332897254
-1.5116207640208232,1.44083397302575
0.1580935749644649,0.6102310652077868
0.9841190784668258,-0.40943304936933667
1.6757449714819266,0.1276168042151856
0.40201864290036476,-0.7926202036526911
0.5786034919705917,-0.692750578414541
0.39687026650392293,-0.776625419892528
-0.36102037814878757,-1.0807890624264769
2.4087502078066048,0.12074998651736031
-1.6918420828651135,1.5441040896150025
1.7220512264160446,-0.0859126883627514
-0.22228304434294102,-1.0630713510973329
1.102114933468716,-0.4605843003572079
-0.5710296390780603,-0.29783444434401174
-0.41036825545203753,-1.1087954751181552
-1.3183084631267303,2.3231487980641967
-0.8537817388944855,-0.19565610071941464
0.10688811177990115,-0.9297795528360494
-1.2191244170494207,0.5790786698698376
-1.1063133455004042,0.8029754928732601
-1.0701459107093874,0.18400909226772855
2.209727891586083,1.8541845305814888
-0.2898991073677063,-0.8387968006954171
-1.3401664033100016,1.0242615949547444
-0.4671014032379419,-1.0382176696054175
0.08637601909942914,-0.956415053506112
-0.4238985395497483,-0.41238712718634063
-1.5162645899063354,1.4838764980869952
3.607883740967082,0.7170879732411407
-0.13897432898388962,-0.7684843093249644
-0.22169449077700917,-0.8800251824121181
0.041140460622987235,-0.7843811863947081
0.14083923589235253,-0.9180083970764755
-0.7163519385836115,-0.42598728066878727
0.28162349801194625,-0.6593192994345471
-0.8313715103805092,0.7227783647860635
-0.42765241527938247,-0.06443515616391038
4.147246524579717,1.0881349601612549
-1.7394331929864648,1.654128805478834
-0.5355827842550265,-0.13710841363554258
3.633610060850336,0.7541798394167996
-0.8647966973164486,0.47934075225671696
-0.6300243123368032,-0.7081595081153113
-1.729261065636508,1.7169993412194622
-1.990926208693124,2.128052408942437
1.0368202052377669,-0.48622152402565205
2.7131121817878356,0.23996182366235838
1.8461615056777922,-0.057579629765586574
0.9078478468660125,0.02332534677804959
-0.2080195700486699,-0.3280501864287317
-0.38478907196693524,-1.128537042467348
5.531790463477706,1.6095187209129567
1.4845578807259956,-0.31597579269898785
-0.36913466768166986,-0.4955020655061719
0.44266719821439293,-0.8344932156921611
1.8302512162051836,1.2166458189573435
-0.17586876113770905,-0.8540176950324939
0.10475479920685392,-0.6301606584990875
-0.09802964465378305,-0.9468757525599398
-0.19846907321044355,-0.5356782896236097
-1.8860362268760709,2.0162880080194725
-0.31816318341540584,-0.5693497893039462
-0.3182690111770583,-0.3524391755074123
-0.45957676292159405,0.27145159543474545
-0.20348063979952588,-0.24553764205324785
-0.11141779001558898,-0.9773129482640226
-1.4318977051898616,1.314786582238868
-1.4960917434743268,1.483905689310181
-0.7489174391525677,-0.2845960586543936
-0.21940355472789827,-0.7873689335552869
1.4370408854983883,0.26229086162493864
0.4881805035856602,-0.6334480256797587
-0.3526204195925643,-0.48612973031059514
3.527953575541405,0.7552365100028525
-1.2198742501568192,0.7385262453017045
-0.1059400387508908,-0.21301941958908543
-0.15347158659337284,-0.8452289964546547
-1.4303589937565702,1.0530111365730728
-1.411368656209171,1.1094667640998437
-0.6498909730735623,-0.5367222921300775
-1.1303744238293751,0.5495104107000816
0.2848467591575964,-0.7602655838004411
-1.9500329838185355,2.1626800598760543
-0.23555888280513093,-0.8764741349880327
-0.7313981544131668,-0.4687849906759256
-0.21254477193758756,-1.0232860595001851
4.190697498140539,0.7841608442292902
-1.1690247303019063,0.5389947021296786
-1.5049044958758744,1.204835965709844
-0.7028630080844926,0.09554600800741961
0.22636916312157065,-0.9304874980171236
6.85478256256632,2.265425913591583
0.21016838351207986,-0.9321847964856436
-1.163062685979156,0.3939247233553924
1.2526759733889157,0.9456043314583519
-0.1985827274068987,-1.083879232031651
-0.8247394923326712,0.3193622807110206
3.866959262370904,0.9861610085865152
-0.43338137815114786,-0.9163049531059881
-0.001504573810283277,-0.2872084864714996
1.6936343697794678,2.935549325668216
1.6445000713314386,-0.11135628771648656
-0.6962811914121185,-0.574469653088288
2.489902685242762,0.5589921586872755
-0.7773971005277917,-0.3007591277341905
-1.3858198485992614,0.8955763016135659
4.770252208509614,1.1130756685946643
-0.5143499999087401,-0.8252229844602681
0.6142801149150287,-0.7410200710287514
-0.9609126627767303,-0.01664644715963486
0.2761348479365104,-0.4112050725688339
-1.908092959611966,2.186482291915543
-0.2977387269858263,-0.500660746771418
0.7523387099587728,-0.36968278016750994
6.463521062375777,2.0740569490644107
0.6349962703837891,-0.5729646565295341
-0.8587982299331481,0.09840412736270725
0.7886850599746555,-0.47859210355705367
0.42608202390943795,-0.626935129408508
-1.427741186822388,0.9288822202904439
-1.482462307840348,1.2404116044332696
-0.403682695225513,-0.1725238407651563
0.5820305627739606,0.3144588116502541
1.1856277745245989,-0.447446765071548
-0.672488241728336,-0.48102987042560474
-0.797702310009211,-0.369380494017508
0.0883141947967887,-0.730847272048853
-1.512554986541567,1.1433965350439894
-1.410079561655533,1.3118271540369975
0.17264468962634857,0.009680518146839524
-0.3565009664874621,1.057224055364734
0.6821053897387245,-0.07053179677356519
1.5972900810611346,-0.14529890206443993
0.49341493867509845,-0.592644039359788
1.8566548150789366,0.0857573673861793
-0.4646158137047701,-0.0739934934040149
0.4943858644721368,0.15409746180134903
-0.4061429450309038,-1.0036219011369265
-1.8065131668503003,1.7873515293222804
0.027675572121031347,-0.5978912619000105
-0.45882800758788,-0.9535857031814798
0.18343957670074107,-0.8520757539981852
2.1209837678947574,0.25041869272745854
0.4464876986618617,-0.6571099533001519
-1.3146460970205929,1.6439791266001433
-0.2984283523817434,-1.090944231651746
0.16036079458271635,-0.6025249498361663
0.31570571070116943,-0.3316498654374185
-0.038190416728271226,-0.007199198003409097
0.3961235328576341,-0.7427906863052526
-0.4815935290063006,-1.0121838617198495
-1.7204276280451385,1.6078174924719189
-0.011990136466218876,0.3159970009849115
-0.16951390629522858,-0.587762411796992
-1.503536474453676,1.3883245059752654
0.16428666835818517,-0.7601700261427129
0.2428746069115638,-0.5214373385377647
-0.33627486230817316,-0.47685313224804826
-0.4980367387932589,-0.964418334675016
-0.0833376714286286,-0.8396844062023961
-0.1840695012771635,-1.075642537310635
0.6026710883111576,-0.5188707445843147
-0.47092808621504506,-0.7320626802964092
-0.6101020316907834,-0.5940774288416331
2.5834269867545774,0.5053720702241821
-0.5714447851697082,-0.8005284558354022
1.8575865904365765,-0.0585926825459461
1.3060116286887038,-0.3184529828673542
-1.539939583895648,1.196372002938684
0.16176288073068,-0.49503126572086564
-1.7872494338607778,1.8439623170301687
-0.42790312671377173,-1.1073275356575814
-0.2752809856016028,-0.9561151754111301
-0.41100013895342746,-0.16525720219537818
-0.6425410982209273,-0.6581656167671969
-0.9783423353168389,0.007720214099034008
0.4947238022973923,-0.6639930332993017
1.2540824395590893,-0.29797633942490004
7.616586865398762,2.4148170723258717
0.19068387083383181,-0.7451888154637671
0.22900354474651902,-0.8262168242387796
-0.2611992000385373,-0.9938013729433778
0.2578865670163944,-0.2770302798956892
2.181555376989367,0.40325999630949255
-0.7135081476838453,-0.32159776079426833
0.1503630232249126,-0.8440863047309409
0.017829781921365206,-0.8051078353780922
0.36166872783946064,-0.24096978350942252
-1.4636389878460543,1.2396748985922168
-0.49207696320004196,0.07029460220464392
-0.9392751866315382,-0.0728835801382428
-0.07649906296287169,-0.22307216913714528
-1.0508347162886382,1.127446155835944
-1.0779689159861772,0.6552663101006864
0.09967644968614724,-0.27511561583468
2.3191348954288404,0.1997751795537939
-1.5506240386251164,1.2474057976283295
-1.2034002824967496,0.6336806284243236
-0.6565782126401571,-0.4377419202717446
-1.3342140725421352,0.8335080667597695
2.2468588775111913,-0.01715389252865984
0.782541551093295,-0.5580929195443364
-0.41039745824829926,-0.4047248552635039
-1.0212495529921144,0.8512517675236708
-0.160130578358503,-0.8222467820268919
0.14998235741905122,-0.7911271735175611
-1.4391861203394227,1.1850355853510726
-0.20312033284024997,-0.08938240384777289
-0.5259572007472079,-0.06312854888214522
-1.1124495155542506,0.6967174482644346
-0.7766307487727758,-0.36884125496490455
-0.5071488386236865,-0.6955215067792123
0.801120520616404,-0.46368985301224575
0.08764844365705428,-0.8150840454373093
-0.6691361942975499,0.030828055275478862
-0.31212909584102405,-0.17016481642554548
-0.6417887447377587,0.4117728533873311
-0.19212179776065763,-1.0231149132176793
0.018898119655790194,-0.8958575947754497
-0.5970554116110978,-0.6209316049188532
-0.5129574755787986,-0.5846229921980308
-1.1460360605558517,1.404582279957053
-1.4810619113365784,1.17268931677153
6.501099070078358,1.827769668545876
0.5451684336544452,-0.1825061879556639
2.2419073604198005,0.11349532323799195
3.4865313368987074,0.5411712396193231
1.7250141525661393,-0.046397852058234525
3.156661520431313,0.43816669939832475
-1.8083606133125856,2.163146850234075
-0.5109536572435758,-0.8575539848028852
-0.32199955707788014,-0.8455952674799027
-0.8571785756438663,-0.18616439912680502
-0.37174355823044186,-0.4969826897876851
0.025610451908057826,-0.8731315001791538
-0.4317261601023999,-0.766911947583337
-0.7078027891566415,-0.5010719440333351
-0.4151539562502951,0.11395073486625241
0.1268180899933746,-0.7660926929896977
-0.4992602524521776,-0.6150303066571382
-1.7717110028446548,1.7842637915004647
0.708446382527181,-0.4056648958113444
-0.97653123947937,0.23713824917861756
-0.268278284825942,-0.7237507475305419
-0.8285300385534301,0.6826353245777433
-1.8957730170287745,2.0450206126723476
-0.9748548421565839,0.021118981103396117
0.5925055586623897,-0.642757457071497
-0.3137484577376385,-1.1567364005900092
-1.519260418007388,1.2081080549359628
-1.0290112274331793,0.35580788819981224
-0.25145408897834776,-0.025457198741242536
-1.0587391691982249,0.17906325385381192
-1.8284123485458657,1.9804742465404892
1.449896350722559,-0.3624086527983882
-0.9231843948489763,-0.14368813340026673
0.17911929158966705,-0.6793126335949783
0.557020686828325,-0.7010770977294777
0.0840050891006632,-0.6761952739867695
-0.11283544629330085,-1.0352150569284468
0.5215062526811259,-0.5499399755278778
0.09166828069605118,-0.9687534194644575
1.5280166650484992,0.21933915242285282
0.6865622376150496,0.01943129725842271
0.05662979012991091,-1.0000583316258496
6.327824975806537,1.989200565798831
0.13084811219042541,-0.10539637688144617
-0.4128236097658222,-0.4289407879608715
-0.4288847046679058,-1.0393675558034914
0.3795744228732896,-0.8474612553355396
2.802446769034687,0.7706289053534408
-0.5685708093937087,-0.37637554833898185
1.4846231745395762,0.11050547813262737
-1.3854883856963074,1.8321641688679087
-0.17723642343150126,-0.7520183022032717
-0.19148293034449765,-0.09027495989173272
-0.37201046844614,-1.0413482343354237
0.5423775219427698,0.2005984384675372
-0.5123311120049133,-0.4015553651898956
-0.9630093048586527,0.2676513743330344
-1.0239106048606315,0.7241269392332977
3.382135834794157,1.2826797438903832
-1.3051062622551195,1.2497104503325474
-1.0874254663419267,0.4254316236627008
0.3141499468854802,-0.08880074057076941
-1.547525729265629,1.4204568194524152
-0.6289010958194423,-0.547648920378768
-0.6199852331194328,-0.6111059537000059
-0.40384432780692414,-1.093673439719256
-0.08257575003897659,-0.8810076541713426
-0.6023129230103123,-0.57823736494501
-0.569652375315682,-0.6282185714721851
-0.5016672635526053,-0.4640203637361173
-0.7398693483589581,-0.016812282570863476
-0.5329833606074963,-0.37901761330014166
-1.3364052116223664,1.1862693133750475
-1.4518362013982415,1.25779284599886
-0.5746713928185763,-0.5853889789999204
0.8793325260376096,-0.46855497002171603
-0.08724042924375713,-0.8608159823416779
-0.6786675446302195,-0.5644733758877927
0.23197015288179237,-0.4969421770457852
-0.6117461099751469,-0.7663031305533927
-1.2025155430946577,1.235494355574707
-1.9048401197605969,2.1083918127019032
-1.7860774025268895,2.2443103012451595
-0.7036203645414366,-0.36166418153046476
0.576936498252038,-0.019597989977770954
-0.5684585585372415,-0.296375278385419
-0.29602030315819533,-0.08108602523639409
-0.07015844125742396,-0.786526757844481
1.229205980790103,-0.06086528029672018
-1.5514655163118218,1.33828430696321
1.5269378005855982,0.0699256283032834
-1.6704705908987965,1.8303012777053882
-0.6333140922024516,0.11967523653232098
0.059569807322743445,-0.8841946912489134
-0.5767889442629158,-0.4609761525986511
-1.26951495001196,0.6189975735875312
1.3207280087394224,-0.4050318241212273
-1.1161244415458116,0.48908065155085634
0.0019590054432252124,-0.684578004806995
0.3000685437087998,-0.093217604107727
-1.102554736320149,0.5767184338238861
-0.6324512671122613,0.07448687917902791
-0.469367342295093,-1.0509231677154256
-0.20065720204634996,-1.1193150866368395
-0.9804151988362916,0.7563090313757697
0.3523273204097437,-0.6231151173654551
-0.8098215687040353,-0.22780492059881113
-0.29429857247791036,0.3195739299810564
-0.25082336825176527,-0.6567470086673839
-0.10482238602726063,-1.0192478937345257
3.770749868158808,0.8320108272896128
-0.6236789800502472,-0.6132022667853145
-0.865038211761217,0.2051354653984308
0.08933483436200226,-0.5093749786931693
0.07587597017589123,-0.2161836773910041
-0.11509428326092272,0.12437054495337084
1.939852234964784,-0.1186023993186692
-0.03729163979223436,-0.8478104182907095
-0.3982690529070078,-1.101928811783601
0.2646702631371127,-0.7945553737888627
-0.15348331613568672,-0.8869913147233588
-0.1873346829298223,-0.35806654885880884
-0.4310126379692538,-0.4164245931758406
1.5386873815020836,-0.22031336765876824
-0.3654664846512319,-1.1746684356897754
1.3833137398905344,-0.20571702536511888
-1.4225747138319664,1.1145264966892614
-0.7214836449840405,-0.34896311504027283
0.10455504744377099,-0.7216300970343936
1.2629491614878015,-0.21300764239513328
-0.43195721986595964,-0.9611747368959231
0.786525172463286,-0.36919757192474295
0.8949828655628452,-0.29230266678023936
-1.2062436974870585,1.25621753355671
-0.8761533098878811,0.38153945781964405
-0.06895319841039306,-0.7705008616242618
0.7444636779295821,-0.4958443245884758
4.238228392131149,1.1472670552516278
-0.3405269550591734,-0.8789491444609465
0.12797212042699585,-0.5256280532258818
-1.4524712903585775,1.0747202670700513
-0.46607671530528333,-0.5922752705418689
-1.1117939884462014,0.48011880547036023
-0.005113004339825024,-0.8941427493029674
6.433502497071904,1.720541897473306
-0.6453572139276403,-0.2525838927174099
0.7422779962567791,-0.6376936336878195
-0.40785576541424007,-0.5517359869419813
-1.3578312232432128,0.9342997112454039
-0.3817840529647231,0.8940739032956068
-0.6753905899574872,0.6439319918415536
0.5681169247536382,-0.36753625646997923
-1.0421829506474232,0.6869954367998141
0.4913223445721547,-0.29300203605968106
-1.3529925303936339,0.8913677790792107
-0.6557122880888571,-0.6085431194696294
-1.3539297402891894,0.9936114666616814
-1.278858491603866,0.9448605971403811
-0.1326978905331681,-0.22820530965588814
-0.20623166299574133,-0.49832813267540155
3.853817898250802,1.0700589604113406
-0.2995539889770332,-0.04133583740154134
1.016221600596045,-0.06039574797658858
-0.3379482783446089,0.3176404202394795
-1.3012679286483642,1.3850005554966993
-1.6569594140445452,1.6324181140792817
0.7237834281791761,-0.5950146897935754
-0.1268554130248864,-0.9632352478264704
-1.3792883579540383,1.4320776758302018
0.42338247694979164,-0.6513062222869931
0.11549959051515243,-0.7154187378690264
-1.256441020344555,1.5856561944160836
-0.11325534831661607,-0.91376113842819
-0.6548501480818425,-0.5509562830881136
-0.6019033239313438,-0.6008439234233415
0.7634315777344229,0.19651632382499787
-1.4883359023501472,1.747033699341756
0.7271254025382059,-0.6234541705082515
-1.4257563804253777,0.9871062037986752
0.5497079205078824,-0.7091496890464632
0.5356957466489971,-0.754935307564435
-1.4576958205057062,1.1631112615863803
-0.8978412348391118,-0.049368559497843766
-0.6864876582259104,-0.5346529993268719
-0.034217075433114315,-0.2561734084261663
0.18880979339007536,-0.6966519991164437
0.23690212430018986,-0.22399728929734405
-0.5996845493086238,-0.34835549996229903
-0.7121654823820128,-0.5035479043703138
0.9232046227130323,0.07379644287202008
0.18160931718819778,-0.9291286705323084
-0.5059295639427059,-0.9346392241197117
1.1752585499662067,-0.05330117590657816
0.18569118122715156,-0.523554509661855
-0.15110809072736756,-0.9313213391598325
0.9587122914180618,-0.2183010042620583
-0.5182739926525892,-0.40885050496107
-1.0061141233537705,0.7531436237257441
-0.4984625534345874,-0.8847234331630139
-0.8300833647332067,0.5750558071707608
4.749202528411445,1.0857874541216415
1.44949549303416,-0.3166104982879757
0.6405578401814581,-0.29608769406175844
-0.3097485475926208,-0.23733083833157742
-0.36064788721354535,-0.7647537810502759
0.0038497364904094343,-0.9043980072978016
-0.4832722678828203,-0.19485431176276366
0.6078101735781309,-0.5088046410859591
-1.7521894609353423,1.6583087468285123
1.9792170124767967,0.5924836112116869
0.8944696784937837,0.28230391788149395
-0.21973004361505075,-0.8218127533854592
0.16615068951123668,-0.9075657569935344
-0.3942648416524417,-1.1339148283192657
-1.2969853189778993,0.7404414185255085
0.04706932621776467,-0.08050394115055348
-0.4030336701249402,-0.2863505911048713
-1.4428003567122087,2.206817847028382
-0.28123169916100926,-0.9594923853107691
-0.19600832323237471,-0.6598963404783699
-1.0998836449419784,0.3612636847054958
-0.2444924993632989,-0.9614807967429665
-1.3840987240894906,0.9993286743613689
1.725731442850986,-0.15661110124197278
-0.8928598820842368,0.8555997333507072
-0.3993017872314027,-0.6724959465260947
0.2777890053810916,-0.6768373744178523
3.9508791604258717,0.9114006295730066
0.4027849553932829,-0.5562979808309636
-0.1981495575454712,-0.9580187941533616
-1.701788282292635,1.572717848171702
-0.8543990968661754,0.30645193349222405
-1.6861354330842193,1.558762295110774
-0.4807746007599848,-0.5320997099872401
1.3932496760242734,-0.23076185005190755
-0.22356660827648442,-0.9724437390765994
0.8370004888692502,-0.5232634501857342
-0.07861824839672256,-0.3459670965535238
-0.06298799819491782,-0.6950236164828922
0.28637833345492303,0.29869560855929006
-0.5254571137752783,-0.6830729882433922
-0.10232958692239023,-1.0064136456869948
-0.5686987028156579,-0.7761309527133228
3.9665842899057244,0.7372540020648953
-1.6850958768860398,1.6164498205459936
-0.2606798994368459,-0.6509213790137274
-0.5675105119625585,-0.5699054533918223
-0.4776079476920284,-0.9642438871120609
-0.16902796246661392,-0.8083796735163059
-0.3888294988905073,-0.7539863042849415
0.7154401737828258,-0.6075944895422972
-0.17045282870449074,-0.12401777792728559
0.3773560237715604,-0.5821491776901038
-1.6574055879209255,1.7121014611097114
-0.13830606777250862,-0.6653294683384855
-1.1069858624707745,0.3686524706518981
-0.8525153226485865,-0.1378398253466722
0.24230483502278755,-0.6056196407988071
-1.4217201200440102,1.092172486165302
0.38740038656691717,-0.20352727069191479
3.197408422469808,0.8195665748037562
1.0215308181044191,-0.5138153566444482
1.4946362857660713,0.7324941001137837
0.6725957855885096,-0.4299335690126202
0.4721320082195643,-0.45234675149676173
-0.3935808257892809,-0.4369365691923688
0.2810237654195323,-0.5151284218782113
-0.11435191745992102,-0.5147006535884278
-0.44695522704950197,-1.061042632894261
-0.43021142431899906,-0.38920848657184437
-1.2474193070133806,0.7685716292340359
-0.10699869610406817,-0.7503371706951351
0.7137118781865216,-0.48261313198952477
-0.8542247572666073,-0.10455145367375673
0.45547385853769357,-0.6976880725059905
-1.2684794646622717,1.198057835279589
0.7689904922005113,-0.4933441249489852
-0.562264005371918,-0.8524156315211928
-0.003747492600807003,-0.5204463527351414
0.911084016721369,-0.11579451430394155
-0.48616755788866833,0.009053688683324776
-0.8652817254123641,0.37628990160439124
-0.20572999807744935,-1.0079989600788208
0.8880771322065755,-0.4789340260333992
-0.6965109888799623,0.9402722743747784
-0.2370602615336344,-0.19607803783706293
-1.1248484017870537,0.41561248526710126
-0.3575206445809509,-0.5613501864911417
-0.9646344501174652,0.16395347271264474
4.2953835216132745,0.9466965275716397
-0.4244335616295834,-0.675339479332313
-0.6333236315394274,-0.4930612972854458
-1.5033123711312455,1.5672414628401892
-0.23841331938506502,-0.9351916599234354
-0.774218325615479,0.2680980064284326
-0.9967954834485776,0.17995964123344899
1.0963192768821113,-0.4367645004213238
0.18267081056779158,-0.7611559786576885
-1.1968744906010678,0.46609157510361265
-1.618769003720159,1.3571850883995455
1.3464288139000544,-0.35226493717897767
-1.176126509789635,0.4321886449662685
-0.41902528789018767,-0.5084746167526473
-0.6164846799010761,-0.6662168297445429
0.20046498939455026,-0.6443592862362465
2.2025624656166074,0.23927190815231741
-0.5370158924877274,-0.8495060731059886
-0.9875312903737145,0.21947587847397831
1.4278411002393132,-0.12369647265229533
-1.7456718442987458,1.6505881821969544
1.3906060749286575,-0.35787677450093286
0.04736225055182976,-0.925381376396791
-1.6142305115120825,1.5538924758848423
-1.1775264743407985,1.3638714994947336
-1.4911348478881696,1.2583286940333633
3.1355903179348172,0.5139894695399378
-0.4985822944669641,-0.9076304081622322
-1.1334082361562892,0.840773493623207
-1.404308639403128,1.0335369729402737
-0.7255259811202734,1.699984395791151
-1.5247658898156984,1.2164030423656995
0.5910021311612864,-0.42306526479221124
-1.2330687469840487,1.0925398875299166
0.40206270826215246,-0.6976643632587067
-0.2489845015275304,0.12439798604431113
-0.4157424873351807,-0.8149382757836657
0.0007149747239313791,0.46416402113822275
-1.2843972477495196,0.7590050387928082
0.9584792720986873,-0.06248249666241249
-0.12264576803874737,-0.6410998902017435
-0.29688838895685943,-0.8541829385302608
0.44487641101909103,-0.4488984840841819
-0.6327457068726121,0.17709535825114678
-1.0291311426834642,0.8999538975976719
-0.3909061969089328,-0.8921990032651634
0.7506195777899868,-0.3588913138038762
-0.07894579827650833,-1.0045621476557927
-1.1710237759244104,0.6292162566551475
-0.42809626438308046,-1.0275005829276072
-1.3431829726440248,0.9997105822917723
-0.23906765054467058,-0.3570904202019005
2.0049709736025347,0.04754381358670088
0.8293507789804464,-0.6457223588785922
-0.3619692840245545,-0.13743070928818688
-1.019961822516367,0.2810071349539046
-1.9910333277084666,2.1508306340041323
0.02836278313901472,0.015229871090100254
0.41134742870151403,-0.24703414595714493
-1.5601048280654497,1.4133178004807934
0.1189959943608226,0.3596518224481586
-1.430675353917284,1.4867729411180528
-0.83789304042874,0.24338018936511982
1.3367149327046126,-0.39988113659852215
2.963302773359601,0.3666106659002001
1.328607981222312,-0.2596032161006145
-0.2192052852174649,-0.7644173912700031
-0.41742051825901183,-0.6371008376256647
-0.1723254010260849,-0.5436799833942161
-1.2618707143116359,0.7946285460827489
-0.18490571864386193,-0.37560468122902213
0.011845132115076103,-0.22610933739613578
9.782710093105802,3.6213184911293848
1.6898643432688158,-0.2490585785329943
0.5113267636341422,-0.04933636458268698
0.05560252999399536,-0.623797530170703
-0.6646373142163848,-0.43089619495925285
11.75642980054107,4.8370901774148845
-0.8028451561740245,-0.2695236321998847
-0.1950540216923236,-1.0476180573141365
-1.4507965102442515,1.0528317370894436
0.5163488478129762,-0.682403934923212
1.702938470412108,-0.17704393626536863
-1.9172270130163929,2.112781385360112
-0.50506740715464,-0.4356138958259343
-0.32984023768863335,-1.131610444828
-0.37648890007546837,0.23117277216479679
-0.4952945362887407,-0.5442625877809145
-0.5700003297810785,-0.004265417027046815
-1.5780009776738415,1.6543903961481394
-0.6063408960462968,-0.56910385228115
0.6176131599347927,0.8942089609729359
-1.4245059326997307,1.113430471580092
1.0721881095457948,-0.18815857338202877
-0.22335969229226194,-0.5498044686661855
-0.6134062917355729,-0.607372205511842
-1.9514886971463088,2.093336843513706
0.6458972261734809,-0.6620564831195511
-1.6739000269023445,1.5428672397858794
-0.15320163334818035,-0.7726363595117549
-0.9058180855246075,0.5702549656380311
-0.16407454833948526,-0.6571148419788989
0.18773987809775425,-0.5070499277764866
-0.20411905887049478,-0.08210446050063462
0.9914249603934068,-0.2564855045287862
-0.22716215257736627,-0.871708736659461
-0.2981971969244708,-0.8549257266313545
-1.0857746843585379,1.7888648423240845
-0.7779775409662485,0.19744748300815929
-0.11166865888683508,-1.011713851448354
-0.07256699065365005,-0.8410688530333025
0.5162184774930165,-0.4273263469714796
-1.1120053740578852,0.38864276437415546
-0.25439579620384056,-0.5256627347956465
-0.4473638379600374,-0.9927574769159148
0.8785869159040306,-0.44256434937863465
-0.48027673677856325,-1.0456950698230933
-0.9827516988924248,0.2678664778630972
0.1546844085907174,-0.6971025439144931
-1.0992355351856384,0.7802309706378473
0.18950564057772443,-0.894311115989575
-1.4718125636577235,1.0637435095761125
1.4729928802218144,0.3055337241918751
-0.35605829467835703,-1.066553420828216
-0.6012224967460778,-0.5890380242357691
0.019192177418222343,-0.7472370888779363
-0.15402800181571816,-0.08043766445366196
-0.044969166306829296,-0.4485624504871263
-0.5020106759548065,0.19811627126646603
0.23501470049412587,0.18603387077631642
-0.3409636460301933,-0.5326893293729973
5.370588470720137,1.5183793318229932
-0.7354600072644187,0.4688842956297768
-0.5951545125753772,-0.6769503330869491
-1.7503292243265762,1.7393010515570906
0.5213527332271899,-0.7898367950544132
1.1619241110853387,-0.31244569166764197
-1.3862090324000291,1.0552285564332897
-0.08334761524456939,-0.45534911308582693
-0.688386884010022,-0.53573086739357
0.0342507682227034,-0.670173828184888
0.6287766077517417,-0.5800692617606509
0.38956693734981546,0.5553122929765582
1.3937071410134336,-0.3636139596042475
3.0821113012539723,0.7006091845738742
-0.5255131381635041,0.028479543432031677
-1.7885472370198152,2.0830354670846023
0.4519292010839179,-0.22400276290256904
-0.6522866137600819,-0.6294379640349962
-0.7479928512740461,-0.43252494629777777
-0.27963921567644057,-0.5207248789862075
2.164764394208781,0.15714805512713026
7.302336559255688,2.691414212068735
0.49686688446847227,-0.7808942363557548
0.8940688112781937,-0.4641140577956114
0.36238930819591003,-0.8115362909229962
-0.9309750479137073,0.6130751745698058
-0.6470816456785312,-0.5465474230480668
-1.1852422592085377,0.6668248740968364
-0.6099385909019529,0.007326939533036608
-0.6907845799460695,-0.3201209580940623
1.428687103596629,-0.4087040694415652
0.08749361007991525,-0.712396335634407
-1.4502351999187661,1.5898672287170774
-0.06391155864290882,-0.8058204813919349
0.653303175369029,-0.37986278759573666
-0.5375803251438348,-0.7242118048247548
-1.763484198632146,1.7318352058209874
-0.2252649031301207,-0.9619880635927928
-0.6928446697116264,0.6529429168112122
0.6891565462025065,0.11618209449082721
-0.3313575060247271,-0.7823891314728121
0.3512896780283535,0.04254989641564581
1.2475022240910567,0.15472193946478646
-0.13895146006565762,-0.9586806111457963
-0.4045980968070034,-0.6755017623751869
-0.13096997771171523,-0.5202095300398827
-0.4207727399077059,-0.5819057789296704
-1.8699682087064944,1.968309548385659
-0.5430676050529188,-0.6816479654286592
0.8338920279138113,-0.6278031783206965
-0.18169152484355092,-0.11147943479754466
-0.4474653870931878,-0.9813955999487738
-0.633530132352095,-0.4931784927413961
0.10696471996424056,-0.8840580386901935
-0.7477323309795266,0.48868077442396024
-0.41983064521313396,-0.5927906208718867
-0.32058162058442385,-0.10252244951637854
-1.5868085982342648,1.4780991675630606
-0.5590635799708636,-0.08941455414215863
-1.2754043056504667,1.3008257364317097
-1.0747062672746779,0.4554891721151135
-1.0909731050820528,0.32064264885381605
-0.5430664819286753,-0.8986180022732806
-0.058490432236955686,-0.8141633373881864
0.19023838204062737,-0.7682806621681464
1.5562323811017904,0.03729839335538307
-0.30009418254855685,-0.31178825841075725
-0.6659008780432824,-0.6257449615515907
-1.9289030623401362,2.0376378192483346
1.0007681992885222,-0.5216763954160328
0.18854417481653377,-0.8377592310289164
-0.6822392375444314,0.5790252560854937
-0.25687942805399694,1.326810590032167
1.4445613150178394,-0.25089373849918867
-0.15042199674516626,-1.079385579301638
-0.8347106887521528,0.26802528852089713
0.4383258523925064,-0.7912790240475522
-0.2906504059467031,-0.3064286296013107
-0.29269636287306855,-0.9431599103263416
-0.3146201035195263,-0.9441827869647683
-1.105470694346301,1.8194424224305432
-1.0153064188254026,0.10093707059373842
4.634646236974142,1.2652005957028922
1.31729149773152,-0.21285049213192805
-0.5182265251329011,-0.5001796390772807
-1.5650029253685747,1.399118472967475
-0.5035108465579434,-0.7162958546081796
0.8908468810367977,-0.2643138108468933
-1.1956247279585965,0.6951910366198382
-0.2767507471559109,-1.0026273462245945
-0.4734779543081896,-0.4251830599287782
-0.6126510797449416,-0.6526216365534472
0.39646832573031066,-0.4000097307890813
1.802641198743672,0.08116916695335097
0.3154836630167327,-0.6097664796063414
3.643166542353843,0.7485315391814036
-0.39369812957421113,-1.019398110365646
1.4284821174333149,-0.0848041565242515
-0.18393493771829122,-0.3675565998111938
-1.2348700339613872,0.7414351936783999
0.5040545312617717,-0.7008008405278218
-0.5201810284789188,-0.9427273612205087
1.5649254161174069,0.1749960716930801
0.9519382752901246,-0.5379693447727194
0.504443484413016,-0.6395601767107152
2.265832123025629,0.11565384035097932
-1.1319749540941464,0.7769922447961477
0.2719747192426594,-0.36396565943808734
-0.6890104012533673,0.12232442435523735
1.6008709644880394,0.248919044673769
0.9565859581556562,-0.44005319554171035
-0.341865100778857,0.08702732163724762
-0.9145632810830364,0.7251649310923286
-1.5078567759573351,1.328775058366638
-0.4584697390970806,-0.047666391859316794
-0.5966590635891904,-0.4494140278634693
-0.3741094688628473,-0.5971786228731517
0.5739352623097784,1.1053077505217492
0.08694442121031988,-0.45755643987502437
-0.15558662835453227,-0.9110240263557898
-0.6047746275947116,0.38317907223425884
-1.2487753354585718,0.8705776246241568
-0.12988701875387734,-1.0106338124405732
-0.6964328527039478,-0.01892215135789566
-0.644652641742007,-0.6593639815702946
-0.4033180703756374,-0.5263216894415161
1.2053998033072388,-0.2877719215895369
7.182178481665623,2.684240790494671
1.8863092157240486,-0.16433156638150945
-0.030845746540961106,-0.8098936514278684
0.4545348240421337,-0.5080117223559242
-1.4511749362785535,1.4408802806896912
-0.9799480366848324,0.43682790323228393
-0.005315973738776774,-0.15591221973678399
-0.5110855262087699,-0.9033068611130094
2.0338899248487436,0.33802441306006037
-1.5110212388199533,1.189945019942396
0.0914054916719982,-0.7101762245322494
0.03532442270875093,0.19439582492473415
-1.585066238407307,1.353473408572811
0.5053668931241451,-0.707553169369298
-1.5997691436168353,1.5849387578318215
1.5687272858476493,0.01405347742768839
-0.18963810604015674,-0.7590566321211899
7.297692661322908,2.574235951158753
-0.43419190696578275,-1.0081210260884712
-0.7246066314691791,-0.012072604464096715
-0.6653599040833363,-0.6254379424698053
-0.6566040296711033,-0.15226884293912282
5.128654660457104,1.3432412921001309
3.5995505032108723,0.8986455141479313
-1.503028537788965,1.2059006286547447
3.9488347982269203,0.8263814527180652
4.174667466081687,1.1989756223512928
0.42728835061861475,-0.5234749199804686
-1.5120593127654836,1.2007753907571987
-0.43463323530524434,-0.5326744833653455
-1.7058457779911897,1.6960296975431277
0.9930349808173993,-0.568168508842589
-0.5071448070372928,-0.912489892983609
0.12720752083625061,-0.9143252984344179
-0.9315352747655129,-0.04565192775043517
0.1331178193992771,-0.553391482362673
0.17646467998548238,0.14103783767743408
-0.8398411767230919,-0.03929079088783167
-0.5420897327304087,-0.9209026859078047
-1.2937516092395018,1.6975930416818525
-1.922675056708023,2.0868504374693306
1.015283329707856,-0.5823032916662144
3.317306514665533,0.4604729199553572
-0.37132097191757196,-1.1665715250869972
-0.6118549022420986,-0.6864283092569036
-1.7823603650293607,1.7097029013879896
2.6140357613754746,0.23690812949238124
-0.33932566488587473,-1.0456376382407866
-0.5296085334752635,-0.8681411912038062
1.8638128111192493,-0.017225827909368937
-0.9487249711566517,0.047367982256677585
1.7293729586881184,0.7026139903260226
0.4635160430758003,-0.7769828290618372
-0.8700366229869512,0.259396261727272
-1.0683628781513517,1.132840278369177
1.0157487724802143,0.019620088653218837
-0.22853612587967553,-0.7925519438606956
-0.6845363271652025,-0.544965069111134
2.8095967243832587,0.3557396405019826
0.1605247915873738,-0.8194025508282071
1.2014498250145302,-0.2061547142376042
0.537072190372389,-0.7198956066131632
-1.329593688571733,1.3575053209738053
0.47986821445396566,-0.59640983973401
-1.0040453474638606,0.08448905079358535
0.8103891040176007,-0.5647799927818968
-0.6515022050616505,-0.4006026049547149
0.6187710995643866,-0.5668310471756572
0.04569570173973794,-0.9263271932455168
-0.4452446586146479,0.10829286047700167
-0.3453645476540215,-0.5162703310750985
0.4815797603646629,-0.8009896507515318
-1.6390182902070605,1.7225368086099644
2.0638533792237594,-0.06356988450782414
-0.505459729678615,0.15405555089082298
2.9624695666256935,0.3393764022537326
0.0025514785092530996,-0.9925685060458169
-0.4900279571557207,-0.7429024346517019
-0.014971511861771793,-0.9796743146493407
0.2722331968530404,-0.8816192535645714
-1.9192178273366627,2.1801685930562473
-0.9537605073071633,-0.001167873472210758
0.9062393716032128,-0.019343172973988684
1.343699114849345,-0.2317742816556951
-0.46291166266473577,-0.388850217659814
-1.369529552095725,0.9048215375118445
-1.2297375303914846,0.8357041180347169
-0.23226353914575157,-0.7375698177536816
-0.4099725757322549,-0.39306421241570094
-0.9009124648719369,1.2011120581211012
-1.5176118140524142,1.1862046691933334
-0.23179922941329387,-0.920018454677572
-0.4376480360824121,-0.7816923004557331
2.2898947789124957,0.27026661058155854
-0.730285875968641,1.0085377026537097
-0.9300451371951018,0.44231028945686346
0.3580943002925402,0.12634828952613392
-0.09896588925041835,-0.26223654941317803
-1.559901291758081,1.2763992034366993
0.015686644095602786,-0.6161148502810317
-0.7276219263305636,-0.2839297203044919
0.1029714014319507,-0.8863243677186413
-0.5162451380633091,-0.9062350968715429
0.5550529819914674,-0.043437056403059844
-1.083901348041106,1.7060690778517495
-0.18920290341024787,-0.19567893348262336
0.8730955319728191,-0.5523788336497968
-0.2411680150392682,-0.6855258312465488
4.3844981404601295,0.9815822675263787
-0.5690864043637761,-0.5479608016435765
-1.7727405984458424,1.7836794648609375
0.772507373067526,-0.33147506030755286
2.9519322082553465,0.33339613271981666
2.6721351055951064,0.22812560291223355
-0.3125204637586685,-0.41769375603329667
5.752602081449563,1.7965511461585992
-0.8396548502349781,0.8133557675782677
-0.7743470558574661,-0.207672061778725
0.14589912360221194,-0.7820250230179696
-1.2928780763375332,0.7656114212727253
0.4126898473497046,-0.2312780150077668
-0.3789268474825776,-1.182307598649467
-0.20680464682039135,-0.9400918007119198
-1.3411969870796223,0.9779986708152028
-0.7764615638838449,-0.3459062190818673
0.8636158260061653,-0.5081584414899395
0.40845333464410966,0.3183764514164038
1.1657821748871187,0.0626653035727112
-0.4878590083874735,-0.2392130871048461
0.32276453194723537,-0.5599563296240213
0.7768217455605866,-0.5459971976990147
0.5410245433924671,-0.7290720359228643
2.470171764570471,0.006459724823948082
-0.5488407114222008,-0.8105389787594106
-0.4051286889099411,-1.1743389176833539
-1.1425746085991384,1.1553175568547571
1.559442717922082,0.16046496549460657
-0.972701423867521,0.4791214779491138
-0.23077359257429989,-0.12399310806156663
-0.15800953476254526,0.09609246664641433
0.6833639006371591,-0.3781443014009419
1.7484496084475498,0.05825855123182021
0.10208129345074941,-0.3918682612709143
-0.6433860238045588,0.6924317032064312
0.5749806087355501,-0.2797819687627886
0.2347050398167756,-0.3776201956939897
0.1441201329346935,-0.7373566173354419
0.757078603923562,0.18898844378214746
-0.47357625224336863,-0.36064416723860343
-1.963080345024546,2.1552752878282635
-1.7661250822645707,1.730336424497003
1.537929205783086,0.10615211868364698
-0.13920586643908095,-0.7532738293757234
-1.1391917019015332,0.46456977455413395
-1.1935716399847276,0.9893410892958809
1.5994972450932328,-0.22040807532814524
-0.7184635110626654,1.087686682568929
-0.17159914478960708,0.1265608547938338
-1.5637079746285387,1.2970778141326367
-1.6866067949515189,1.6841093838791965
0.3983843004230967,-0.7375852570584883
0.9922591785537264,-0.5111636375461528
-1.1002736320006812,1.3277782595169263
0.7910089143673091,0.08263032015812692
4.387218884194329,1.3884696515803172
-0.9867637594513062,0.07145785625846285
-0.14961297305269364,-0.5193704845049012
1.323623410831568,-0.3348715408476759
-0.8357865727056362,0.27883420101277945
-0.5819270009339595,-0.10239023694815168
-0.3817924920469679,0.6010842506974946
-1.691219065794446,1.8413649090927253
-1.348357923978789,0.8254810033472845
-0.45901531155183706,-0.4323169572587945
-0.036412582358632484,-0.5086486267654114
-0.22331456632630736,-0.03982332090053168
1.0179672432407447,-0.29459712692141704
-1.2179758215421812,0.5683110233835715
2.670582369193259,0.18514109996306366
-0.22930977681164139,-0.7929910141604531
0.4845844652005618,-0.5555523220126277
1.1181252692256431,-0.13497883577025113
-0.10830736911586919,-1.013728593140865
-1.2013354653690331,0.7604670754686429
0.534159281852659,-0.7179740116874553
0.7894136177258366,-0.5235090449992812
2.1502986912534165,-0.014509555750703496
2.123463657901455,0.09230059359065938
0.3104591148937438,-0.8599248890919641
-0.5369603846647644,-0.8380550615667163
0.32154987824211134,-0.6823379079305331
1.8598668247623706,-0.05729858060981852
-0.48289435271378595,-1.0471806460252804
-0.7285304896456842,-0.06747468320996211
-1.25666648735641,0.8432601389446671
0.11147159460965518,-0.16956830714089016
0.12083619691237403,-0.36588240193514204
0.798168520750688,0.3454199489436482
1.3907057037680908,-0.32356170460828354
-1.3635155374521888,1.0110102552312343
0.575279781946522,-0.26069553586185135
-0.8370302321196009,-0.24324665990043498
0.8367384013209579,-0.1351488809765005
-0.5443329770872359,-0.5567515014415668
-1.016418310667881,0.7701347041598078
0.5614192697679322,-0.6529027322097882
-0.5858170410383411,-0.03608089731871439
-1.3960033067125621,0.9811529545468627
-1.0208631987408352,0.29191508585926607
1.82628780881031,0.0799426821755865
-0.6657364490860188,0.021338004323093917
0.020520850536668925,-0.7693220450452775
-0.5843264989889649,-0.5451905070457517
1.2659188366874812,-0.264845049169972
-0.20597016522537853,-0.9510377163424483
0.4158681502703805,-0.6402289454602818
-0.7875075272210277,0.374751074351808
-1.3637307636513072,1.0108881078546101
-1.311902080220194,0.7662342329382771
1.0340893274081313,-0.0766690496171409
0.12351343155808145,-0.7604710527021085
0.31185990447648865,0.44984366406589055
-0.549324504307575,-0.8564915825367179
-0.490342380241666,0.08662091494574982
-1.4073593131134803,1.180259242579437
-0.418128032468898,-1.113199383237528
-1.5040854887168973,1.2852373412379974
-1.1052284662488492,0.2668742636127794
-0.3389449879989572,0.5301230563350604
-1.3076159951791622,0.7229886791294001
-0.24789520908012913,-1.0890265382906261
-1.9292363002768733,2.0945462424975183
-0.40811283320770536,-0.3349112064371294
-0.5326580280182235,-0.8013548165494442
0.0585654557556239,-0.7934086177666134
0.49802718626004655,-0.4223085704094677
-0.46423000996932284,-1.0023295395786744
1.211210123818083,0.7547009455828598
4.400878703345827,1.1974727474656626
-1.7380860809266836,1.6777323506528552
-1.6469846801228862,1.443947421315001
-1.9234707961697983,2.0064622670629744
-1.137111904421998,0.47716963168976406
-0.9074654542690401,0.6492565982556792
-0.3568077290067855,-0.7168963384537198
-0.5776875241115318,-0.724134834772705
-0.34639267778361077,-0.8897752533768648
0.0748633545213676,-0.5671883931030396
-0.10517470833794429,-1.0005312042439107
-1.6433544252751608,1.4688467190653747
0.23583386547842636,-0.5329303061044427
1.4880072771856252,-0.21873970724053554
-0.2444050213261959,-0.41329471009694707
2.048198968461566,0.07242462460711019
-1.3270379642921906,0.7462246518341821
1.744268514348133,-0.1914211725886531
-0.40596136838599584,-0.5049828226557178
2.9314426101375144,0.22614160082372564
-0.8844626909458918,0.20945337050519006
2.4793918129824184,0.1415769739745217
-0.10801394648192544,0.3528566583278153
0.5836994767862314,-0.4043707236463061
-0.8776788430883116,-0.12928186582035792
0.32871366147181785,0.3113026782943277
1.1608447288917756,-0.3662334442737972
0.6028637490657675,0.02902741974839263
0.6668393107300755,0.22486099737827595
-1.4354948106560546,1.7466864646104399
-0.22981288472048533,-0.6562424330594981
-1.9276405427248202,2.0497738464808375
0.49379149437037073,0.18017391573611236
3.016938863389144,0.4123926534502291
-0.2213544477475385,-0.8912517068808375
0.42087469710463604,-0.7590798043262619
0.566475698888276,-0.6767944494013343
-0.724998246428932,-0.27102119344685166
-0.27717664070990106,-0.5232496685081361
1.5434111224245899,-0.2365491448917305
-1.2696685483785577,0.778783530265452
-0.3975050594867769,-1.0101391490447125
2.0858685338000007,0.2269149768644197
-0.37804383737524344,-0.6604314171241098
0.48933204720561396,-0.7394924476778145
-1.5736371052810776,1.5769304615003168
0.9188123736514547,-0.48825224068148865
0.6127811337834076,-0.524900113899826
-0.8118042077652199,-0.3202862015918292
-1.9616365686306307,2.07615811039489
-1.6849112175610736,1.5480375652703493
-1.0091556629830452,2.0914224063161555
0.8147630327010692,-0.5433810129262215
0.5128148749129998,-0.767920894211776
-0.6844323926120925,0.9357077338527563
0.20094775484939376,-0.33968092990651233
0.3070877131773905,-0.8846772798623437
0.4203026625747878,-0.6416346009098962
-0.19914864231565563,-1.0271028600004397
0.19525306487187066,-0.7425956596708381
-0.7592395377616936,0.592422803012838
-0.3392250310969572,-0.5242054789358608
-0.2415302586848463,-1.028316690604068
-1.1921329561698393,0.5030410667948073
1.5960191227520402,-0.2412986579946276
-1.7116125733519545,1.5899812842428331
-0.5427285398877577,0.47191489059097896
-0.4697196706942381,-0.054051068248272556
-0.14706003445641366,0.5630093813236903
1.321658733797019,0.24606079656335034
-0.3906706339558092,-0.1462224594422631
-0.8801192791818877,1.2775074995449542
0.9888398156219348,-0.25830026904990205
0.11531955255450936,-0.7993798543399656
-0.18701670556064842,-0.985959091498403
0.6902655074902548,0.4019515761496638
-0.5182374178551774,-0.4659272935131681
-0.45168279216685714,-0.7211403939298837
-0.1641980178729985,-0.3145996395388967
-1.4575135755586737,1.1175366544205187
0.31423559001845536,-0.6636499693455266
-1.2644723449455555,1.166073469384149
-0.380073466652951,-1.0801827571631715
-0.7905749666211058,0.41868824641481456
0.8189464851352712,-0.45357307907535077
-1.5807243985012038,1.3330985156782098
-0.5344508198701684,-0.7224357159430288
-0.5336711610149427,-0.8476078368476383
0.5310923925799463,-0.5141633990146214
-0.39554403774069796,-0.4380507513440092
-1.1649695368949875,0.7125887845876752
-0.9193242986671811,0.4598141986999363
0.8264751627380079,-0.5481535341165498
-0.4848151169003418,-0.9683341735887497
-0.45199124050317885,-0.6909792954608951
-1.4478714566221862,1.724320459287331
-1.5978485704292387,1.631706777880107
0.5485863147220537,-0.2947615288015098
-0.0015536360573850402,-0.7475914562253786
-0.39813912671657714,-0.26465614664898307
-0.9839219281073548,0.5259286730452137
1.649686998862158,-0.09307066502871815
1.3253351244832459,-0.33747485018616513
0.013649788465145297,-0.5259147540784834
2.227811255941647,0.2810579872075417
0.6607854529216386,-0.5279923633247389
0.6027939688436742,-0.5077291136812752
-0.285971751339588,-0.9279239807519414
0.4986139380954869,-0.6885466572209336
-0.9940336628353325,0.5658679944841118
-0.4250362815968093,-0.13146747621174554
-0.09842295534619114,-0.4028849033431973
0.8346754484438099,-0.44464641674043026
-0.31488205611200787,-0.8187168521001708
-0.6372585898297529,-0.6209091059942169
-0.19966807787315752,-1.1073342195854536
0.19967225408863795,-0.6829900902945724
-0.8060897647231595,-0.21426749981557833
1.1400778154432578,-0.19173239032739614
1.8813226060878956,0.09191233418726265
-0.4665327148228452,-0.8323437566517681
-0.21385424820732357,-0.47981516195420826
1.0288289071583,-0.24310238418394955
-0.7194104901677871,1.2163386027713181
0.9121019620813706,-0.34752935823714765
3.3055711169313926,0.4652322360238881
0.4481786318184714,-0.10409148209813943
-1.4767610369426871,1.1408716655387798
-0.5588915594439826,-0.6449505013909784
-0.4349703698725648,-0.5214463082564015
-0.1819404509400334,-0.9374001268063696
0.10884181756797871,-0.8676508445780796
0.766639332047334,-0.06858188150545587
-1.1798718679128288,0.46432156848192724
2.6625978602024074,0.4507554944738232
0.21045378793532873,-0.6233484565375768
0.8904928290428898,-0.5346605908817317
1.7352745215605705,-0.14692512351127898
-0.7259436708456705,0.29549533287721425
-1.6605399779936079,1.6189665265877304
-0.09659577281371107,-0.9460619869291862
-0.29265638552928985,-0.9773957494882077
-1.0166835476319702,0.1686725633772754
0.3318970470558637,-0.6918074611784327
0.6391054333178723,-0.5934716006421077
-0.42276553056484195,-0.6058757662335648
-0.5485162217414271,-0.33073543586499193
3.238288012404553,0.36567950167837493
-0.1362554338271374,-0.2530633414006455
3.4790349550764144,0.5750977190373897
0.4659481171269937,0.29033417471173023
-0.47255240113074776,0.009283567992128592
-0.06856719298339654,-0.40485749839493784
-0.35231757431207106,-1.1786255406091255
-1.4087864751660653,1.3924975839217693
1.2548413407887595,-0.40424359785328395
0.44758336354198996,1.1053434239213797
-1.995332528850749,2.1255516890020885
0.21333349180731,-0.8008515256441959
-0.37796389946873743,-1.1703415873601035
-0.4465914222386128,-1.0494166534911757
-0.5563886647863098,-0.8376616888923911
0.42465051040415075,-0.7876206850088644
-0.40363203863946384,0.6304453089583848
-0.5824026353412995,-0.7496498213268741
-1.5301736530782928,1.3046900465478757
1.1190435140874104,-0.3521236116669065
-1.9940673478153914,2.126269717499812
0.3387119722643973,-0.7068564280898699
-0.11291351994923865,-0.7080159754120635
-0.0400772054058468,-0.8151327835009153
-0.19408841225844148,-1.0470700447595518
0.7283105732313238,-0.48217268164618815
-0.06493134538396612,-0.9280914668033947
-0.5378522943764574,-0.7928832106156698
-1.6088752915671523,1.5911902526634387
-0.3990046467889122,-1.0909267743854343
-1.3986942071984192,1.3564695897935077
5.474283267088796,2.0050639459447996
0.5209971200679708,-0.7290186951348174
-0.11415640467477615,-0.31296090437574314
-1.0469263885913174,1.1371613838806711
-0.00299170761329756,-0.9425392612311955
-1.3518664054141227,1.0518800174559786
-1.0310481223257344,0.7504123344548023
0.6791251710295176,-0.7002961654279154
-1.1123841592205934,0.4912033748797594
0.2828984882959006,-0.5711620058083291
-0.4479789889453379,-0.620185166341077
-0.8466686347318745,0.7408581777466083
0.7280612983105587,-0.3831133287612844
-0.46368501051144445,-0.24083549672474788
-0.00909350985612151,-0.976338370755318
-0.05076154804901711,-0.4900307050916298
-1.5059961573506506,1.1585383781255842
-1.4518369425245663,1.223533897873849
-0.24645392597680926,-0.745623291409761
-0.5033387532068623,-0.6933591680849176
0.9531920466494768,0.010878648603385681
0.8178747448544795,-0.3856642690682251
-0.4761663386339387,-1.009103767060648
-0.6386268022509106,-0.6787831537748221
-0.7952999824047168,0.4731042029247729
-0.31910231360467867,-0.4214291548616852
-0.7678153181701347,0.340248961812915
-1.2054219107332798,0.6211137840931865
0.40545289126719514,-0.7831740299645823
-0.36630690134530447,-0.4596386950827985
-0.7103799336638691,-0.5139540606473808
1.005172638802994,-0.5687771547679087
0.5466623782501882,-0.6687748482924691
-0.9081631031871806,0.3976314596321301
0.1886011648921463,-0.757790323239622
-0.21932272395820565,-1.084230298098644
1.4380237215325762,-0.2852877894184088
-0.5589032325546812,-0.34055275389943523
-0.4982868665381801,-0.9645602897343362
0.11046513822678689,-0.6765202803900944
-0.17032888186781217,-0.8851321735295421
0.43620778399443755,-0.15298857833201424
-0.4645116367136803,-0.9796503529304582
5.670698631777647,1.711539942153766
-0.7945099309998929,1.2689958476825813
-1.3534212367160614,1.41249952186325
-1.0525112256977223,1.0693971401915257
0.6554566001350197,-0.6908897768261297
-0.3091755580679757,-0.9828485041720243
0.9161505017439513,-0.24995324089241683
-0.28408216628616,-0.3940570283338505
-1.0589738057260594,0.5290124995480715
0.40148955021959437,-0.572375046898147
-0.6891698333253168,-0.1593314121595528
4.061462963003708,0.8710370824583096
-1.2754906045201773,0.6727037548008888
-0.35478634781236346,-0.7157491434975863
0.6455892883139607,-0.3767435178887205
-0.39514432604605515,0.2698380490544757
-1.497584390727918,1.1861513284052867
1.0395281348480425,-0.5150208443093025
-1.147584327718704,0.8213086237932471
0.5087477053101251,-0.7855710204130532
-1.2979485140338476,0.7170557578611411
0.3760825717834045,-0.4647544332064797
1.4283506705050695,-0.26793852005559543
2.8370798347063895,0.2032716410693024
-0.38580796584480603,-1.0377592221861713
0.7915304284323177,-0.4730548956251343
-1.2134555772764801,0.5937154170426888
0.1893114190462697,-0.9019184764674212
2.685240939129379,0.3840171789993412
0.1333684804905125,-0.8348145786057872
1.812538049619886,-0.11484286067978965
0.017206685938036342,-0.702685878651359
1.7652142149310999,-0.15312007715011372
-0.47025875792256944,-0.9829120180143714
0.16422707290567953,-0.6916867933374083
-0.36433507609373433,-0.7325878447301242
0.6147815099216996,-0.7253936297428981
0.041943291481702116,-0.9512958178853259
-0.9905813350440399,0.12638881251851275
0.5907843784979366,-0.6744180477786926
-0.3304545522423626,-0.892149394320773
-1.5082591319025025,1.282868672515621
-1.9230073064763271,2.1894374582185288
1.1439688829781705,-0.5167674825092603
-0.2159980878973132,-0.6294854750346008
1.3481301129095538,-0.32096324631475426
3.8933624891623957,1.1078435960729285
5.659336855356852,1.4645868644786202
0.19613782675500893,-0.8866247744851581
0.6503302730062899,-0.29054154290692613
1.5698367640891266,-0.21405466022774394
-0.5470341866059013,0.8955679038035419
0.663572046354248,-0.6102698267665325
0.7034612063543894,-0.568714879127626
0.03474814881249825,0.21298541511805097
-1.38396636104008,1.0679208494215005
0.45096614098377996,-0.5100370579115728
-0.48908610950325704,-0.7652069259689219
-0.6225797163132641,-0.34992969043575956
-0.27675496974126407,-0.6600444675353815
2.4438662947255176,0.24345501032462305
-0.26342278702454,-0.9683019321730201
-0.6127317195156748,-0.4813747644949063
-0.1697859769215592,0.4890918005812527
0.3260619865108249,-0.801469375634704
-1.6588274439144777,1.4600653130702235
-0.4477952617456557,-0.5972418772569166
-1.456188495985553,1.1982252413477616
-0.5343032294268306,-0.7566104814165827
-0.17561272077477433,-0.8121167229849191
0.9927711635858828,-0.4691174091588085
-0.2865255943586764,-0.985335849269644
3.612770937905604,0.9071913606934006
-1.00743080349521,1.0607231155486276
-0.8528190379227536,-0.19510973880505467
-0.07927729013743638,-0.4262776868693213
1.5494981360914868,0.20407390985711968
-0.6005657965590976,0.09258284796189292
-1.2152907833311837,1.4755508468854566
-0.374904371504585,-0.6015521294466912
-1.7249689166290672,1.6851767380660378
-0.29670298850556837,-0.8883362456808942
-0.29008437286318683,-1.06729212788942
-0.10214901522696657,-0.9948916566180627
-0.48075707107442167,-0.9317725823503483
0.16287557013109855,-0.7838098854016767
-0.6861701978104657,-0.6486679226521974
-0.4374142359861488,-0.9985302860823824
0.8230423245765596,-0.6493025975258634
-1.0861079890310137,0.28914522182464847
4.21049638052338,0.9827270641133432
-0.30166244981805457,-0.6095855359614923
-0.5864916860824393,-0.7405509721077316
2.2283223488875494,0.5283072577031038
-0.6200703196481149,-0.645412770391532
-0.5725820392210139,0.4813859038657383
-0.34993065901200204,-1.0859148206248808
0.11365226261609274,-0.8345846193137026
-0.6787858034099467,-0.5188624546369885
1.2159164204446151,-0.030574221567561045
1.4605345338807827,0.03938928355563742
-1.8082475816792296,2.1821276421606344
-0.20168081259379048,-0.7087936864164571
-1.17789430464962,0.5910584963195072
-0.8315814533901075,0.7950986460918955
-0.2507155473721955,-0.3408619355516262
-0.46448278235323487,-0.5496150039909538
0.07660866246103942,-0.7870909276050788
-1.970044685664888,2.082805758880423
-0.8020261714960933,0.556720585292972
0.3041145797766616,-0.7835890404371296
1.8026464094974581,-0.2157351142358471
-0.345899486605533,1.0097179285393834
0.09772025708440213,-0.6837533858545215
-0.5862265219425503,-0.7175614650972809
0.730962596628133,-0.5035065965113127
-0.13843854290821703,-1.007989927118257
0.11362716384195862,0.021864324208206515
-1.5424263190341096,1.194960705546606
1.039445647219326,0.07124968448068307
0.6522193631985687,-0.19776573703969716
0.6728511176102894,0.04233359093361251
-0.9616241917919589,0.1656618853451601
5.262917505003231,1.6057264219411826
-1.65419928346396,1.6339845716524768
-0.2194869680049713,-0.878772346481607
0.8845363713833831,0.040431531710261835
-0.23410465173000714,-0.8756488148757064
0.9152212928895729,0.25947494239797836
-0.5911239962941098,0.006585281771309717
0.09587940793483973,-0.5781001655897083
-0.18530339718155708,-0.43685029696680283
0.357020247415989,-0.71930494662569
-0.44592198185983933,-1.0261977074894983
-0.6000506895847851,-0.7368266074600578
-0.13638564632177386,-0.7973513058578254
-0.46065378069191076,-0.9203633571175506
-0.2845793951390931,-1.0984264140691642
5.156999282466688,1.7946595375046601
-0.7145992254691531,0.6748550760558228
1.442552101406799,-0.3244734582964304
-0.09848676729558845,-0.9699742018252178
-1.4398579750961298,1.184654287459178
0.15186649076504619,-0.9499309992618138
-1.1614291973318116,0.7488565618660884
-0.3056669706348056,0.04297617541545929
1.1144059431672666,-0.4232726284350247
-0.2540130023242514,-0.30847481344137095
-0.4254548866664391,-1.003162502853615
-0.21381157018140529,-0.8298733499032951
0.44784732104084557,-0.6527635678844295
-0.7562938721624737,0.08806139519033651
-1.3904337926937975,1.1099284230618884
-0.210589303681116,-0.20746874569309323
-1.1923614334260189,0.6970430549518982
-1.8120908561281501,1.8184445494964079
-1.464267765797873,1.0794449196938647
-0.7417344529856892,0.2522750589725648
0.047428117362288455,-0.8757435830196243
-0.5870911552401602,-0.3526278771645576
5.534094356248877,1.7335613253879116
-1.0104855419655927,0.7506627114680914
0.38208704747843125,-0.762176325404429
0.57840335820959,-0.5329910319802146
1.1070237721457217,-0.45030125207520016
-0.4286527127790618,-0.9364603108507105
0.8864365685548765,-0.3542504946352869
0.019874279076127443,-0.9827372928677868
-0.7665498900926687,0.35238663968564254
1.4574331803264018,-0.28926660236489166
-0.6499573736188013,-0.513920958105237
0.13240015359343946,-0.9609787342854128
-0.09013168766321146,-0.873876368099986
0.2218871440353776,-0.5333483583988569
-0.5696926389636665,-0.300998031632881
0.08423827693795082,-0.211785432106528
-0.29776851956001743,0.1388148586254205
-0.8966696247652399,0.9066127597392215
-0.015383907316592647,-0.6830011230915939
-0.4144852345168001,-0.6429321092217847
-1.3764109175000618,1.0379502646001364
-0.4859595687348898,-0.9004666295872404
0.09549025730770816,0.25530314915411195
0.24900380374322997,-0.8719636182888632
-1.8887708663804792,2.117511599943108
-0.07064638429241743,-0.12054977306092071
-1.1656947778778577,1.7399330138002742
2.817511973544476,0.8098626334113422
0.10241118488426872,-0.3345834920505099
2.7615088173615803,0.6253555374972262
-0.4447220222023284,-1.0826142399517353
-0.4932542220687676,-0.4745875927334109
0.5297331525873478,-0.5606128454995489
-0.3874967941856668,-0.9930396466566795
-0.6614910992961417,-0.46336915036119003
3.1284462915968434,1.202950319391485
-0.43804147564216916,-0.9532082268708925
-0.37975619723646564,-1.0685831880036805
-1.4795228968180296,1.0593676623405588
-0.6136445050276824,0.2867890751892637
-0.05263277268530584,-0.36940045606347455
-0.23968412634576386,-1.061527482186425
2.7425654692537713,0.47791812121564436
-1.5366900905474967,1.232474716194632
0.5487090431292422,-0.6715356793665233
-1.410890489249138,1.029801574111885
-0.5071420167499018,-0.20840111608648645
-0.4251158318054016,-1.0600676248223493
-0.49318555888245647,-0.6990164324356596
-0.4995920249173166,-0.931042479070194
0.1910391744308658,-0.1854312205420759
0.04415507001272929,-0.6188748007199316
-0.9283914742232037,-0.05528723504258953
-0.20090870604608455,0.06424875574999606
-0.5463060146798345,-0.8776175167335359
-0.5766072494432487,-0.6664242003743402
0.2891390206398012,-0.3088939793337979
0.41406547064564364,-0.039940409877477275
-1.4368865709901588,1.0036285024089378
-0.29224022839969616,-0.9657400585610787
-1.031948813467027,0.658545091625355
-0.24333227000745844,-0.972241840668334
-1.2238326671433062,0.7362797239559524
-0.36919028759093053,-0.7810213607650839
-0.16338716310359375,-0.611046693385866
-0.8764286256237215,0.42706124449831695
-0.4768579464551833,-0.7125890369644681
0.00014539383411455836,0.2543672263923639
-0.6881129052668972,0.2980487933214709
5.245589062506897,1.4470907708864797
-0.4940811181826244,-0.6881051802498488
-1.0487563389301422,0.23040684860483407
0.1895085093893107,-0.799031039197336
-0.47833259280850765,-0.8504600534181869
-0.3830279533323347,-0.6175820169691493
-0.37883085145056805,-0.740814635609792
-1.1048309390595494,0.358455945683362
-0.5231059532336347,-0.8987093077864943
-0.14797985992634013,-0.6822391471006833
-1.4828990712471017,1.2173247096495645
1.2466003766518845,-0.39392632644413567
0.21548259829423472,-0.8110513518931814
2.9657008444281727,0.4596753338067429
1.318234659895653,-0.3686135888781584
-0.45007762414517766,-0.8686830317606992
-0.33269197928642297,-0.3188689846736584
0.19636997038071463,-0.6049276719647515
0.16707898302138216,-0.8841999040118628
-0.42709834199923713,-0.4370421301834658
0.19177083850855067,-0.9158645660045782
0.2216869351889101,2.0055914283044087
1.6064620237746423,-0.2621333894901174
1.7710195774302615,0.01039538670951986
-0.7256985007239657,-0.3741941914758017
-0.30854208592763355,-0.39651926324817405
0.25466260439498334,-0.3056213698068209
-1.089120167650237,0.3331137560519234
-1.2259823237575962,0.5866061095951107
-0.3906117011054331,-0.8577733404774622
4.034835530330678,1.08858538457485
-0.7061222542496253,0.31816409538322454
3.0433818044781873,0.4652331082883656
-1.4693216288034212,1.2592888463432532
-0.14835874039429472,-0.4123083284024575
-1.5511327724593014,1.2585365849640189
0.2729933100352731,-0.6031972709540879
0.1784939722273638,-0.6796675212432787
-1.7184716592275227,1.6774446189529082
0.05498749718345405,-0.9553123458527634
-0.2332874299089364,-1.012219126832399
-1.0130771395667864,1.5485575434368384
1.5339896097358525,-0.10163488629037477
0.9543747305289271,-0.1943489242964227
0.06989853719516119,-0.9393527458381757
0.002475588970192071,-0.2581882301019582
-1.2175646841674144,0.7512565030150822
0.7748677298218577,-0.1966761350161249
-0.3810170664696852,-0.6010988934067013
0.04831025138748728,-0.12547771527464177
-0.3056648364726163,-0.6650321819934233
-0.8572524331913788,0.5674812897764762
-1.9790187176079024,2.146229779397168
-0.3863249931128357,-0.16267281990443036
0.13523611158147517,-0.8526712845393585
-0.6494087413534991,-0.15960480839833635
-0.5230340056757161,-0.39621007184161305
-0.8980945409578043,0.4757851034918841
6.864789066564435,2.156214582131775
-0.6318452852544741,1.0033857936702937
0.21596648687332165,-0.7233430324080689
-1.487994258893268,1.1002379448661608
-1.5313270773413996,1.3611329892537074
-0.02225300983230142,-0.789675129037032
0.9689368103488208,-0.45980510704982797
-1.6209245561714112,1.6071909489627108
-0.5652731634426933,-0.5343771629340534
-1.0564542242913226,0.8387691858272719
1.5676457203141423,-0.028663621805087632
-0.027383256461127294,0.10170977480620828
-0.5343245768303153,-0.80230063339817
-0.35913426846592655,-1.1482356931706996
-0.6541489056183757,-0.40210468755914863
-1.299559106289319,2.0329600113306743
-0.21596537046838693,-1.0366468617793803
-0.19786639250531526,-0.7751459426917353
-0.8236333674598058,0.7653508977008596
1.0436150742965058,-0.3528282541838384
0.49999427844946204,-0.6078267081294224
-0.9299383101839601,1.899798098949571
-0.3957815659496316,0.3533353356222876
-1.3255419144922325,1.0668199621293082
0.20594289848457167,-0.6794313099702216
0.20637597265228635,-0.5953265877997378
0.8523552647329584,-0.44568447882837187
1.5596215999733118,-0.0032290172135017274
-0.3922611022298806,-1.007163044719664
0.3353418057585852,-0.674510571985231
0.5504233625462793,-0.6134652053991844
-0.9162413455689702,0.020125385425806077
-1.3891063547858924,1.0307452200195284
-0.8830790601318477,0.03894598526729354
-0.3505937716012072,-0.6448526746838398
-0.13797948966857101,0.17989955327560286
0.33989942160270564,-0.7440158007938079
-0.3146402157124697,-0.932774692071337
4.852929110860678,1.6749180736593279
-0.5782919341114179,-0.5646047273296052
0.19005413788721606,-0.27734633193803815
1.8181845309513962,0.34514205507573564
-1.0454408830778195,0.35790307094575413
0.3706869597116068,-0.6812125218772465
-0.38731849121977663,0.19826525806619885
0.9358660577931742,-0.47499900061354156
-1.3961989148029534,0.9467834135267998
0.3803029249697882,-0.8202864147371596
-1.2445092108736218,1.0175300232763362
0.9142492603608758,-0.037983953906703005
-0.4659109890058681,-0.7292153259088836
-1.3055657203621969,0.8497668729725962
3.7752583828821953,0.8156529026800261
0.34927569779305573,-0.8264757952787485
-0.5897020282142598,0.5326897135304373
-1.2595765667151175,1.0357402368146285
-0.3736050468308004,-1.0765117333035443
-0.8359677902221381,0.06568305562621424
2.351301785723284,0.2976198100618519
2.6556315592293176,0.3101154146373604
-0.45103500227682564,-0.8920653911446172
-0.6610761773770893,-0.5088117063090797
0.14991289667480012,-0.947117347700571
0.4205314985709068,-0.7592745798727709
-0.48994385879547175,-0.7542742154601907
9.185379842600518,3.469645265585778
-1.8954567357807226,2.0109415843318232
-0.258266729064763,-0.957878579471917
-0.18081771172583772,-0.358290345907572
-1.8680463442652075,2.209209957168783
-1.7412589660904956,1.6873511515427635
-0.4944130419961587,-0.9737812863301029
-1.455180158571065,1.9639046177896173
0.5971114231915534,-0.6554853741228606
-1.7565191729086278,1.7015295410340192
-0.6570079799552179,-0.540761408759802
-1.5147019256926662,1.1193390638081884
0.7281427749013296,-0.4783455369870087
-1.9587889371434302,2.089193736549828
-0.20727673303296434,-0.4075651681562467
-0.7474888173283795,0.31752633821799997
-0.2769014370603583,-0.842839738906449
-0.6232993977180654,-0.5444697873060873
-0.2100512317063924,-0.9761928633276432
2.9833726840995225,0.35123955354830994
10.075045464397927,3.6687625711262317
-0.3350903042624975,0.13655026022047806
-0.5299138099147417,-0.5942462247077548
3.809271477174522,0.831381603676527
0.6959479395022122,-0.5608641427301
0.14148664378446527,-0.8377044093215766
-0.6070806728629903,-0.31079736234578476
0.13549404936861426,-0.31973034128729755
0.15071374549665373,-0.01810784031425318
0.7280037584960471,-0.413829753259979
-1.8493808783965011,2.0370910267707676
-0.44346104697127264,-0.2978748408525369
0.09836705880600063,-0.9003569805692699
0.41205854254518787,-0.8518645534164037
-1.2804252205775655,0.8526153576994886
-0.26636514577110615,-0.48285529066809174
-1.4155891378744372,0.9586178938990492
-1.539029656502637,1.7525219883510748
1.0710132654434694,-0.546752492529439
-0.11277094926072764,-0.5709009521812354
-0.7625521187139688,-0.41794875251238056
2.6567368865442433,0.3756850177419412
-1.0781945015612575,0.4078314569857404
0.6025682090506856,-0.1881109823991433
-1.8626761439684585,2.13232114403869
-1.6087441076851339,1.739718322708372
-1.016858611576812,0.9868554943305067
-1.7076991927261709,2.102157783507275
-1.2961781366664822,0.9464506839775797
-1.6997547731653952,1.5967109444387413
0.3596336804164227,-0.47051491788630434
0.7215625357868516,0.0928178121660995
-1.1673334147589116,1.0499101122624859
-0.5752249159713562,-0.05290856437053757
-1.541912206316692,1.2980280626011784
0.894840267081759,1.7128324097310286
-1.5999509505228002,1.516318521887871
0.4211171272821036,-0.8085426298396152
0.062264581569671164,-0.677114160291043
-0.08556422291993038,-0.951220757932083
0.4671004247427849,-0.3181682172255906
0.8205671051119398,0.05337983389985535
-0.6386492727786389,-0.5075032689117882
-0.36420166883274174,-0.48128293031015756
0.033002307138045965,0.5053270770220972
-1.138464266497663,1.0548747177573823
-0.8325620370873471,-0.06941818653053765
3.1265606432130295,0.8286111128620466
4.040443077364592,1.1381411071507943
-0.2083734310436183,-0.7240114589483863
0.36187091684999,-0.7090549111481754
-0.8701352243958538,-0.03364456071780435
-0.4417073960315351,-0.4756693623646969
-1.0229782008514308,0.13084162980611624
-1.5326356382669029,1.3718098505276173
-0.8115701667153097,0.45245087213306323
0.5508313219357414,0.3039018161818017
-0.9176051672753279,0.03077088453544782
-1.7482327172004644,1.7176518644090577
-0.8264114368090473,-0.2372201724402288
-0.5734556556397727,-0.5846990113860157
-0.4777587786407478,0.43634776452725865
-1.825475104859373,1.8336876019325654
0.5686349733637369,-0.5231930013276092
-0.39795148040526546,-0.9418754513892864
1.0756018469407118,-0.3575138117431179
2.302098653698231,0.02169348484095876
-0.3036930901337078,-0.5382985554362927
-0.07851559292037995,-1.0157375022775479
-0.3978316833297399,-0.7819343345302485
-0.6591180972667969,-0.6104760191726973
-0.540818184643385,-0.7603079155198043
-1.8484070376603845,2.0148046924960186
-1.1171078048378524,0.3400689439201002
1.1665951180796874,0.13164372844541153
-0.5581169763867326,-0.7358669754510259
-0.22238113488657588,-0.8918343828801398
0.6501498130086977,-0.2371211721566456
0.023811803481248468,-0.6989372747011733
4.328812222404946,1.0687915254100038
2.6959454107465444,0.4889454976088864
-1.2221891950294568,0.611597843198065
1.1576799564669724,0.11551221214324778
0.018470081635487304,-0.9189395376384811
2.5612630065244564,0.1919637274504734
1.1573319852205248,0.29802687467612443
-0.5435857493567305,-0.5677469362788348
2.424362164327009,0.6738243088903653
-1.4878726764798356,1.477150749210045
0.5373453955924856,-0.17587410614637505
-0.057697927192100366,-0.34551369079260236
-0.765161941388025,-0.3280738324340887
-1.4960755839551156,1.2897832044166901
-0.03296303416214111,-0.23262268373933367
-0.8696420770840019,-0.22749634061445195
-1.1701282166242426,0.6183050044693367
-0.3776855464033976,-0.5003549477666501
-1.7651243242427772,1.7423238941092876
-0.34036305374822895,-1.1375824611607928
-1.5696775651703474,1.3622069460014474
-0.5247176793059395,-0.7854289193611392
0.37013567594191976,-0.022768618761422898
-0.5844093060955238,-0.3396863375024243
-0.8120560087617502,-0.26333156041635536
-1.7524009815028365,1.8294813400769432
-0.5802001883672374,-0.714141338551801
0.013000611627710748,-0.5908778613063939
-0.19877067719193403,-0.7642396424265986
-1.0637664694423739,2.5054423631609275
-1.0048671738682031,0.8148712264091232
-0.695939879610004,0.3542790531425346
-0.5956845938130471,-0.711509697732847
-0.38520342697757093,-0.48178255399736925
-0.17304056323720382,-0.16331968164282246
-0.8522183564240041,0.010782331191066034
-0.6803563169279314,-0.3827196584984809
0.03428698389170936,-1.01273854983163
-0.49650801082647217,-0.7465800610722276
-1.7653671528107484,1.810703136580439
-1.9213252832282,2.099035983908573
-0.6762329147683541,-0.5516721406447549
-0.8108283178680372,0.3272572929055334
-1.9762702208759184,2.1477896344094645
0.963337128234874,-0.46690547127449333
-1.1367440741131762,1.2499826348649905
-0.31330084087070625,-0.8634975013179748
1.5429738096674033,-0.0012576324844086552
5.023748805425045,1.3561434772391483
-0.4608372048063358,-0.7948528549668873
-1.8410061806553968,2.0989414668525606
-1.9150907195454616,2.1825108515350293
-0.4149146819655524,-0.15605931456275668
1.01386639129849,-0.2783554580417787
-0.41543466765041975,-0.3961641147575982
0.32114360279684817,-0.23720762385751323
-0.3740243034215037,-0.9625545823860818
0.9705572785886276,-0.1316420516422474
-0.41643010930905694,0.3380419042366701
1.8422199336821592,-0.14759790583921084
-0.9171878309783419,-0.03750931952222454
0.058707341360958974,-0.5535184008009766
0.8060746469118834,1.2367062546909862
0.6163683510883423,-0.6445564851954366
-1.011736865773375,0.8527281299062996
1.9756498665488422,0.16863254206459874
-0.8102494778569891,0.46461991217005916
-0.4931356769848347,-0.813183214661653
-1.0952676124242784,0.5123370419768428
-1.5283866781506483,1.225767644661011
-1.0045852211690758,0.4039289129314549
0.4441179870925859,-0.7612304188180523
-0.2708288711758986,-0.9878469933521984
0.6111987389862472,-0.6093094935976481
-1.7775844231365459,1.7238329020118723
-0.8137843203621731,-0.16153684697499016
-1.6274846766160178,1.3979167171462774
0.053077833110718745,-0.804020143453327
0.10753078622139302,-0.9711704770542068
-0.022015677933855907,-0.05903946574112002
-0.7250803516712635,0.27314627427392857
-1.1212016282917108,0.531877231218628
-0.25389791582983406,-0.8069455266196651
0.17789034300436657,-0.5811568918271821
-1.4658853087944783,1.1927220068387703
1.2406492185744826,0.4859207928421486
0.30000596696994375,-0.6032086557147287
-1.0903152985518805,0.3438549922945949
0.057140994385178556,-0.8969926252115019
-1.590460088399177,1.681578001550739
0.8996532431287005,0.1824701650270157
-0.6298310065380478,-0.37688403526582565
-0.48161314711502756,-0.9779364680764111
0.04290606527763417,-0.3722768221988842
-1.62322573912172,1.750416201987625
-0.56409101368649,-0.8762915323322822
-1.2449594723795447,1.1771476146513424
0.4903500650013495,-0.6018805817393662
0.14943508884317308,-0.5819642246179689
-0.45107094803421055,-1.074797938187148
-0.2697558396414167,-0.8616234146244853
-0.46278134877639127,-0.9900878713717937
-1.030220142738198,0.8422383112786332
0.4319512444854885,-0.7606382792949794
-0.4648727801045276,-1.0026943310683225
0.1337591068933659,-0.8306705110234744
-1.4768216205636258,1.1636763008440696
-0.9290654963157362,-0.021411235449697804
-0.24915839699756948,-0.5569488798760586
-1.3066594370865006,1.111794866592763
1.378090085825541,-0.34571571706841453
0.10212731797988561,-0.8561196416895891
-1.5105825551194825,1.167354967866311
-1.785095745660094,1.7766675451866139
-1.6093563669893354,1.6708537920111721
0.04675010333392601,-0.7201776233743503
-0.4175006807265798,-0.884453158729378
-0.1000913455393386,-0.7578365495365892
0.8424037100686492,-0.6497339349253556
-1.9107569199426333,2.059355812984945
-1.2097583942371963,1.5015296633427528
-1.466086486767062,1.1697688139132618
-0.47411513169168934,-0.973681117577257
-1.8663059607751162,1.9932270031785035
-0.4593636811887885,-0.23088587776811995
-0.5015525754486915,-0.9435746599566136
-1.5563405597862172,1.9864295951207815
4.0934486285277885,1.1065082058550584
-0.6805167764304116,-0.40564974246084423
-0.011298275514404535,-0.9472534897128029
-0.35202448793702074,-0.6342451402993651
-0.32708467204075636,-0.6315105497479739
-0.29054740812300567,-1.1321495941429527
-0.7895335629534092,-0.1477738087818379
0.9072392043651162,-0.47590372117758284
-0.6115125797905046,-0.45784384749076945
-0.033777459995825675,-0.5792449287624836
-0.6470734372458098,-0.03266485181312417
4.113679883602583,1.2596417736325698
-0.6043528048892128,0.4251741307746389
1.0588844605462753,-0.45800989075282567
0.4920773651753602,-0.4217628985168973
-0.7854782906338288,-0.3738625025282974
0.10604999698899818,-0.7207816679589223
0.8028555355273862,0.41659702659558556
-0.19780023900218432,-0.8093669260915797
0.5902301138303656,-0.3853225051747482
0.012796867540331637,-0.769783263689745
0.020285416450894295,-0.7997918132362761
7.199378680030861,2.434233237506415
0.31379053926631856,-0.8009366591597183
2.830429959464354,0.5581200287351972
-1.9261046276673814,2.0620650338944584
-0.7453357520792613,-0.48811450800746403
0.9867602419265287,0.0681105173533204
0.05887474091198318,-0.7475550524027853
-1.0116062487997735,0.39994426742914385
-0.2100106371110432,0.915198705769365
-1.7575147990892965,1.7923205664369932
0.37384406735412606,-0.7479378228432961
-0.9020061919003638,0.25267207375289563
6.335502488201877,2.5006337984461875
2.148372851268885,0.09859256353038899
-0.2998117357652129,-0.6998912731384185
-1.3333078115186503,0.9139589614946622
0.8814230260173945,0.05365888183547243
-0.3228255210664528,-1.1504683993561458
1.2978187145955857,0.015907807158652452
-0.295238302749236,-0.807568428022868
-0.6537039109093878,-0.4018521396047768
-0.39315517927739896,-0.9277338962838309
0.07885068799991031,-0.9760277909345009
-0.3678189757086633,-0.8487601548290703
1.221390775251408,-0.26727705225939385
-1.4341128302241066,1.0965587575430613
2.0827955641682943,0.18699007086996614
0.36027413147894005,-0.6146826864794952
0.2696224977083827,-0.7724805711670818
0.36416930342444637,-0.5782135310936745
0.028140033201884445,-0.8106759651567029
-0.5749394711206106,0.5789011972263693
-1.0792447594827541,0.2587817846298171
-0.28751264688975614,-1.0733297295136215
-0.39919660529082857,-1.0910357166402613
-0.8771187451038551,-0.18606153913201853
-1.6090804222134678,1.3855226697378704
1.7337503360454454,-0.11745399265619509
-0.41678647351025777,-0.6367409980566905
2.8607894431603675,0.36552879677689304
0.03308711345098342,-0.14553681558547651
0.16921280607123076,-0.9286669315869828
-0.4456383227354669,-0.8204855572778647
-1.3163118029241856,0.7408925636076967
-0.5461083742094281,-0.6148566388536234
-1.5403152135540976,1.3103539134595166
3.0935870326831485,0.5012232274291107
-0.4354793675299094,-0.9631736622079773
-0.40185921832465676,-0.8869956649762009
0.20041676435595246,-0.8196016682568813
-1.8809331110129275,1.9620866347387191
0.1763967239749271,-0.6922772822202568
-0.433356970548651,-0.6918232929165504
-0.44135860474610095,-1.0236078529770185
0.08225674421995838,-0.9626752418564293
0.118463099966249,0.15772059896941418
2.3505083489416108,0.1294516317265001
0.1567432967078355,-0.8443876818702627
1.1674309134094367,-0.4310126404149817
-0.23708094063499457,-0.785981875465721
-0.546089199841764,0.6523721444897157
-0.3087658469027096,-0.7313867789307159
-0.6961536795996217,0.28564066015611267
-1.0702607669427477,0.2524609629087648
-0.46972259593743954,-0.4954912108007588
0.426344274275648,0.7924599847391106
-0.03378546064853652,-0.777303500569981
0.1258903862611585,-0.7248635315135561
-1.0389765508852116,0.441508339149958
0.07074073313867897,-0.4592553889837689
-1.0814698904645503,1.2660105211672976
-0.5022287088339008,-0.7384072210191153
-0.6598090760480145,-0.553770624671146
0.6101314290708192,-0.5681595628522901
0.14027873342893096,0.13584310316952117
-0.46950856568676497,-0.856871660351595
-0.570913468721497,-0.7088708443144857
-0.16377438734854669,-0.801475735478374
3.3863844434243333,0.7094978905543048
1.083961834630084,-0.49764812654148083
-0.7380447315528071,-0.5068156517142677
-0.5737000225035425,-0.7218718070247064
0.35775456682525447,-0.48300088084643356
1.329059399414581,0.2466861395042812
-1.825425908044927,1.8222960134413804
0.2172112690230637,-0.6273581322399032
-1.1145337597917346,0.4785639023787376
-0.603927669631065,-0.7390269108795195
1.4434047588969194,-0.3243371660720069
-0.36706785134757464,-0.8140753415260988
5.743691923976023,1.7950691209410738
0.10367195881224162,-0.6346975784548676
-0.3633934362212814,-1.0707163354747895
0.08243004991206813,-0.3459233903938724
0.377865880729989,-0.8102500018704146
1.635659215611427,0.21513964195662816
-0.9298337683644693,0.09234783864080652
-0.3105770044833225,0.08944237800684582
0.02021663508982391,0.1287241527228706
-0.39411854855125555,-0.3840665725511203
1.5541140000912734,-0.2650810823514204
-0.11728399004319165,-0.5695398640176867
1.4834162977030338,-0.1528281719052395
-0.416067111971765,-1.032093184333448
-0.44405022957723156,-0.24111167394312277
-0.5759509251657258,-0.7117297531835838
-0.8637377868327016,0.049922742761232444
5.200933053102124,1.6326111422248164
0.11858979743975459,0.19597340641629477
-0.7537281929859341,0.7211652587233708
-0.4575527595692277,0.5655851417085416
-0.3175802725558663,-0.9533599062962588
-0.6712002535178903,0.3797390482684322
-0.9565512668935106,0.7698525344190431
-1.4699262130212156,1.9858719381834309
-0.09577054995146317,-0.6754478031779544
-0.7052517647656174,-0.3511705413214911
-0.4124781318099698,-0.18893502617950908
-0.04000341037841099,-0.9367831281879059
-1.2906847367478402,1.0523439370967569
0.04408925924541953,-0.5314784522372781
-0.5038459258757362,-1.013393260703662
-0.351718004856509,0.8729563920208432
-0.5132816061311662,-0.7789386019978057
1.0993576160450347,-0.2947788990975567
-1.5358686522295344,1.731476935525264
-0.827476180998146,-0.24924395613745534
-0.5199664313198274,-0.7027958782492557
-0.3422144257990717,0.7074049396515761
-0.49766124409061985,-0.8157516108512122
-1.3246035814724333,0.7476062377022161
0.046819069993960634,-0.587026747941348
-1.6344399887846521,1.4739059313539344
1.1435180877374669,-0.284710763732247
0.43534621050737327,0.18161059390813186
0.3208392584826541,-0.05466820172126696
-0.377836881740457,-0.3330705728657103
0.7925391470677917,-0.3768563519537657
-0.4326490747293125,-0.6760796561747467
-0.5383328757144241,-0.6903803725179287
0.14346331457295408,-0.7148903632762059
0.22393814319761624,-0.8137497083429113
0.4711062532058111,-0.5442849718558693
-0.858361331570584,-0.14115761219822365
1.5727349629455913,-0.20883508613318047
-0.709282932567958,-0.049053978620417785
-0.21719397670633273,-1.0944416788292022
-1.4524686289385356,1.063302268335272
-0.4783985553126792,-0.941853562503159
3.194014764482665,0.5128885822477453
-1.2928266393630614,1.2984351690688358
1.2436846877604206,-0.09475145432760529
-0.4011202779395346,-1.0121908948439555
-0.8030214553294075,0.49156105187832805
0.45505306365119186,-0.7892829596983701
-1.4863577268279626,1.1925227996724452
0.08706198881840967,0.5777632425855181
-1.2324531579576805,0.6057727338452664
0.053566814268832696,-0.3091289789005143
0.1358720373618487,-0.5935840417777327
1.2175438843876483,0.00853031623524017
-1.590400357990861,1.3504461344007985
0.436654474824547,-0.7465495446767126
-0.7778384288672531,0.17468741498893514
-0.22516409512329508,-1.0076088886849448
-0.2854436357461945,0.4348720907827264
-1.3715363909793958,0.9036825957568342
2.639466191642432,0.5635897906133782
-0.342711058785614,-0.910524841602462
-0.3284072979738455,-1.0394411348374413
0.6523759657210295,-0.31579432736958785
-1.920217406191064,2.088245228459162
-1.0662359326299704,0.6733446421419381
-0.357572615290203,-1.0217348068852452
1.8797511600561605,0.11028475078514828
-1.300688532421489,0.7040812053945146
-0.08180567587128562,-0.3363565488647392
-1.0912285388860068,0.7847751831763157
-1.577673174663486,1.3462496866488738
-0.3722224891863124,0.08514047013953824
0.8777346247961767,-0.5079903467836705
3.069617216935566,0.567556196322551
-0.5659047938135137,-0.5575746506128104
-0.5787556708469975,-0.7589995678601635
0.17614081895626935,-0.7877009647120405
-0.7377454069934399,-0.5180652851461323
0.2559788461068889,-0.7081319424203193
-0.9301786961929563,0.012215517469271436
0.09425662101081204,-0.8416698571797006
-0.5433124660009051,-0.8416600598173574
1.2998803990885563,-0.40544396387653253
1.044798436393738,-0.10092745864277228
-1.695960712311972,1.5303471336818906
-0.21026452083074226,-0.5805534656517959
0.95247782304057,-0.4691460800811363
-0.08848903519988227,-0.4240084968780013
-0.3443831606988468,-0.4586158184443719
-0.46143132825445987,-0.9664826755575476
-0.9844849738160593,0.8871110457690914
-0.3781099348352254,-0.48917629186444567
-0.09058751905132664,-0.7028424286304253
0.88511965815238,0.38334783972485464
-0.5963394358379204,-0.5976862486735813
-0.4408575185246822,0.030846130950976207
-0.25495847708414376,-1.0662737628540901
-0.6306027932194453,-0.5600341942851934
-1.431799917731484,0.9950958227868513
-0.9128881357518429,0.010608924229826752
-0.7075689055435882,1.2801566060008969
-0.7743918844381585,0.61808191556741
-0.13193151590863963,-0.8330043549508785
0.5922514946363212,-0.5933012341190422
-0.38959868019501165,-1.0855886038989082
0.6994603183450621,-0.3233310608977001
1.1084251659566489,0.11074526405016535
0.034749788502004685,-0.7269881649412665
-1.8435607985917473,2.051813607235301
-0.3933333926380377,-1.0991276753223658
0.010993486051367707,-0.5081580262843933
0.09121777214801995,-0.820555477464455
-0.8784710118742736,0.2242733387429779
1.3795659509968219,-0.3830590217515117
0.02877112374946273,0.26311605990059916
-0.19344161662530446,-0.28551822949776234
-0.524883826865371,-0.09285552897205027
-0.012801535274527555,-0.5255847957544845
-0.5114184610602499,-0.6979446466290021
2.537281102494621,0.14017236888099335
3.3934071843456697,0.7702334375702347
-0.09405524236599298,-0.5716987317106005
-0.07646387511286286,-0.5160370621318875
-0.2282353769836072,2.2944609750390903
0.15926365891946115,-0.595650473618066
0.08578755513874858,-0.11955009650698317
0.8587846793756447,-0.38528566241827095
0.22936350288151233,0.25491845886042397
-0.7804225362925373,0.9154889520033374
0.5119695566388596,-0.5856884911573149
0.5004186440117772,-0.08228844596735056
0.36347138459468475,-0.30454140102795096
-1.722967894669697,1.6863123785405987
-0.2919897415263689,-0.6801101704071149
-0.025113566421793222,-0.9968497464877075
-0.9950047468461605,0.4093661218314601
0.11612142841842728,-0.3382220234065019
1.6842251950648248,0.45148061096690273
-0.508327928180878,-0.1748156291731335
-0.4092154041858087,-0.7883949403695383
-0.14246653881371432,-0.46213949639012086
-1.2574353884451699,1.1968285486298003
0.36588768760151347,-0.06336038340663597
0.10816243337326446,-0.5065344974631879
-0.5881264888529867,-0.7528982812889901
-0.5782456457591222,-0.5759979664610146
0.03831729239296595,-0.6450269344008165
-0.4188095279562888,-0.58079159677803
0.06261726339722712,-0.20121699278658706
-1.6801214744838324,1.5279168709703443
-0.5729423961349773,-0.7899588861760944
1.5988943730006786,-0.06445185367563054
-0.3191649856487812,-0.7640499982760652
-0.28278481794924154,-0.9603738271907336
-1.0230778129098126,0.5379650518257286
-0.6044104743480061,-0.7393009171568119
2.0202313714196265,-0.09224906838937133
-0.21568196408611784,0.34492697293421487
8.017026165985609,2.909692421317293
-0.40907758334050354,-1.005287397123601
0.5100192533971488,-0.6249762500250526
0.7016569323907053,-0.3110125235144835
1.4602784931293817,-0.21163761239236473
0.22692059176272522,-0.8502379813896382
-0.36102362895829265,-0.9248401542490835
0.7766787928741568,-0.43188323596021017
-0.040511689390477175,-0.5984086920497672
-0.7846357687355412,-0.28202827250334306
2.6917390169583766,0.2199871557071932
-1.4113265507916646,1.3453779775056327
-0.4531373263272381,-0.8704195052770336
-0.24200625830905378,-0.9829087981008962
1.4596208711212408,0.4085650377581507
-0.13576043904576848,-1.071064701929165
-1.8970970523903132,2.1470447651049396
-1.0256745251826134,1.8836458045919064
-0.6829184307401863,0.8145271107155692
-0.1630563563258416,-1.0865559604375286
-0.7104312417709916,-0.3312710328115897
-0.6181917001411632,-0.6557661061814102
-0.713397929207393,-0.4699888277005552
-0.8249142471037944,0.3078435929225377
-1.2372253381757223,0.8999716157062589
-1.2772523746758513,1.1474009068620226
-1.0037791951555384,0.15315715530405094
-1.0390988016007685,0.6088092204531441
0.5614691516655541,-0.7670695144357818
-1.9764340829247655,2.1020186010568693
-0.41875280170383583,-0.9536808302760009
-0.09645897939893656,-0.904228691130822
1.900303532777202,0.0420122796277412
-0.40050324592261444,-1.1260358022261416
0.8223804864599934,-0.45554655476224554
0.11392141869181159,-0.9332850723556341
-1.102739507731413,0.37106240537989077
0.9494829274532679,-0.6271441436915463
-0.9543530756784376,0.47419283595923306
0.9649974617321618,-0.4470465387484187
-1.4393408189607513,1.0250746608093384
-0.9897225808023409,0.6025731914220581
-0.20248193093879865,-0.9033800012130752
-0.7367143516206491,0.2968797797081205
-1.0603343766229123,0.3837090904803201
-1.9024389091918847,2.1896911365122675
-1.9729458486381855,2.149676316186242
-1.1838777524190038,0.5534041812523858
-0.5767240259703262,-0.5522953828735139
1.3051478710847628,-0.3910350050546832
0.10680570306384607,-0.7431918002505201
-1.4052180559308711,0.9416647781901526
-0.6456989469897713,-0.6256992639261583
-0.19821119107798693,0.06935443566905848
2.8516424749577727,1.308156876914097
-1.7342520427294814,1.5771327007341382
-0.8892973522090769,0.03541691646698657
-1.5046548061720209,1.3191727638789765
-1.923038614476804,2.086644107441249
-0.27242222082694556,-0.19688275936918984
-0.026211729904045453,-0.9403754416176077
-0.23646514382861572,-0.9569250297229257
0.3894484772670055,-0.48393027127619365
-0.10233466272036595,-0.9721579988424329
0.10086553987936103,-0.6248707968966535
1.0141880350371901,-0.43054891000387524
2.644284811949631,0.43678752718860187
-0.4263331861926651,-0.8666268543416402
-0.7004046496148448,-0.542551312801834
-0.2184581135301084,-0.9124469679670911
0.1814344671118281,-0.7732771501281693
-0.2525474572668351,-0.8975351739152315
0.05544363165682636,-0.9778924940875003
-1.6233628356217518,1.5601291149544374
2.316851433939987,0.23596491553163798
-1.8947096990491765,2.1255606419793716
1.2862761678380816,0.024698947274219805
-0.6656286057254027,-0.4086197645258519
-0.8513240155533262,0.3842113240424984
-0.03577834699938549,-0.8430292035816808
-0.42401275035049674,-0.35143202412809876
0.19149365204521412,0.0813977954698155
1.4807369189794801,-0.051573217817335655
0.35091179181729326,-0.6199960973626515
1.680967604593317,-0.24268823760520258
-0.46375272517988647,0.12455036662953015
-0.49362095212285834,-0.9276537146889824
0.8173643213761005,-0.5497494535095762
-0.44986003961127446,-1.0284326743536778
-0.22766910107364463,-0.6436062618389256
-0.41907476492037804,-1.1822537375605624
1.2188273362348938,-0.3561655795051332
-0.5289816758171617,-0.6622342654456636
0.23147478296789886,0.012384606276683483
0.9008461342587847,-0.16336048360252378
3.4663717029811267,0.9579123357759285
0.8304945224738395,-0.2832237149814436
0.13588380616626014,-0.8562260735614703
-1.2873624529332712,0.688805140153865
0.3061947924277517,-0.3484671083470357
-0.08887779774063366,-0.8199895770803516
0.20752169934793951,-0.7013743110782428
-1.0637394671555738,1.1618779808669664
2.6921979085455034,0.22774472444548258
0.13644348250223384,-0.5664983357514841
-0.09989450223840589,-0.6663687616415078
0.06226422244126511,-0.9626020933856866
1.0097496657527636,-0.570101928846515
-0.5536212350287748,-0.7675740337887245
-0.3177337752287512,-0.7518182339105325
1.6408489002559017,0.2637629816174231
0.049330594344371426,-0.8214886992298924
-1.3512085428408014,1.2121265027565775
-0.11289335171314628,-0.5823899284456746
-0.3940367463941811,-1.076687831506724
-0.4146445708950367,-0.8828322300287693
-0.529467445039402,-0.7995440642230005
0.18587108462045054,0.03218116505414766
-1.6440463361816626,1.6169076579267312
-0.5040454927283211,-0.25232178174724645
4.856285483435924,1.3260452742033209
-0.8366590945696591,0.7197775008576454
-0.42128062052926835,-0.2624477597493297
-1.031862609902563,1.4540372814487974
-0.022464108751313095,-0.9650099469102474
-0.02149023484156051,-0.31354522126090006
0.6628596012178537,-0.31341930579052524
0.41161001033402267,-0.6123094164163713
0.08144963473274154,-0.5902118735364186
-0.10452917078486121,0.24063928220713643
-1.7909618499939837,2.2261963451407554
0.016025659306076388,-0.5777415460977516
-1.1184568371913508,0.36214234560586883
-0.5398886559226983,-0.679843815663114
0.02875274693973853,-0.6236937095574816
-0.8065052596390899,0.20801853358676003
-1.3204291971605033,0.7842338545496036
-0.4174213550790494,-0.7131155014584815
1.0417560728982813,-0.3767223120373987
0.44791710126293877,-0.11600703445476158
0.31165040520795295,-0.7793122316150551
-1.4289546445790684,1.1680032389113923
-1.8689005000120964,2.1173691245829303
0.5329265483346066,-0.6005561582406861
-0.11608847714362945,-0.8315100852299907
-0.5118038603167322,-0.7666804273886787
-1.4763207589032687,1.460867793432357
-1.649171349575656,1.4655454386160698
1.522194655811304,-0.33279668746898083
-1.606120595912949,1.341524423986552
0.19504163960962276,-0.7387932746150284
-0.5574589620765494,-0.39683063258280155
0.7378926022426224,-0.03887086662450621
-0.31867825112762066,-0.04434468393443725
-1.5664658257870003,1.5353223427942948
0.3503376852568661,-0.6356638046541211
0.2370096257019176,-0.2888785754282446
-0.8412864746317542,0.2757128403479616
-0.37956483421247383,0.05421207367029861
-0.8669873922671506,-0.2602482542143554
0.281167307495425,-0.7737732930596302
-1.4503424870635555,1.2015430281993131
-1.3870980896927207,0.963367916164741
0.6588428247663352,0.22816750034490044
-0.12648942409712047,-0.54442807399591
-0.34252494007751083,-0.3737022825638082
0.23064448391920891,-0.4330998545304137
0.6934843443590027,-0.6503912389310006
-0.5926839929992758,-0.6184506926612006
-1.3814185481964631,1.069366810258296
-0.6650077331210482,-0.6138185656276186
1.3068977935233637,-0.20340734912762298
-0.5327756245842875,-0.32180217096917274
-1.0287559510660822,0.900166830186652
0.06622404276773997,-0.492154899585456
-0.535932771100438,0.258453403949746
-1.1501306750907225,0.44694206729421226
-1.1062478542109364,0.33481278514394863
1.0366255853158086,-0.4749124675457
-1.1429076162748186,0.7822071375666827
-1.15947674314686,0.5215744552372051
-0.1809070147514114,-1.028169693886423
0.1472558703042153,-0.3130551522188029
-0.26509198047562255,-0.5163912583747051
-0.09433498807873092,-0.29029214186973284
-0.5471195869124302,-0.7067866060116076
-1.6979122343716393,1.6662736959509683
-1.9000816286406836,2.1225119094844382
1.7236145852400806,0.23899081381115087
-0.3901530962109781,-0.7661569949621622
0.6331145910662919,-0.5322769050470789
1.1050283132031495,0.09705032153136788
8.431403899950656,2.9842959547115773
-0.18416394223232324,-0.8701449703282064
-1.388788041157825,1.225057528538854
-0.17582028866853655,-0.45822973973642794
-0.02193205117677712,-0.8390933872643198
-0.34125365542518044,-0.4568397295626458
-0.6102068712840029,-0.3314882175450843
-1.3279985768407585,1.1111037686394918
1.0000759852967633,-0.5220692477895001
-1.4199096303770558,1.0246829387752376
2.095990706816602,0.03460558495938687
-0.5835976205945427,0.41803668245996084
-0.8783731683727471,0.04161672115078124
-1.6582954423830905,1.448947730856331
-0.20961718576282964,-1.0787221116689787
0.5764202974999226,-0.2789649018515857
-1.033014743300446,1.4954866889890401
0.47993088649806814,-0.25378899631962987
1.6015112874601405,-0.19250365175046896
-0.0029085413783327733,-0.862555497679879
-1.5193267625094784,1.3679435308206234
-0.24964607012094198,-0.4162691637817708
3.785198159603368,0.6992541842736569
-1.481378742711996,1.0468949045022264
-1.0131953754770007,1.0574515466233663
0.04103275182971522,-0.8261979757908259
4.393738460055743,0.9333036410758906
0.5148845207965835,-0.686809743387022
0.6377021847835677,-0.17959089786034518
-0.645292997499278,-0.6825664211697257
0.08847172335607228,0.03792400323798911
0.6516890581767696,-0.5713357452244477
-0.37087163184434335,0.18476032978660106
-0.08145694671746186,-0.04317377136034294
-0.5315336323334702,-0.7207801237977023
-0.9469944361772544,0.0483501131903458
-0.6123658034121091,-0.6410402244364275
3.1509252946064956,1.7527723811134999
-0.6376111988331088,-0.518333639726591
1.6356006010734938,0.6800791105372036
-0.6022952251953025,-0.5668078117286584
0.37085690250791375,-0.18258004595693622
-0.18856568067618906,-0.9297406358631242
2.2407934754594048,0.24989726989176997
3.4801337967764483,0.9757517826081644
0.11196113198359602,-0.4929591119547881
-0.2755929321780041,-0.9905507420401791
-0.5227438216743545,-0.8299867321486151
2.8120469243748727,0.31894930029414426
-1.3366282871258,0.9577525278581243
-0.6184962914974654,-0.4846463334201675
0.023949528632840708,-0.9575854471630414
0.5480542964096153,-0.7250824384998792
-1.8523319793105693,2.08109422444276
-0.061059822745114255,-0.43128060766931137
-0.400834013438269,-0.9549308852269207
0.10471851110211422,-0.656942646724
-0.060188272268473016,-0.47646401310193043
-0.40642358360682823,-0.9352641169886955
-0.26913189044546526,-0.6557181395065674
0.4405890282474411,0.16924416706596718
8.016993002096354,3.1544485177458594
-0.6358272673234251,-0.33460905790904416
-0.15031600085406713,-0.8851937675187121
-0.7059004078682715,-0.4885727759514086
-0.5479131483457903,0.5981618279860492
-0.6902145774077699,-0.4568315744698504
-1.2903239753549118,1.3266169002042536
-1.186678584688641,0.9932531066283072
1.2208102783813355,-0.11523050727729137
-0.03336658605575201,-0.640031666517811
-1.5496269530613105,1.761849586539654
0.1517867602500844,-0.3333227534988018
0.28961152202392904,-0.41889853693500745
-0.9197085019752197,0.75258101486772
-1.2853579723843853,0.849815871878478
-0.3480804451318384,-0.22090444657527641
-0.9250066365392912,0.6278819376857964
0.11886266562402513,-0.5004617920766915
-0.273108538593276,-0.3878291627662367
0.09284863902588643,-0.5494840663709942
-0.6221631211426029,-0.4524688426184431
-0.3931981043454255,-0.5890953577097477
0.7091096235952691,-0.3403461900209108
2.0287474442892646,-0.04566027810378333
1.4589497243172223,-0.23130837193282913
-0.2962851020812169,-0.7967430091287391
-0.7338861537201438,0.9875777930977918
0.18302851176170806,-0.6656745237580417
-1.108132784726405,0.3223235209033702
-0.6349352226559217,-0.642429543204727
0.4600697396003525,-0.23080227028877046
-1.2731320159342348,1.2410954084201598
0.5149891232633517,0.040523450029370536
1.285609125444657,-0.25367021484907476
-1.3375864852964343,1.2997939965536511
-1.1650147581661885,0.3699778450146433
1.4841721879114471,0.2590507654940298
-0.3312014208444619,-0.5956660263888612
0.15807079065888963,-0.7865367430528026
2.2573578684923588,0.1797091163477641
0.38608378572660546,-0.08650463117306016
-0.3939188528313215,-0.42963127587563416
-1.592419235590564,2.1372464931187984
0.35462732419266013,-0.6864044754055679
-0.7949713990059389,-0.10518190850192309
-1.913476523052074,2.1834269568597113
-1.0941247777981904,0.6386002360699476
-0.9356388906869165,0.5001555863318602
-0.6772555931905104,-0.23250628478417767
0.22178302878743167,-0.6779386908895587
-0.1224559044369228,-0.23738694059047555
-1.8197798418849718,1.8597588542424421
0.5939666344808111,-0.691528664330721
-0.1660710842788092,-0.7571011437558346
-1.1000065414786135,0.32693540969104923
-0.8481950211449276,-0.07829037773804468
1.4450582080003453,-0.15960328002236762
0.36252813360223307,-0.7504375821652095
-1.4771776321133483,1.2434108177214631
-0.04986684196147169,-0.8092691891220918
-0.8896626392726157,-0.044726959186121004
1.3224335955161481,0.0038113362006935306
-0.9037715331203177,0.08429992694390982
-0.42399456376279915,1.0792440856156527
0.6009038832291018,-0.29540587877326296
-0.5177903347230256,-0.10024926683912662
-0.16758378768219506,-0.9064132679074777
-0.20291367459072554,-1.0977566847011622
-1.7643874951503316,1.7884201035861396
1.1773183313349778,0.22158841573071594
-0.2486129991491874,0.18562874602006993
-0.4684673362369763,-0.8562807311511694
-1.2291827552471122,0.8017604421926143
-0.7036160359582472,0.5479766334765
-0.03608303327246802,-0.2954132987273891
-0.17905896211861175,-1.1070574323285702
-1.192332157805557,0.5714450688693287
-0.554214774787431,0.10354657005496624
-0.15369301171471048,-0.5941254601420957
2.3207837540682497,0.04763972881133942
1.349943431737531,-0.19789429076056445
-0.12919347385786428,-0.9113869974842819
0.7925503665217705,-0.3811199765464763
-0.5285324024796719,-0.8675304543206848
-1.0233630499805475,0.22197928965626723
-1.6018015296198314,1.3439756247201609
-0.7165297367726954,-0.17485898475285858
0.4854638089383696,-0.5093752311647679
-0.20818042794165365,-0.3320638534332969
-0.24269822525870444,-0.9718820010993596
-1.0607103654097678,0.21220306790650864
-0.43794952797760484,-0.7361853695390822
-0.07039634576428125,-0.9311930197855167
0.7261424384136015,-0.37313044729595113
-1.643542049105426,1.4002231818409747
0.25378635972981883,-0.6865372263996997
-1.794021321914987,1.7944410290871629
-0.20301467359651054,-0.926521367124194
4.686240498522825,1.1264164037325812
-0.4242182793873162,-0.5381831900958688
-0.9109261814920137,0.700467701471152
-0.0749993014428283,-0.7093375281935013
0.6043180026219375,-0.7159901021039847
1.2200078131279546,-0.43185742876814065
1.2897738518563857,-0.33481792946298344
0.2353294499233074,-0.8226266817501605
0.23286421392519227,-0.5995579695930254
-0.6091073936785477,-0.7305470517446219
-0.11587572136559371,-0.9455844316034037
1.1117255762752796,-0.3676962718471358
-0.4002649430252535,-1.000285957242904
-0.1952327520066917,-0.7051342170384026
-0.13879105660632637,-1.072784669043253
0.246411145149403,-0.6982200175922129
0.04675673420875145,-0.10744274019680813
-0.3075294637961821,-0.8145440336122493
-0.4187350871077748,-0.5008127851473876
-0.024754343324663145,-0.928128821490053
-1.3597576922677712,1.2872111661211254
-1.0765829889689587,1.1660084030099047
0.6292646236109354,-0.6675736127721292
-0.1681505622805024,-0.3889346416448067
-0.40343726128064866,-0.3893552238309068
-0.4848443196966035,-0.26426355373409827
-0.22076184581416147,-0.48373543248775785
-0.30587844546327453,-0.8592850674646616
-1.7685572977485025,1.6946975411441825
0.1941358894514058,-0.3549663786876521
-1.5058897234184836,1.238535346798698
2.1940420973374164,-0.04320663721613926
0.37177854227372104,-0.23523215808853057
0.3333529285130837,-0.21136181923662414
-0.4325169087673226,0.49628242134673906
-0.23295122746690017,-0.9320917575815382
-0.7321976784192277,-0.32078512550288135
2.3614892197682957,0.06716655296476554
-1.3181627472380844,1.2612171433218806
-1.6973172348413799,1.609513830322004
-0.5847826334623373,-0.5226103588110147
-1.5131572684677252,1.5730736950547444
-0.4505667959137847,-1.0288337799282683
1.434317942362657,-0.26847428810681795
0.5976299826669201,-0.3468643283182212
-0.28952663321351524,-0.9642000112314779
-0.6056402597533443,-0.7171598392218324
-0.5817668612977878,-0.6693524361328738
-0.3272137446300981,-0.9513300591375135
-0.5441636572424945,-0.7964650999031657
0.0648322595641232,-0.6984959437226822
-0.1344104017427858,-0.6060210142026573
0.1030374535413737,0.22498026705067414
-0.4204598219439228,-0.9432301067128682
-1.1924468230399579,0.5142824470255486
-1.6181222809112221,1.5402642698892537
1.418577536204477,-0.4030220454874533
-1.3248439788814195,1.2345863239758463
-0.7848933866563719,-0.2250769326083186
-0.570525655087081,-0.6629727116645919
-0.8554115672607651,0.9032665614239245
-0.604384242145505,-0.60225191953497
-0.48037049265054704,-0.9429726965754733
0.7676221844741071,-0.38384796453696884
0.369794005788332,-0.8187534102860347
1.187915818115678,-0.3316055227435344
-0.44557703725030107,-0.5046268944057015
0.04320166742432624,-0.9962596881680662
0.012521058108741009,-0.5379748518606523
-0.4925874598910874,-0.881389139909216
-0.9215662456818567,0.03994236192447486
-1.2080170000976254,0.5853824648877853
-0.9110498588055375,0.7271589044837088
-0.9651693601110024,0.17506940428631246
-0.7130006490602016,-0.38982679500497647
-0.6862574516749731,-0.648717441858937
0.7136875834472552,-0.014774660658467935
0.3674320417411972,0.24192045660509615
-1.286200247240565,0.7694012912285274
3.0400546987731447,0.3145436392751396
-0.009298376679277732,-0.7291478123936207
-1.13410919231555,0.39893719741680406
-0.40247910237211193,-0.42699234247399204
0.3427649422923417,-0.6360391900069068
0.16669360015748488,-0.7206231167597049
0.770709298026061,-0.32499838838359385
-0.7089700706473238,-0.5474124482634356
0.09813202349919598,-0.7406172418176393
0.015384467117234126,-0.4678327256295719
-1.525517699259963,1.2844934227975369
-0.7394019616464372,0.42096908062535787
0.9486132576197798,-0.5323592589667029
-0.19925987144158736,-0.17854754862946418
0.9036915987986263,0.09305836393762852
-0.13613715217789757,-0.8353911807157259
-0.2251006030402062,-1.0304118733500098
-0.5155655689580969,-0.4148105264947129
-0.41845811490137663,-1.0448696599731162
-1.1950409242358706,0.5242297253201622
-0.8966152732401567,0.461282748199019
-0.6378225284016439,-0.4727755389629757
-0.12155796354399089,-0.735760976909738
-0.4024917247776123,-0.6818034664353329
0.06977380958159393,-0.11721887220891593
-1.4443778041902762,1.581771968754524
0.05025493518078476,-0.9808372362482803
0.3012567009997967,-0.76986908861075
0.9562803393688233,-0.01020767022804075
-0.9292223454918389,0.2943236294056164
-1.7036413939423591,2.1272997253706727
0.4028237768276483,-0.838188919171877
-0.022379960436376703,0.13880782411762174
-0.3856280792325583,-0.9234620393824303
-0.3249122025513832,-0.8090673790677839
-0.3291134644984262,-0.975247225954219
-1.5789901578901828,1.5053753872369338
-1.933469538914984,2.1606608065804465
0.04693816520525901,-0.7657489292597628
0.25188608973412524,-0.8703278338262326
0.4131792657719535,-0.26883354136562126
-0.5129389577248024,-0.9386172670611241
-1.551888231492041,1.2923663666306204
-0.3899163708715133,-0.541554838036325
-0.31482295474371874,-0.9100393836554828
-0.6167905518184787,0.7303644561706607
5.203797800268731,1.4508295927634647
6.975256634711765,2.322379083602134
-1.065558221686865,0.36932489126184054
-0.6943707698204736,-0.4591903393508788
-0.3602016740750674,-1.148841478133147
-1.094606403347739,0.5583903348078538
0.7198518728236837,-0.49089562521168695
1.7604023920743073,0.16101579942995567
0.10819254542529762,-0.7652437436133683
-0.2628755580992258,-1.082186454920598
-0.7253474528859211,-0.1456047777889937
0.4100012319859657,-0.8034317274032333
-0.6104014122932996,-0.7198619372695885
-1.0213775024572127,0.31446222128951007
-1.285802591183916,1.5764897489310115
2.0158205812460737,0.027287517084062116
0.3655992725454736,0.35507539637337765
-0.2679572929967816,-0.09941794583373358
-1.1989503186258195,1.0776445998803035
2.1400440309241837,1.791450197327633
-0.06166759602926948,-0.5989957996688855
-0.3363983650153226,-0.8080889897321423
1.12915632581214,0.25527494227769904
-0.2905142751340581,-0.9076629820328411
4.749607673478604,1.2084048451684988
-0.14060266939752458,-0.7883250848085678
-0.14682614935902727,-1.031666790483953
-0.33173583675378265,-0.5617107960651861
-1.9208836910655789,2.0764475824727127
0.27786555752228215,-0.7681500021318164
-0.8480099298673551,0.7172579338530359
-0.3908861968022872,-1.1776753818782344
1.9081941745867048,0.023303822445816066
0.1725297045256392,-0.6373743868440259
-0.375135190314498,0.19376014059226432
-0.4404449717214659,-0.2961631269395723
-0.5866205344991855,-0.5122339140579913
-1.1662842738731973,0.4377744114864925
-0.8063851926519433,-0.15733761824347425
-1.9462866375269083,2.1762257338604103
-0.339807599609142,-0.29614592076116614
-1.3444839873504697,1.0903282904711578
-1.341210350222981,0.8980545226292779
-0.29563166948479297,-0.4006117206659454
-0.6472682813403636,-0.569492362772452
2.9305628443627576,0.3173459971970855
-0.24764989331002407,-0.6017707950994787
-0.6823632118547511,-0.520892742113311
-0.5703879691975864,-0.6172165340740184
-0.26550929390309586,-0.9848279723813089
-0.4050996042884386,-1.1743224112811073
-1.5955245742153807,1.3703770050749682
0.527122476700669,-0.7790651572659082
-0.5193290400678556,-0.8166292311498693
-0.41459655324798317,-0.8142879235351527
-0.4503478473019912,-0.4159784000143265
2.3591696935703657,0.20645902035612254
1.9855663359222497,0.14749904468844688
-1.3290736407552555,0.756488853051929
-1.1722400632305794,0.4686528484314153
0.22315449240656068,-0.5668876273859195
-0.533727488876892,-0.49363502030746526
-1.049843991688037,0.503857792880454
-0.18844111088794488,-0.9525089570834716
-1.3796417809079191,0.921921560200735
0.8006859409380609,-0.28872147726890296
-1.4778012782240426,1.1859593338383692
-0.23487742657983773,-1.1044775713950892
0.03304174083138696,-0.4578116888257067
-1.4289377439335322,1.0081397021429128
-0.3805898088378047,-0.3078715486162394
-1.4937776518143118,1.3025068595691693
3.1748424526767867,0.3949621409984183
-0.6582597978472168,-0.46153528907160113
0.6713085720664914,-0.3735665557571225
-0.4675458310385131,-0.4371582850377002
1.0734366762398224,-0.3205617087932634
-1.160455945985158,0.871101137033954
0.21777940731079495,-0.581357659896081
1.275500928607323,-0.24441265446415344
0.10766616981925169,-0.6285083676342104
-0.800439116849445,-0.23389960460908604
-0.09100719081358484,-1.0114073526674263
-1.324797348181769,1.0672425260268192
-0.788815043934949,0.5681406749855529
-0.9348334540628422,0.39391473814707073
-0.5135959670855011,-0.7905365205170719
-0.5714177557977334,-0.49218636822872913
2.1697613883637388,0.7544937106951772
0.014433096520379761,-0.8259522001182842
-0.409429703959638,0.30740870177099766
1.3327874016816537,-0.16195281994577462
4.021529921775343,1.1688153641162855
0.230449050435192,-0.8253964560471274
-1.9526721941993512,2.104084682317276
-1.211358138025084,0.4807106855348507
0.31914699442179045,-0.7065406355061034
-1.923466899539215,2.052142515203214
-0.46085402653921015,-1.034672094402864
-0.3957635589609032,-0.46493672990307494
0.3326625063361593,-0.763812470201356
0.018547638337695824,-0.7322609998405959
2.1479756271648425,0.15546467269463027
0.24694877260613118,-0.5837198060408396
4.686127825629409,1.1837976210002379
-0.4166233525877357,-0.6252289128291062
0.3365120517545666,-0.4911342752550858
2.0654809785110695,-0.077988057149232
-1.9422225837777285,2.0871761338944452
-0.5447048782445488,-0.8081917683599548
0.510220998278149,-0.0007111245774550842
0.4408649398496725,-0.7898380151314307
-0.4364750329726758,-0.5679782867525617
1.111784957470847,0.0170259819962248
0.38134366033536027,-0.8425347842867416
-0.472038910976429,-0.41686922543478083
-0.5122290291369825,-0.4853563695590436
-1.0375158238910729,1.3177171767844627
-0.4260200436678201,-0.4706886907851308
-0.367290478117351,0.262806931735965
-1.4124043718199162,0.9604253449450436
-0.6598330017432177,1.2008978338424994
2.756139038713314,0.35573693950567215
2.8497188083975282,0.4088462887338653
6.406413137367113,2.1486920491417774
-0.12920332236855855,-0.6944219125603345
-0.4199892801156097,-0.7031533674018459
0.6808531898488069,0.2599233078842681
1.521587831433484,-0.15042893191609844
0.6306270587583565,-0.7049812924239879
2.0390342925283047,0.0022810974400176575
3.5355571484263084,0.858752591494318
-1.301952675333726,1.8642313262331633
-0.6601127352790327,-0.4740063962697085
-1.149957161618602,1.3795179181842143
1.3226965202729444,-0.09916264527529614
-1.8165268339041558,2.1927708006082622
0.9026760742934861,-0.4670739263150588
-0.48092068608116034,-0.9661239663279401
-1.4499736064546906,1.1789133607578366
2.6213570620834084,0.3706001652148572
-0.4914782748192099,-0.25660901471152686
-0.7642425364011822,1.8910598788132138
0.44721930060793635,-0.5464220306459363
-1.8968539767802337,2.0900851720087914
0.12700103680463432,-0.47300400197810644
4.405137170402354,1.4086678632935814
-0.1317852395885047,-0.5245945910949947
-0.3754758170334367,-0.8377637593733671
-0.15980827240613973,-0.5404985096595212
0.47894626512597327,0.07681796723887138
-0.5194569563593177,-0.6796677174599342
-1.6879583537692486,1.454952149955108
-1.0774555051329864,0.41967036897780585
0.9716013604574176,-0.26808361366141725
0.7806738243086195,-0.5819919293185708
3.6118717702213905,1.6250672835636701
3.96144145974503,0.8602975079939258
-0.18921780523787146,-0.6903010436788176
0.5271534980084737,-0.5924130297116176
0.15221867850838572,-0.4968731305073654
-0.03353398599524252,-0.6551209388164293
-1.9495559960258948,2.1629507648728974
-0.5971785551898412,-0.6666795293083035
-1.4232380238970586,2.4502326211912293
-0.18403498781774072,0.15376166531823104
-1.2643380783834788,0.7475502056722289
-1.7478180423235203,1.6607896590861648
-0.5848304040672826,-0.5797350159296278
0.07002789608870878,-0.9125179371260743
-0.7370630415123752,-0.3007073478487175
0.14010443917992188,-0.7357132696934777
-1.0875627931030154,0.6651633791667709
2.112771433557266,-0.06649117826359577
-1.6620478526411264,1.423979106216522
-1.1045429513519873,1.4738089109019603
2.5184357267556874,0.5255851106391166
-0.19175290037074147,-0.6043060887468942
-1.4213286568211194,1.1723312175804312
0.13533535881145592,-0.35800130577664924
0.6708526846352273,-0.3395667581473818
-0.6081204368411808,-0.6843088872084498
-0.07960486249826845,-0.33902989600688666
1.478614601687816,-0.30435451551236414
-0.5628000384896988,-0.6243296631029039
-0.5473147401807026,-0.4139124982292211
-0.5148636017608902,-0.4640125508525712
5.695210178615618,1.7029595845785288
-0.5748180343555787,-0.20113126597390987
-1.9151026004361709,2.171084599599127
1.934990258413885,-0.09887031638568025
-0.4684419572470978,-1.0275589653739787
-0.623625072654693,0.03381797476083325
-0.4248994264388908,-1.1398813724305266
0.7400509907202911,-0.658221786419101
0.8203322440230433,-0.3539334117455921
-1.4441356770980656,1.3838553520063468
-0.5871067978056422,-0.6723830115853356
1.2281980821936158,-0.5224876520475338
-1.8550155017068146,2.125249281015421
-0.7060375436304006,-0.3744555129321547
-0.12308175105707865,-0.9343321869128793
-0.2147492634685876,0.6691249408179677
-0.5956033478717995,-0.5858489873217405
-0.06766953878313689,-0.8193727579371896
-0.8802435397964132,0.47057420202358774
-0.20761508602977483,-0.011996748010059573
-0.4110129351883697,0.3561105821407863
-0.6094609740692852,-0.23221169106474912
0.33090334116891207,-0.6466933826352489
-1.1455418069008076,0.5523219713035226
-0.13209212714798152,-1.0347242964808672
-1.8191522431005454,2.0999247281255955
1.3313716893441045,-0.3839969457334107
4.276527770494261,1.0616099194800341
-0.300438655554925,-0.06467693077984313
1.1946072250014097,-0.4919510673500455
1.9565769761908531,-0.021676904819097037
-0.6801446842741392,-0.2798239680272724
-1.281070405090704,0.8750882143196229
-0.20428907410253547,-0.9500836462925992
-0.21120262358948438,-0.6913585837619619
-0.5329759825178847,-0.7101791919741262
-0.8603112364217912,-0.1993617880237594
-1.0284761264406828,0.21907746414132823
-0.48623123488225517,-0.8206842441433319
-0.8547032497929438,0.5725027870440814
0.3364573639705901,-0.8680091148738031
-1.2693286963480463,0.8931714982815488
-0.7648122240657682,0.010787542570322432
-0.36768345715499406,-0.7687466797537102
1.819072735031465,0.12867546349963332
-0.9413359222181733,0.6985511384493989
9.137610351766014,3.4154256246324692
0.6931660078614227,-0.30798662938605004
-0.18985803212779345,0.002003292353653099
4.532902446819352,1.6720830353877683
-0.565745872606832,-0.7401966047602894
-0.5418720361102077,-0.8065840447811432
-0.5590643939213885,-0.7021461360392515
-1.177949127389407,0.4768322910454263
-1.7463804648518242,1.8328981653419738
-0.04296684661684099,-1.0223239073538375
-0.2704493448868658,-1.0561486557327913
-0.27697538382465586,-0.8999792517870838
-0.46805055006735563,-1.0844343758186692
-1.8835261679972581,2.1547466523931678
-0.6726417672707335,0.2572287200243978
-0.4759634706286949,-0.6018086784576719
-0.2561985093906799,-0.8082511830373652
-0.668246547226929,0.1872837100018406
0.1581653437003471,-0.7179660263155915
1.0314658941601416,-0.28728385100020454
-0.2570872468170631,-0.31021954015882863
2.358113077347461,0.2714968884965858
0.4861097513588841,-0.05615064774762951
0.5025246801707415,-0.701669077285989
-0.7696672053019074,-0.46766481600189536
0.7531414455122412,-0.36922720346550586
-0.5751621817956433,-0.5514089890728755
-0.20700599901088307,-0.3959920092403503
-0.9905699314564959,0.5564142576166693
-0.3073653547052269,-0.7573533508846502
-0.058626197832733075,-0.9055964618385501
-0.5079700691616383,-0.8786997266823993
-0.50053418783196,0.899119040965278
0.37064228856777115,-0.8639500208404509
0.3097010340915264,-0.909955534842598
-1.9417947927995338,2.0988384273824727
-0.6334220812114681,-0.6073122621628966
-1.4646855793980245,1.566324316913791
-0.09096267101814459,-0.7983337873714201
0.6430838507994713,-0.6675755340089995
0.05839045394239249,-0.8163469549301
-0.41399509744927276,0.09961415451007537
-0.4326045717149235,-0.9044445827910021
2.6469659035753574,0.18315755071388942
1.3140697581006169,-0.3477906615684536
-0.16914422812842367,-0.22997306535321016
0.30932694272887523,-0.5904215862119233
-0.611926816626381,-0.5151764852776888
1.0181088330146832,-0.55393833946586
1.6486421758670435,0.009111948865440376
-1.6218306261959365,1.4011255617430016
-0.5147407220053063,-0.8711227677503864
0.4499360349057909,-0.7657732513129415
-0.20891446104671324,-0.8613526198899915
-1.4853368005700769,1.3301363162511182
0.4045828794748188,-0.32331266252169355
1.1159887073969563,1.157092662345813
-0.6302964725683852,-0.65121642142141
4.188985338805467,1.042610711052421
0.026075519159425194,-0.7890086209661987
-1.93438304307227,2.148722856174902
-0.4637703833443323,0.01784238726116404
2.36967167348021,0.840144599270024
0.8116326746032467,-0.6443584097521713
-0.12648662772126798,-0.8184947070753253
3.7764038465316214,0.67499888591511
-0.5972205088704859,-0.7238008851464672
-0.11027964918955803,-1.0680230922959886
-0.23432385347237034,-0.5217684341881141
-0.4492329909542135,-0.9481402410803514
0.7690843597703265,-0.5311241383773925
0.5391300838441462,-0.1438298559928372
1.2391498847913833,-0.35247666919968035
-0.7948692661833205,0.9262066389652867
3.3540613966792896,0.6829612167919232
-1.3055836091761661,0.9639518122410609
-0.5935868179142912,0.20681634581866196
0.6646200248536213,-0.7010311406454628
-0.026526759160505096,-0.40775967448980316
-0.3313695840028572,0.30995451905263977
-0.6873791131154845,-0.16223749957337624
-0.536468416520305,-0.9519709464785626
1.3428655890260617,-0.4306489806483934
-0.6216900356805406,0.6894029481151255
-0.4013849479952071,-1.0123411031043987
-1.1711027817056325,1.047770882531336
-0.7522389589712993,-0.42351523165076665
-0.14539423707477006,-0.6807717279409673
-0.8423272267783777,-0.14347728201471832
-1.182026791324054,0.4745180934504635
-1.3294410391114708,0.8476364167434277
1.044525860990601,-0.4665064469033347
-1.1299502824396555,0.5269121054228733
-0.15912071295234012,-1.0614833454635664
-0.10313137356952315,-0.6567862748365423
-0.47284964757107456,-0.8245092978447096
-1.4832742628644837,1.2171117770605844
-0.647719778056828,-0.46697301827246435
0.8291604540795752,-0.6076494712161987
-1.0616068629236814,1.2926252744286624
-0.5634367446584948,-0.6132715039370991
0.9506855649234055,-0.4626661068767279
0.6507467820104292,0.35737971939010277
2.401557103217411,0.3261412225036219
0.14665524446014838,-0.5910390042555309
0.9093916573552586,-0.6002967398961563
-0.39888397363125133,-1.1593753437460212
0.6072804346878159,-0.699314564549475
-1.2990175928945975,0.7735465691334875
0.5857223794954006,-0.6391099824925922
0.6030339449926441,-0.4390758649328313
-1.1533737117819562,1.590627221612884
-0.537010081263422,0.3377785620514259
-0.22720311808957805,-0.8831514949976099
2.185499561615754,-0.005951506486738555
-0.058925680217423546,-0.09498127599777319
-0.08497654543613369,-0.5397849030272434
0.22489265251767787,-0.8856474257512321
0.3482752992881348,-0.3438494078959616
-0.43436109185471367,-1.0310560619715086
-0.4637277781426142,-0.9106884344600044
0.010008871156200673,-0.9465805488020026
0.28523310693194776,-0.5505727793887355
4.844525829836148,1.2851127876500397
-0.17760939166990883,-0.6494543904172184
0.3377541000485328,-0.7530780862237955
-0.5261460373069682,-0.9346931749462672
-0.2900916552590857,-0.69437483350763
-0.2823628271142961,-0.5072763430708934
-1.0162317870923465,0.5190113601645531
0.22489070974291436,-0.0941276369267385
-0.5364381588198714,-0.05373492508457968
-0.6452568607429336,-0.6254483666120111
-0.21052871358324948,-0.9993028670744936
-0.19375907704074904,-0.17150330617243695
0.022927327902316066,-0.8478928605642913
-1.1961370946002055,1.1134997171025536
-0.4220526378601893,-0.2247050001318668
-0.5098269032240375,-0.936851082020746
-0.8737506338475707,0.08991818596776892
0.07067536002397047,-0.6951798075113554
0.45191660193639654,-0.8064048810277588
0.3866767128378196,-0.48550333141028745
-0.24526569586161223,-0.8438021421407021
-0.5101552788428046,-0.04274097116660467
-0.8991077299976723,0.29249794133387
-0.1689006980846916,-0.16881493354733604
-0.3611360769021807,0.09892947825870782
2.372615832791869,0.1766044415604944
0.823459328441848,0.43970981132202736
-1.1740646011240687,0.5589734413703632
-0.41788800027677925,-0.9075119926292644
-0.8296251753987729,0.03502415383117011
0.43796215966791496,-0.5288367197309978
-0.13309245321716873,-0.182751199226426
0.93084228358168,-0.22627332595048422
-1.4840219846792055,1.2052679131478448
2.2346211621722865,0.8555506568013407
-1.170767095828859,1.850901794996893
0.7871127214682,-0.46414256875137766
-0.12905828125896493,-0.44311039557946924
3.743845342054358,0.7364575142251517
1.409025230770365,-0.08477463561357265
-0.8133914309297814,-0.14989436116965835
1.3273934235993674,-0.13110315479889345
0.3621258337002147,-0.6593098261564065
0.18450023326029727,-0.760117725956382
-0.03484142340803579,-0.6522881904867136
-0.3145090318304514,-0.7842466220264042
-0.7133143249313606,-0.5041999072590515
-0.2802798909115536,-0.9246936778322965
-0.29273900163688926,-0.8975060724296966
0.17182000011041482,-0.5424987169068267
-0.18290192278968553,0.09730716813082692
0.3796941009971232,-0.40168486002045806
0.09147726501200883,0.35937599580970997
0.8739369700089608,-0.5479789168326629
0.4781963031512258,-0.4792412329611632
1.0091928746209609,-0.5322370218524277
1.8411612694635875,-0.12501209476957703
0.3209702742352257,-0.31724255725579376
-1.7038878888798568,1.7199798771643267
0.16127587629789844,-0.6894393113732212
0.25201653248981876,-0.7560587119063107
0.865379174496668,-0.6634560576928178
-0.06419377516519566,-0.8477363092015318
0.4477984269231904,-0.7020441120588484
-1.5276208204798492,1.1348462186802895
-0.7563932932218962,0.3695703247251327
3.3068545310129376,1.1296826109978755
0.43988060517024985,-0.5430898283499401
-1.0725664363015692,0.2854109533356266
-0.5478828392063364,-0.7643173206254851
0.8036800466097499,-0.6527941419185804
0.08390416900753982,-0.9046427326142573
-1.6124716890806565,1.3835980232359257
-1.728942370010522,1.6600826647691553
-0.1061316880790886,-1.0428299805856267
-1.3215488990451993,0.9206324999229322
-0.8830391388312179,-0.13232399575439244
-1.0067981228243466,0.28847793261068166
-1.1200450485243454,0.4868555885280248
-0.5610399808477314,-0.7375258688768016
-0.1992279965326938,0.5255577346699049
-1.8016497240508698,1.812950698527907
0.8582787022667482,-0.5529430820099823
1.8064256737441617,0.05725081070643125
-0.6073939896057434,-0.13968254150521614
0.7150223434016233,-0.5621535842346324
-1.4842638250787437,1.3193257531190115
4.203072989693655,1.2836136710352712
-1.3387868040823514,1.0707225959212443
-1.2682411225028132,1.0194033302103853
0.012265495048971673,-0.9984750170704815
-0.36086273750320635,-0.03794950341999486
0.4191910962986127,-0.5698260180737064
-0.6003153596404577,-0.7369768157205012
-0.4682997018207667,0.9174130865751012
-0.4546723092593929,-0.9740662370504589
-0.6392452604773314,-0.4964220007828382
-0.27361468383161924,-0.9665890079374081
-0.21125972575139468,-1.0453957752708962
0.10613947423247998,-0.6179553043771493
0.2280044763689194,-0.6629883220740234
1.1982102526128071,-0.08987580254584508
1.2599363214318477,-0.18472898469647125
-0.2786860536532179,-0.9237891269891869
1.028427882117387,-0.19015480745214242
-1.5830041387427816,1.3546437124920898
-0.3766475845441653,-0.7852536023010929
-0.27486125779619575,-0.5105161095143091
-1.5851318978262214,1.4105336907226627
-0.6597256627709415,-0.462367211744826
1.6704567811222621,-0.17229164218288018
-1.3293792763231398,0.7448958864533368
0.2505607402493838,-0.425719152064203
-1.1893146003031008,0.6416746790323155
-0.6799352414372188,0.6031718618934258
0.00734646590238299,-0.4267164977104964
-0.44388678269993953,-0.617862715544991
1.246953304744616,-0.3248613573655307
-0.42900374383605533,-0.7236112326252568
-1.3259857860769768,0.8495973773303149
1.1245471212566862,-0.3868334342774601
-0.6116813098573166,-0.15353523457135762
-0.39287186250038125,-0.5660711872545793
0.9411378808536166,-0.296792068749431
0.7922091443249074,-0.28995755709295545
-1.8926112716293475,2.058234507971548
-0.2478878935105942,-0.78819277274832
-0.026799581605750213,-0.7847583121253693
-0.5609110203446874,-0.6917746432069021
1.1890498320500686,-0.037977072378481865
-0.27471588003924247,0.7721261825259031
-0.5334842222678533,-0.6762091058884293
-0.5815119047969991,-0.7148857772931193
1.1547918768097558,-0.21371786776368099
-1.4305560280564622,1.0871578411628078
1.0897719866230156,-0.07540360884897115
0.35898066338002,-0.23499820749420713
-1.3822395316923066,0.8976082397301132
1.4356768792699988,-0.37047863285671406
-0.5178508562123539,-0.9185658996505548
2.286919159086566,0.23397171214532836
-0.20247932556190557,-1.0518321418076741
-0.5966649365566399,-0.5864514710037387
-1.484954843122059,1.6804354976730043
-1.6216630585154657,1.6181913357206528
0.49953941883719505,-0.6234267391716811
1.0822753810165933,-0.3804877729697572
-0.5878023975627167,-0.2541783214367734
0.5251451025636202,2.1353622203531435
1.7425419716930315,-0.10496733967427636
-0.1611423411888705,-1.0740501897947035
-0.5083917961734242,-0.8789390695149739
-1.1534724981013569,0.44504548167608665
-0.21678451258317477,-0.8543996029628974
0.5184632997962061,-0.6812039194798898
-0.225347575280869,-1.0191325283941017
2.9644389778877955,0.2983908246166168
-1.6419718615422112,1.6523435125319192
-0.4017276585331812,-0.01154116992436243
5.671948321984384,1.571292693798337
-0.36318528502651753,-0.590978818189357
-1.241320070885352,0.6464185293003158
-0.3968833897129487,-1.0440448601616479
-0.8348689416567099,-0.09356644297869454
-0.1758327364676625,-1.0709679241944194
-1.8886465436343436,2.0833236293477575
-0.6688735005787435,-0.06037893146410748
-0.43933456213163696,-1.0338786567556641
-0.21233078094901053,-1.0802621589985795
-0.3604411393587694,-0.7532169362193218
-0.6577685540480308,-0.1682716301961969
-0.7339252321122746,0.25670702797575673
0.3053393061650753,-0.3300359796152855
-1.2855686729128932,0.6555646370474643
-0.7045025439171946,0.17062971075353223
-0.047751760938214725,-1.0478785092733982
-0.7208772418662371,0.024302464428918924
-0.22102767825617517,0.03748874614886183
0.46414607263074537,-0.32734203527663175
-0.5325494827933803,-0.8926492872209373
-0.93536882496696,1.055942430894827
-1.3736374798192668,0.9824267284994364
-0.6076751950900846,-0.6726366898790743
-0.19139816977058555,0.33229498362924587
0.5301029424519841,-0.13788113923655448
-0.464267819977276,-1.0023509979015948
0.6458703092762702,-0.48720436310615695
0.8257952120233434,-0.5792231956233198
0.00842968829491398,-0.673408562724349
-0.1377202484508188,-1.0493379346905736
-1.571631939649016,1.6351659994901209
1.2457275909647019,-0.4058411678865352
-0.09042677285617425,-0.763771121445073
-0.44962203979917076,-1.0511366206052637
-0.5569394704758988,-0.17956513113796743
0.15854072631668845,-0.8433675862114275
-0.4565373746240263,-1.0093832455594722
0.42938771016372806,-0.6821565983480968
-1.8858461886678717,2.06207389713409
4.647632122084493,1.2914871212637635
-0.7965270442584027,-0.35729398599174467
-0.2007283421306716,-0.24005325460851726
-0.5327185220339108,0.24136094444018882
0.1305381808245215,-0.5620050224633343
1.224629375877283,-0.19692199343933342
6.445088288375277,1.7538785780303134
0.4340516810273537,-0.27198208227910387
-0.20406902523601123,-0.01748138515900261
-0.112907169678624,-0.9895777254340484
0.6504833212455222,-0.6102009401946744
0.22881356258146873,-0.734968571493577
-1.5838892994048897,1.3084633203637803
-0.1775637094881274,-0.9577552120182751
-0.26237224241037127,-0.9031110365941076
-0.8937032343256343,-0.08127864658317442
-0.6383409197475638,-0.370294159188155
-1.4725056929937155,1.5961446934747119
-0.051325739751477716,0.6248386225411453
2.409683211120926,0.38427582173550995
-0.6011760006137714,-0.28460726393973285
4.493990944496316,1.6353529300179541
-0.5986750883814259,0.4094797635353624
-1.8765813105098323,1.9988149406398101
-0.565124449875112,-0.7855219652522286
0.10588376021278154,-0.8389934793537493
2.3526091747352553,0.016101205497487087
-0.7154995121314807,-0.41408399370796034
0.43548675529279707,-0.6786952057970006
-1.1513793935216117,0.40055534513782143
0.3573476684284257,-0.776216671155323
-0.10869600278927147,-0.6942028977113137
-0.3156174486908294,0.277138670801552
-0.22719190588945976,-0.5366374813150643
-1.6971078255665621,1.609632676418179
-0.2606909042454199,-0.8907373171692547
-1.4611391758684398,1.6140150448476573
-0.4240465059025435,-1.105138786719692
-0.03291198987817815,-0.8681638528623903
-0.19309054591774708,-0.5936457338752306
-1.201470035016367,1.0305365479457398
2.3231018144061157,0.07214193318179449
1.9258333680994628,0.06399836710253495
-1.3836316968938422,0.9424961805625193
1.0444118415772783,-0.32203991242948166
-0.1636261903462282,-0.32961699458185323
-0.07649238673748726,-0.8928970459885829
0.8098575413042141,-0.24960540587696237
0.03593560462773436,-0.5932034436619975
-1.0625261050926065,0.8810012465382122
-0.8604292145973076,0.7405457664265718
-0.5144600666483305,-0.4980420599863557
3.4063401113552687,0.708708593037842
-0.34788551603616147,-1.0619151217969425
9.486490227945042,3.7472324729308424
-0.6732302026619061,-0.6299045749177149
-0.3750406479656303,-1.1572630445593242
-0.2532581101999285,-0.9436165276300617
-0.40385788194924227,-1.0480030954203645
1.0547359496969066,-0.43395051917258765
-0.1381700158725252,-0.8668810445655598
0.05155180012607657,-0.1503994319663711
-0.8234408359610114,0.38861636250123793
-1.463575478981914,1.6583104058394134
-1.2917842475269317,0.7776517113721982
2.4120400700236444,0.6636040058293275
-0.16574755989695586,-0.859693116425707
-0.4274032196597453,0.027062343255214807
0.23437366004214535,0.47473254881212157
1.908261642601505,-0.1443757663830383
-0.4914264894089221,-0.8578912357095723
0.17024886402933093,-0.9355760712498009
-0.9147320008457249,2.2399415220001124
-1.1020092927327416,0.2458622235914622
-0.836773855497773,0.6208591633060597
0.44811263652912997,-0.6601101272067804
0.049759811532066815,-0.8783426513516623
0.8050534861772785,-0.659511807315339
-0.23177294116764388,-0.6459353151959102
-0.6087197149999422,-0.422000284750092
2.328567891394716,0.513455437646993
-0.3146995080797182,-0.7158376680312087
2.3560092390361618,0.17825158989133286
-0.1651923299304644,-0.5663931434653604
0.8148683271164076,-0.47872657542032093
-0.2634775929832758,-0.6410896455348393
-0.13029705587391333,-0.8738324108524292
1.7384688658256986,-0.0459114126003867
-0.692880952116371,-0.5611204052906656
8.498359981855563,3.1218439966289253
-0.5203806345936013,0.12274846778834844
-0.3336968977619592,-0.8293948437134475
-1.6359222602696963,1.6557768441991965
-0.24044076454589586,-0.947761805535022
-0.7024749245384557,-0.38385312803195915
1.1338461598342036,-0.4843315312140549
-0.2154610273490017,-1.1162971960053167
-1.3878333804893679,1.1228237447977314
-0.7428970010257505,0.3276294667155205
0.8033211033398979,-0.24547028151756248
-1.1999754842501098,0.841175470078582
-0.22522548847909665,0.5910875526881623
-0.9918753929208893,0.4414782770459879
-0.283436942510924,-0.7209342350064268
1.1752597523915782,-0.4608280650552284
0.9483703730086597,-0.6010141583553714
-0.20526000637650166,-0.9277956613776257
-0.6519683058320099,0.7521556783612947
-1.2486031071516803,0.6308656768027824
-1.9030109441101994,2.098010416028206
0.12535020338222466,0.42427794936602753
-0.3862936790238974,-1.0380348791036882
-0.2625999785402258,-0.6748501003120054
0.08651560319006099,-0.0013670569101978578
-0.009840585849765117,-0.7865530783504245
-0.3299790299213203,-0.5189580936616907
0.6404027031305956,-0.5509796993941072
-1.005781149240193,0.24337705918929517
-0.09059877090200885,-0.9540780161609564
-0.27274993844771156,-1.0574543121504913
0.6389804651391245,-0.5517868624639622
0.2979733507058907,-0.4141529462891316
-0.7396951101530979,0.7177099484323154
-0.6956131772428459,-0.4827344614768128
-0.599005945502332,-0.43932644514976016
0.3669765984394622,-0.8164299988715136
-0.28310931371847664,-0.46202196010861424
-1.4153311608252006,1.187154487098668
-0.41267848974356697,-0.5773120471844626
1.0562510510856413,-0.539788611142562
1.915871964535993,-0.1322119279709288
-1.3662017212684763,1.0665833105386742
-0.15932622559657467,-1.0159219434195017
-1.8711793081283898,2.047558777037005
-0.6601364970604512,-0.4968589001415131
-1.473661930413726,1.485215777347697
0.1328005495943255,-0.7741169754225912
-1.1313369170210963,0.864788048213167
0.18082462218556028,-0.8649793289351515
-0.12007776408952552,-1.0507448004628352
0.7310921347321835,1.5631504635694757
-0.6296039615798305,0.47578563216341885
-0.651416927534009,-0.4919102807480051
-1.2145466157996903,1.2857639038403383
-1.5036736662589545,1.3654076271346993
2.1176197537952066,0.6867208534706122
-0.4314072734774545,-0.9494431165184601
1.6117235438907378,0.014920902395918709
-0.5729359730401626,-0.4930480024259977
-0.9010868315566797,-0.03979102461355212
0.07214082655719159,-0.6754314678803324
0.3215564759433006,-0.7433540846770871
-1.6913352693246453,1.5786502491391028
0.7712241911319013,-0.4920764332564521
-0.48615481769687513,-0.6493482375126597
-0.0434548620875683,-0.7256936324419317
0.4647950252955844,-0.8105154954880013
0.1616932522454485,-0.852997941582908
-1.9163966750940717,2.0447355722143405
-1.8313505804007917,2.0815822936483994
0.34533788708372887,-0.8172911127679241
0.06110016927904146,-0.41904866382847694
1.6474033219509672,-0.23105321410349056
1.5679210036532791,-0.32968462060700215
-1.1407200707399137,0.5322194340459889
-0.5802290259466316,-0.7027381955790438
-1.5642280952692162,1.3196216482824312
-1.1491490971365883,0.3789820874401225
-0.13998242583319703,-0.7537145503157057
-0.4967805301864601,-0.9751249074729699
-0.20839650774186091,-0.8496391565549997
-1.5196002139947504,1.230754228779686
-0.12259672257269687,-0.6221554123601264
-1.3852061630855592,0.8959245867009676
-0.32919391327020014,-0.9296148463804943
-0.8905381088608866,0.7006190400709621
-1.8655688846405623,2.0507428620303596
0.032825582506984474,-0.36657829184252594
-0.5376652664125828,0.18930072212745513
0.7268501264529296,-0.673210809981593
-0.215680532176622,-0.910870606552548
-1.2495391378798433,0.6531734694004517
-0.02786654917382346,-0.8995589401976294
0.005504932058111057,-0.009162159810447202
-0.447434382177968,-1.0270560404063176
0.7185323631327556,-0.5830005602334843
-0.0960820584867968,-0.8240782129168158
-0.051070355902211144,-0.9544834636177123
1.826193789503633,-0.06106716196363177
-1.7344126371877722,1.8168512511164114
0.2192875290004217,-0.3749505901498687
-0.21889037374729814,-0.3838201082404822
-0.13882358303629325,-0.79123777478329
-1.3997578843064233,0.99044162739184
3.186899892928597,0.42821887991041985
-1.3050761665956714,0.7586886361705328
-0.01628436780836183,-0.995761284557872
-1.1459308782268114,1.195168433743314
6.252839403039359,1.9277273425690433
-1.3728301625520394,0.9257873596068712
0.06155668536186622,-0.9019837209332738
-0.12262543128474201,0.10475450624453254
-0.19255733204533143,-0.01094815114982811
0.46109954259308444,-0.12351986812222533
0.2925935714216017,-0.854722240824791
0.7806135209034254,0.1259834152858188
1.2873929608721615,-0.32082727263976085
-0.3445907846357579,-0.24176297705570093
-0.20868474857999253,-0.9982563611720638
1.1699046445329455,-0.22405755811418487
-0.7350912848693434,1.0364942566967854
-0.4441597008388976,-1.0366170688883627
-1.4029000115971237,0.9429803384492006
1.7691283915609584,-0.09702825960212264
-0.6330640372817307,-0.4586554421804406
-1.108186546473559,0.8322485469013858
-0.35515262304433526,-0.8415716166507088
0.307293983729001,-0.45454124186913525
2.728996911187264,0.2639711557349988
0.6766702547568005,-0.13463632138044404
2.6858755736560624,0.4489720330261284
-0.5456670290889154,-0.6488646896644873
-0.585744918874048,0.10849127812951628
-0.7037129076839256,0.5439992805568771
0.1194450823993482,-0.9073112078190115
-1.6865937348934172,1.6155997408302978
-0.6471745254683798,-0.672214736020072
0.18604384588518996,-0.6982217579700882
-0.4020618225067411,-0.8414326122919116
-0.08866340836155297,-0.895882093536544
0.5295252812198621,-0.5643055773863089
-0.7386695568308939,-0.4843312406125605
1.0983072624298253,-0.4855842871612853
-0.8506218409645752,0.44170737521165826
0.019651849393771948,-1.0096249220670772
0.27160897774546805,-0.5622272599932168
1.2726814099657766,-0.07079780370502593
-0.41240486404038673,-1.0071757295406032
-0.2433256559136842,-0.8009454494030533
-1.5633739955654766,1.2744283390084643
-0.6055623042721657,-0.340271794481318
-0.5760201053057661,0.02657670583293369
-1.9803711525077674,2.1454622316927043
1.8673341616137253,-0.18651999258214602
-0.7690723860780174,1.0207837127427555
-0.6535515477533314,-0.6187363431577163
0.2807373263118922,-0.21446137099859514
-0.7519558728438049,0.15904039601531567
-0.45571137137335604,-1.008914463735671
1.9811173049535367,0.03043137667351639
2.4825918788666006,0.4099641943584851
0.21182992896192981,-0.5276366229207015
-1.5650199381004086,1.2849137260163146
1.1724524013334134,-0.35964573913720926
0.3380414255424316,-0.07166684533466439
-0.20786982905055784,-0.8379207412993339
1.9734403354317014,0.029649222911243507
-0.9653984435376961,0.07216380997375615
0.8651247284726807,-0.36277084977073054
-0.17524152148168856,-0.8993397542439838
-0.07514468528824306,-1.0138244102571756
0.47874818661449936,-0.07174806753122862
-0.1729511916030919,-1.1035910878568
1.258859083316131,0.05481695937643591
-1.3297549059815892,0.8588777969741692
0.4078725407772418,-0.6561862048128552
0.4406388140628838,-0.19580425476825902
0.7629604529935744,-0.6680589921195209
-0.42612642155683794,-0.41365151759842445
9.838133094765979,3.801921573207985
0.6893157769713731,-0.6870155544979387
8.517704546003245,3.0907193436938836
-1.456889435363763,1.1978274370536204
0.0828434499279069,-0.36460541643976985
-0.4632173710568201,-0.9789158180304878
0.9844941743904948,-0.450975832488162
-0.5327799363864256,-0.7900044940638759
1.297119296732123,-0.22037645093790828
2.0913393110655862,0.11617233337857806
2.8532957231465828,0.5971632013606077
-1.7169132008181551,2.096928555275576
-0.31338120003722875,0.20204600394009337
-0.941968860623735,0.03978277012354157
-0.9393209248564683,0.09838309960299392
-0.6119279229695733,0.14323204347919433
1.0985682039843614,-0.12001190146162168
-1.3252244540767877,0.9528050388039827
-1.485692677163989,1.1472221987838758
0.6833681396150971,-0.48841461207832026
-1.3749753163652318,1.1187015758559165
0.4211734883176891,-0.4887643864556919
-0.04287775137127798,-0.6682685588024321
-0.7353597329923736,0.49570259793963184
1.2582356514623751,-0.45584001115532347
4.933665876073703,1.4274061496166177
-1.0169385433948566,0.5186102545899626
-0.9975092751048783,0.5638954794156521
-1.1014753148644885,0.32610183637759976
-0.20486909328097605,-1.0075103705723236
-0.454603135207814,-0.7342172860904386
-1.7429458741376391,1.6863937802124649
-1.1791410467436432,0.6360289691631461
2.5760532940773753,0.46692874912967686
-1.3661649554721051,0.8838920295017596
3.0137168378425017,0.7795631085915689
0.2555094045333067,-0.6284618005116869
0.3132305865417961,0.20366235779567843
0.717235406709413,0.7334293077417113
-0.1287557451521903,-0.30590458713628543
1.9612201169931895,0.038055763854466844
-0.16997680659923686,-0.9152685123951609
0.6939094899212739,-0.6041243025967867
2.8463551438991925,0.33842025238414475
0.04161674046293922,-0.14461836959878022
-1.9214980616624568,2.1788744911201197
-0.23533995097438867,-0.7050572469863527
-0.15269658836456798,-0.5136233955602385
5.988750880806161,1.9498369908782298
-0.05418064145765416,-0.9715905291850788
-0.25938580190943245,-1.061289269693217
0.4841360679452072,-0.5786458193572317
1.2125021721844302,-0.32549677386874104
-0.6499578509219666,-0.09532176494298274
0.9659745136272193,-0.5300033550485466
-1.4088533865765722,0.9510211272843406
-0.8768339628552392,-0.19731942576500636
-0.8351352121397912,0.5418525787677376
1.2120555835249613,-0.45920957789234784
-1.9265593359312532,2.0161289365193973
0.6431445857688055,-0.7207162356470911
5.393658208750802,1.3063090642944968
1.5063240867247083,-0.10556878137086559
0.03993626159907191,-0.8268202671555198
-0.2802886162980044,-0.9246986297529706
-0.34804295499019366,-0.8107752713994413
-1.534952806518515,1.1421046040489442
-0.2633047585058699,-0.5838940108865662
-0.6987489599629267,0.37552383343552775
-0.3994690125645187,-1.0455122793213638
0.4458331989843432,-0.6992370630585042
1.9804544226253882,0.041474680077299306
-0.35556076844016193,0.9735510900188863
-0.44231330467665564,-0.616969719183454
-0.26642669469096514,-1.0424461709270931
-0.043061596745719306,0.012875278370305466
-1.488686966969243,1.077005793742686
-0.04406687434966159,-0.7831385137641275
-0.02615173567256979,-0.818649167480283
-0.8953479809121224,0.29070933735213633
-0.49539194174919954,-0.4758008132985304
-0.6025400861432887,-0.7268199061173566
-0.5558411159946871,-0.3616539284928836
-0.10701938738235128,0.6160698116292826
-0.2626970248722786,-0.32090039273497756
-1.5506191538260998,1.3387646432685838
1.9183072242148185,0.05903181947833489
-0.5116592343786935,-0.937890985362277
-0.4337747616677561,-0.9507867376613273
-0.9401621947631635,0.5050856083653198
0.04846525957100075,-0.5860924855741947
0.007412164583394963,-0.7881811299127899
1.6748790701886054,-0.02917299075077881
0.9274210236141501,-0.25532400475829203
-0.10250997370731595,-0.16539471726420532
-0.5817510277333463,-0.4752117941969119
-0.30242043570349203,-1.036112313805175
2.679370387649074,0.41886636630298835
7.309944927780291,2.1872657123563286
0.1668271820248519,-0.8272452628363889
0.5972493561231563,-0.5983095471572834
-0.12875098883205668,-0.7209265932275055
-0.0298118723112714,-1.0148580616177345
1.2215099596794914,0.3647859682061075
-0.5455696236284565,-0.7173264641468714
0.7198824393093693,-0.6314871464598454
0.25937110114251055,-0.6605286984183595
-1.4346950396078855,1.6101062488123994
-0.01805054545988685,-1.0310221712992471
-0.5450563641236611,-0.9225863389369502
-0.5828912569825411,-0.7499271288846155
-0.03874982354109034,-1.0313501284030953
-0.5833020912720509,-0.7844188172813028
0.8632106180304632,-0.20790641222093384
0.8390911954636465,-0.31260337060238214
-0.5013225038535649,-0.7949904681440423
-1.6529305088832762,1.5319290570556165
-0.8569357470758951,-0.25454364159795645
0.6562905095100872,0.0932596327986452
-0.7375259307353274,1.0005063773423404
-0.28789671524198424,-1.043211547690474
-0.9707347136760243,0.5448323251987917
-1.9491284520898084,2.1631934089859213
0.42277785916989497,-0.8076001142713386
2.643259359632668,0.28417717416389077
-1.6777188377056194,1.5406999491709108
-1.9269320571275523,2.1301124976804546
1.193672086747967,-0.4657203929601667
-1.704038634827453,1.742733342622652
0.9742917603821303,0.10278993841804068
-0.019694017573736147,-0.9063402905413596
5.256975947617482,1.838936959127661
-0.9300659512522724,0.11505508617284176
0.5160447505408904,-0.488444863411962
-0.1699567164988734,0.028292158576538655
1.7079173031796793,-0.29233576510278536
-1.2458427295289871,0.6438517837509812
0.3211508066685518,-0.001316218134419873
-0.285041223369412,0.8269385423939905
-1.0723441579676092,0.3426346488677188
-0.49204983243435924,-0.7668889283578427
-1.1066426639370452,0.36884724619840714
-1.8422066343971244,2.1325187005647903
-1.675933288987476,1.530293792893844
0.19929187458698253,-0.9230156597586306
0.20395147799378735,-0.9089516847437337
-0.42004130647954435,-1.091446205755342
-0.009527157020714315,-0.6835996154713533
-0.9336642690594942,-0.04686019639488079
0.7147517050732549,-0.5319710274427232
-1.1182045253295527,0.7694654950926639
-1.4809466791937609,1.831163871137399
-1.0479354114774477,0.26513127727319713
-0.29403281247163054,-0.5709969585272178
-1.3455660473566595,0.8156459685879472
0.6136458006431201,-0.006956718008025937
-0.5746501575013893,-0.8137671107379728
-0.43802161049133403,-0.9760359711393273
-0.7079827771625972,0.5301564913320835
-0.5892273530173786,-0.3806016276316693
-1.0494427359976009,0.23001729751181602
-1.050021065143381,0.5569324689095593
-0.5061363117974816,-0.9461760689506659
-0.451351586610135,-1.006440154038917
-0.052456535661533125,-0.2893638720249693
-1.449663198174088,1.007796889277043
-1.9466996391522435,2.17599134294851
-0.3461612920652812,-1.0837755908937312
-1.0727659299414878,1.8340809899645512
-0.4033685024006246,-0.5720283478253501
-0.3354942881087146,-1.1348192894247244
-0.2205270575494651,-0.6548948206143922
-0.4113727648444804,-0.21864384922694294
3.073154631644007,0.3715097549489053
-0.01633225658806634,-0.34879881541958707
-1.5602488249634612,1.3447190228597632
1.262280501885917,-0.29724606642381407
-1.9389168414802893,2.168988806814676
-0.7232519731903397,0.09147178761540015
-0.408679904414342,-0.7349158574853928
0.2170296531160581,-0.8215928606686701
0.5154659269224272,-0.3934949146646535
-0.7243104063709216,0.10229060394863033
0.1377624420657967,-0.6342668413395143
-0.28744765577296644,-0.5861763260164027
-0.8186337541971663,0.09443728832294106
-0.3250061265528137,-1.1174474313996239
1.664476449206573,-0.10324623108275863
-1.069836625553028,0.22986265763155658
1.1570325325707411,0.01202158027694173
-0.8860260734163732,0.003014938594709434
-0.42585921894847245,-1.1404260837046618
-1.2231075672047078,0.9497395390645273
-0.5210780139885874,-0.8632998634249004
-0.9387699902995303,0.15579331748047184
-0.29323194116873047,-0.3878302931056034
-0.003248719363614041,-0.5886803388665235
1.8254519082596574,-0.1913727948593434
-0.6703480573268166,0.8216611777665171
-1.4757137995696386,1.0158514035348383
-0.6643271529778902,-0.6134323158150499
-0.7668291192401439,-0.0892103136881858
-1.1242715941560204,0.3245837676717773
5.3587345824488155,1.274026491017667
-0.9918797443735916,0.06855438010329915
-0.27199121182441577,-0.8057945100822245
2.05590346908192,0.2627364503512347
0.3201719130039724,-0.48149115507938534
-1.9729751803017963,2.138240160408992
-1.9370813548213748,2.1814500101714356
-0.9136084854587689,0.36028251300656955
-1.1531689177830002,0.7649640294791052
-1.4101558835356667,0.9731209392137038
-0.5386094266608059,-0.7019568327142744
-0.027654422435814736,-0.7738239509764135
2.5569544906062607,0.3112107399703701
-1.91203708132981,2.1728243743959106
-0.45443548861468147,-0.9168342883172436
-1.8881603363710355,2.1064385850152814
0.07692357354273986,-0.6156195684759852
-0.5996122982769816,0.5117234511178331
-0.9900932074870149,0.10382682132624695
-0.3246674536896948,-0.9231235683987257
-0.6476990368238574,-0.7181904487605243
-1.1478703059157636,0.47106391349877463
0.4591435806408627,-0.7530505567788974
-0.9558871886169188,1.1203118279427204
-1.2052370436283029,0.8685255282449873
-0.3067336907723042,0.14872112061863033
-1.598466017617714,1.3230296103078296
0.8505405368649985,0.15032722703992507
-0.3174695992572952,-0.7745073244000966
-0.20041308222468857,-0.9935619403731523
-1.9169170427768576,2.0558597569891313
-0.22105932290401167,-1.0966353796877653
-0.3832378174292714,-0.9449445118677733
1.0567248608929771,0.19490363580375616
-1.3475762327435483,0.9287002193025249
-1.4628069766721243,1.1145324892116513
-1.9800105032011368,2.1456669110805615
-0.8784478955254671,0.254622610197577
-0.48909297063913937,-0.947922966609206
-0.3963771262998463,-1.1693721412473745
0.45613812781324486,-0.47284327146712934
-0.3198683226238733,-0.30017166254816197
-0.6963257897317541,-0.17873451827941095
-0.6254531980050471,-0.7512432991821725
-0.389979329608288,-0.8003169046736941
-0.810998243883293,0.2700633088974849
-0.8041694946208201,-0.31595327100211645
-0.2198435857252082,-1.0959454120738605
-1.821683458383883,1.7901614392854968
-0.6649643532309027,-0.6252134553992527
-0.24216158597040938,-0.9030603870480013
-0.0718341534970342,-0.6732826835040683
-0.14510802861665342,-0.7605458601837528
-0.3308368013061151,0.4469433827121715
-0.24720850892741356,-0.9401831959627845
3.6133949976914557,0.6624229988690391
-0.5971882687447251,-0.7123630787289923
-0.0784652562006392,-0.8026606357010921
1.4754151976288308,-0.3479259354672874
-0.5548200155188933,-0.7910933963112887
-1.08815942623432,0.6837414148785151
-1.9283742163130075,2.0150989370192143
-0.6306604683782338,-0.537227908339679
2.8216296380808807,0.45034999768059
-1.5405017931727814,1.4244431155949508
-0.40746561022609046,-1.1071481361739521
-0.13471831673279333,-0.8574249670361029
1.4073703554574377,-0.18099227605341428
-0.6560056500755235,0.5596550827868478
-0.6020534469273746,0.16025561641689318
2.1327836691383992,-0.05905600466997152
-0.6425434565557121,-0.4982938267975941
-0.47002794520111796,-0.8000688780767891
-1.6209670599794213,1.3901961525147197
0.6364147634815387,-0.4390478840322931
-1.2418115281645439,1.2246122048744312
-1.1379347521684096,0.48812214988119124
1.8086970092425294,1.0438447929198171
-1.8717863795483176,2.2185068832148835
1.5462874801818192,-0.09073309762833467
1.7468673886452302,-0.17495196506222524
-1.1004005932973464,0.8366673107827804
0.87726186911608,-0.05862780028220877
0.007078336868728498,-0.7958677211214192
-0.1795752253908039,-0.7344289999860943
-0.32738587763174315,-0.8789883195087609
-0.45630884132469807,-1.0663510918567434
-1.4809187737396508,1.911116272524447
-1.5569002529032423,1.2552633653985332
-0.7275451625821665,1.9200791154734724
-0.6268499449203419,-0.6492604127551969
3.6583392246189144,0.841349051371826
0.23371539868985394,0.12427655656889344
0.9787518198058629,0.34120847432507706
-1.4401550594954713,1.7401192571783373
0.07015394812960249,-0.8667683620963993
1.047749823612012,-0.4379153569922029
-0.9085414670898725,-0.05544126488434016
-0.25218977246550345,-1.0343662870274193
-0.3529805355528809,-0.7678994610008864
-0.5437375955590577,-0.8647403520401642
-1.7032402339456356,1.8117035142942288
-1.421993268444025,1.1034369753591882
5.514472794363489,1.4933400788497575
-0.44191678243684024,-1.0125051265251481
-0.21857351989083415,-1.0038685379358823
-1.9705967993892186,2.105331435987747
-1.5908089689013964,1.418731290379145
0.7124772648022486,0.003455089965874721
-0.4339635646654139,-0.939474379900926
4.783104400054768,1.1810419804130072
-1.935960170684029,2.113569261048129
-1.2973610046794974,0.7173891871865209
-0.7172420461763463,0.277594749679367
0.7945507426600624,-0.5816134923895482
-0.20541558107996546,-0.8593668996997346
0.2197275828672443,-0.6030910296955713
-0.6173829006212862,-0.6438875788239531
-0.10579174035486438,-0.8866862968617244
-1.421018742624733,0.9783754473496304
0.11849333019304135,-0.8050757734376641
-1.0502091106221292,0.8348163428068063
0.2375315545500148,-0.6311676401574695
-0.16685566719514885,-0.4188835184390378
-1.6318170500093454,1.4525555100865637
2.6848791030130292,0.6054001089711144
-0.644953151557228,0.4099769568229092
-0.47945990304387276,0.04711901316638452
1.9797436579944636,-0.0695490334567435
0.7955610788924629,-0.4704197629123661
-0.8263898816255518,0.12429397896880405
-0.41444713781617465,-0.7267694276758749
-0.16561671836229236,-0.555214487563156
-0.09756630630870722,-0.7335644950715835
-0.6573340929329131,0.15172119641693113
-0.16654626386403037,-1.0771170793321079
-0.3382280179688853,-0.3791083998961906
-0.1289228355294959,-0.9415695542761908
-0.17644809523297367,-1.0142196130470271
-1.547691208522936,1.5688165241944338
-0.32808927064998417,-0.5521441256406776
0.5698838827935856,-0.6024207716560347
-0.4562280334245182,-0.8264955383358243
-1.0834294863895948,0.4162799539563697
0.17893024154990095,-0.6794199252095807
-0.10792682718476211,0.8246807357796184
-0.6161991565261353,-0.6432157682525195
0.01848739745257823,-0.656280999452497
0.2689794416574384,-0.27073473807886467
4.463782014252542,1.2060632683408297
0.25947707416409704,0.07038003142884271
-0.4138736934694106,-1.1450434447138726
-1.807190479402902,2.07245486324458
0.5649915071095145,-0.4492465896962819
-0.07028853097317292,0.36284746330677875
0.7906594673451396,-0.5724023996351295
0.822482872024715,-0.600019691796997
-0.4101524791255538,-0.9487998871317035
-1.0571085722319793,0.9754319336365448
-0.4638623645709992,-1.0820574538951695
-1.390932127889923,1.0639675660834578
0.39236866857110053,-0.6496432366832645
-0.2864145455391143,-0.2886827662670036
-1.0084760977050287,0.6033495126285027
-1.4745995554808367,1.164937389975704
-0.443576301983603,-0.4196324771541299
-1.0491649498406777,0.2986920045831804
-0.4817415803602188,-0.327097335072207
-0.4765306996606547,-0.20244777709702294
3.4564783091980313,0.5890575339972021
-0.8239249487126938,-0.2472285244231547
-0.5747656320821868,0.9140879973864917
-1.0391792671535935,0.21300310811460713
0.14532318557638627,-0.1503565055661601
-0.27335429240444875,-0.7608900628475717
-0.4977832085019707,-0.9414354302254639
1.0614879165571318,-0.49863562882096685
0.2265630026551066,-0.6716511525696451
-1.7459927072605572,1.7417621561320473
-1.360468951371379,0.944222229936648
-0.7078640578607561,-0.3754921149932365
-0.4066809544855507,-0.8668931277186671
-0.21304615055167364,-0.8065999327742042
-0.9857941245194918,0.8331928925851886
1.4742166641808205,-0.360025648614848
-1.2965143391085185,0.8663233147267183
0.37209564356075964,-0.6347350145084998
-0.6831934937339235,-0.3158127871077194
3.3271201363982397,0.6073465490867637
-1.4973635946466075,1.1748571276873567
2.7620489381089035,0.3173353247343604
2.361748448420659,0.5851139610512378
-1.3195341319445517,0.7504833036137855
-0.28683564351087315,-0.528731444694207
4.393789131480511,1.132081663209557
1.2308189256803646,-0.349359989858891
-0.055563352323337103,1.0638721316460884
-0.1594357814708974,-0.22446322828332024
-1.680863514330064,1.77872494268269
0.08902142231400272,-0.17088994965997883
0.4358788082936176,-0.5339414599240581
0.43752553121697174,-0.8145722488593392
-0.3194501784648238,1.2224351252677963
-0.48806183674215337,-0.7417866018598368
2.4557564940285603,0.0896346962303755
0.36019341279554523,-0.04375303821649813
1.1686587785210576,-0.4074767714901711
-0.19911585206252927,-0.8557916129731373
-0.5621750843442631,0.0686927014272906
-0.45917342950058365,-1.0565573231030223
-1.6388023789247663,1.6198837622517797
0.4685502185871509,0.2693195443241866
-0.3372611340623642,-0.6258664905190292
-0.7648815498542089,-0.40785126595732346
1.1093908386875406,-0.1024502198106861
0.44776570910579777,-0.5040086492144964
0.33195988114095143,1.0400712177919451
-0.35946921891637024,-0.7298263236342806
-0.9696334114705648,0.05834082843165842
0.11615764408743325,-0.6807867450532439
-0.34472196851777615,-0.39029104710063395
-0.9800239205238986,-0.01607315470082255
-1.9309232083240166,2.09358887116722
-0.35002958598720796,-0.7815665923400772
1.1901847052855432,-0.41417680014531616
-0.07467830352520641,-1.0631601364732308
-0.4913523516456652,-0.9263662153137535
-0.5047278189472882,-0.7740840690971028
-0.6302012344437518,-0.6854208984190077
-0.6801762953598731,-0.5310711100393761
-1.5509601850240038,1.3043125702372884
-1.1650050446113047,0.41566139443533195
-0.2522544997591338,-1.0686615492373728
2.3273187097799157,-0.02501329179808308
0.22495287053328272,-0.424910508075055
