CustomerID,Recency,Frequency,Monetary,Recency_segment,Frequency_segment,Monetary_segment,Campanha,CAC,ROI,Lucro_Cliente,Ultima_Compra,Dias_Sem_Comprar,Grupo
12347.0,2,7,4310.0,0-50,5-10,4000-6000,CMP034,1403.19,2.0716,2906.81,2011-12-07,2,Regular
12348.0,75,4,1437.24,50-100,0-5,0-2000,CMP012,440.78,2.2607,996.46,2011-09-25,75,Regular
12349.0,19,1,1457.55,0-50,0-5,0-2000,CMP046,1856.27,-0.2148,-398.72,2011-11-20,19,Regular
12350.0,310,1,294.40000000000003,300-350,0-5,0-2000,CMP031,1157.44,-0.7456,-863.04,2011-02-02,310,Ocasional
12352.0,36,7,1385.74,0-50,5-10,0-2000,CMP043,1290.94,0.0734,94.8,2011-11-03,36,Regular
12353.0,204,1,89.0,200-250,0-5,0-2000,CMP040,1656.14,-0.9463,-1567.14,2011-05-19,204,Ocasional
12354.0,232,1,1079.4,200-250,0-5,0-2000,CMP025,1048.37,0.0296,31.03,2011-04-21,232,Ocasional
12355.0,214,1,459.4,200-250,0-5,0-2000,CMP041,1369.84,-0.6646,-910.44,2011-05-09,214,Ocasional
12356.0,23,3,2487.43,0-50,0-5,2000-4000,CMP009,327.94,6.585,2159.49,2011-11-16,23,Regular
12357.0,33,1,6207.67,0-50,0-5,6000-8000,CMP019,593.24,9.464,5614.43,2011-11-06,33,Regular
12358.0,2,2,928.06,0-50,0-5,0-2000,CMP005,191.74,3.8402,736.32,2011-12-07,2,Regular
12359.0,58,4,6310.03,50-100,0-5,6000-8000,CMP027,863.77,6.3052,5446.26,2011-10-12,58,Regular
12360.0,52,3,2302.06,50-100,0-5,2000-4000,CMP029,1146.55,1.0078,1155.51,2011-10-18,52,Regular
12361.0,287,1,174.9,250-300,0-5,0-2000,CMP008,409.05,-0.5724,-234.15,2011-02-25,287,Ocasional
12362.0,3,10,4737.2300000000005,0-50,10-15,4000-6000,CMP043,1290.94,2.6696,3446.29,2011-12-06,3,Engajado
12363.0,110,2,552.0,100-150,0-5,0-2000,CMP017,524.29,0.0529,27.71,2011-08-21,110,Regular
12364.0,8,4,1208.1,0-50,0-5,0-2000,CMP015,458.19,1.6367,749.91,2011-12-01,8,Regular
12365.0,291,1,320.69,250-300,0-5,0-2000,CMP023,517.75,-0.3806,-197.06,2011-02-21,291,Ocasional
12367.0,4,1,150.9,0-50,0-5,0-2000,CMP004,327.19,-0.5388,-176.29,2011-12-05,4,Regular
12370.0,51,4,3421.94,50-100,0-5,2000-4000,CMP042,1705.66,1.0062,1716.28,2011-10-19,51,Regular
12371.0,60,1,1527.96,50-100,0-5,0-2000,CMP008,409.05,2.7354,1118.91,2011-10-10,60,Regular
12372.0,72,3,1196.04,50-100,0-5,0-2000,CMP047,1540.55,-0.2236,-344.51,2011-09-28,72,Regular
12373.0,311,1,324.6,300-350,0-5,0-2000,CMP031,1157.44,-0.7196,-832.84,2011-02-01,311,Ocasional
12374.0,25,1,622.9300000000001,0-50,0-5,0-2000,CMP012,440.78,0.4132,182.15,2011-11-14,25,Regular
12375.0,11,2,377.5,0-50,0-5,0-2000,CMP001,258.61,0.4597,118.89,2011-11-28,11,Regular
12377.0,315,2,1548.12,300-350,0-5,0-2000,CMP032,842.78,0.8369,705.34,2011-01-28,315,Ocasional
12378.0,130,1,4008.62,100-150,0-5,4000-6000,CMP039,1875.82,1.137,2132.8,2011-08-01,130,Regular
12379.0,82,2,777.24,50-100,0-5,0-2000,CMP029,1146.55,-0.3221,-369.31,2011-09-18,82,Regular
12380.0,22,4,2427.81,0-50,0-5,2000-4000,CMP041,1369.84,0.7723,1057.97,2011-11-17,22,Regular
12381.0,5,3,1474.81,0-50,0-5,0-2000,CMP008,409.05,2.6055,1065.76,2011-12-04,5,Regular
12383.0,185,5,1628.56,150-200,5-10,0-2000,CMP028,1090.24,0.4938,538.32,2011-06-07,185,Ocasional
12384.0,29,2,425.27,0-50,0-5,0-2000,CMP010,360.67,0.1791,64.6,2011-11-10,29,Regular
12386.0,338,2,401.9,300-350,0-5,0-2000,CMP035,1415.25,-0.716,-1013.35,2011-01-05,338,Ocasional
12388.0,16,6,2780.6600000000003,0-50,5-10,2000-4000,CMP036,1302.05,1.1356,1478.61,2011-11-23,16,Regular
12390.0,80,1,504.84,50-100,0-5,0-2000,CMP016,459.04,0.0998,45.8,2011-09-20,80,Regular
12391.0,22,1,439.66,0-50,0-5,0-2000,CMP007,161.77,1.7178,277.89,2011-11-17,22,Regular
12393.0,72,4,1582.6,50-100,0-5,0-2000,CMP026,1285.33,0.2313,297.27,2011-09-28,72,Regular
12394.0,64,2,1080.48,50-100,0-5,0-2000,CMP016,459.04,1.3538,621.44,2011-10-06,64,Regular
12395.0,19,12,2682.63,0-50,10-15,2000-4000,CMP040,1656.14,0.6198,1026.49,2011-11-20,19,Regular
12397.0,36,2,2214.9,0-50,0-5,2000-4000,CMP037,1534.16,0.4437,680.74,2011-11-03,36,Regular
12398.0,46,1,1435.66,0-50,0-5,0-2000,CMP038,1347.91,0.0651,87.75,2011-10-24,46,Regular
12399.0,119,4,1033.65,100-150,0-5,0-2000,CMP021,690.41,0.4972,343.24,2011-08-12,119,Regular
12401.0,303,1,69.3,300-350,0-5,0-2000,CMP004,327.19,-0.7882,-257.89,2011-02-09,303,Ocasional
12402.0,323,1,195.6,300-350,0-5,0-2000,CMP026,1285.33,-0.8478,-1089.73,2011-01-20,323,Ocasional
12403.0,50,1,391.7,50-100,0-5,0-2000,CMP030,753.44,-0.4801,-361.74,2011-10-20,50,Regular
12405.0,149,1,1390.39,100-150,0-5,0-2000,CMP024,557.84,1.4925,832.55,2011-07-13,149,Ocasional
12406.0,22,2,3415.3,0-50,0-5,2000-4000,CMP041,1369.84,1.4932,2045.46,2011-11-17,22,Regular
12407.0,50,5,1507.12,50-100,5-10,0-2000,CMP022,435.33,2.462,1071.79,2011-10-20,50,Regular
12408.0,33,5,2618.55,0-50,5-10,2000-4000,CMP033,766.84,2.4147,1851.71,2011-11-06,33,Regular
12409.0,79,3,11072.67,50-100,0-5,10000-12000,CMP030,753.44,13.6962,10319.23,2011-09-21,79,Engajado
12410.0,309,2,533.33,300-350,0-5,0-2000,CMP003,367.99,0.4493,165.34,2011-02-03,309,Ocasional
12412.0,75,3,1142.88,50-100,0-5,0-2000,CMP009,327.94,2.485,814.94,2011-09-25,75,Regular
12413.0,67,3,686.1,50-100,0-5,0-2000,CMP004,327.19,1.0969,358.91,2011-10-03,67,Regular
12414.0,217,3,442.41,200-250,0-5,0-2000,CMP026,1285.33,-0.6558,-842.92,2011-05-06,217,Ocasional
12417.0,3,9,3226.1,0-50,5-10,2000-4000,CMP027,863.77,2.7349,2362.33,2011-12-06,3,Regular
12418.0,113,1,668.58,100-150,0-5,0-2000,CMP022,435.33,0.5358,233.25,2011-08-18,113,Regular
12420.0,64,1,600.39,50-100,0-5,0-2000,CMP040,1656.14,-0.6375,-1055.75,2011-10-06,64,Regular
12421.0,16,4,639.04,0-50,0-5,0-2000,CMP014,474.66,0.3463,164.38,2011-11-23,16,Regular
12422.0,96,3,683.5600000000001,50-100,0-5,0-2000,CMP019,593.24,0.1522,90.32,2011-09-04,96,Regular
12423.0,1,8,1634.31,0-50,5-10,0-2000,CMP041,1369.84,0.1931,264.47,2011-12-08,1,Regular
12424.0,163,2,1760.96,150-200,0-5,0-2000,CMP022,435.33,3.0451,1325.63,2011-06-29,163,Ocasional
12425.0,78,1,777.2,50-100,0-5,0-2000,CMP008,409.05,0.9,368.15,2011-09-22,78,Regular
12426.0,195,1,510.73,150-200,0-5,0-2000,CMP015,458.19,0.1147,52.54,2011-05-28,195,Ocasional
12427.0,22,3,699.8000000000001,0-50,0-5,0-2000,CMP011,150.3,3.656,549.5,2011-11-17,22,Regular
12428.0,26,8,6405.26,0-50,5-10,6000-8000,CMP046,1856.27,2.4506,4548.99,2011-11-13,26,Engajado
12429.0,9,4,3388.4,0-50,0-5,2000-4000,CMP042,1705.66,0.9866,1682.74,2011-11-30,9,Regular
12430.0,43,1,216.4,0-50,0-5,0-2000,CMP019,593.24,-0.6352,-376.84,2011-10-27,43,Regular
12431.0,36,15,6314.95,0-50,15-20,6000-8000,CMP044,2078.39,2.0384,4236.56,2011-11-03,36,Engajado
12432.0,43,4,4359.32,0-50,0-5,4000-6000,CMP042,1705.66,1.5558,2653.66,2011-10-27,43,Regular
12433.0,1,7,13375.87,0-50,5-10,10000-12000,CMP018,643.37,19.7903,12732.5,2011-12-08,1,Engajado
12434.0,85,2,806.14,50-100,0-5,0-2000,CMP038,1347.91,-0.4019,-541.77,2011-09-15,85,Regular
12435.0,80,2,7829.89,50-100,0-5,6000-8000,CMP034,1403.19,4.5801,6426.7,2011-09-20,80,Regular
12436.0,100,1,429.01,100-150,0-5,0-2000,CMP032,842.78,-0.491,-413.77,2011-08-31,100,Regular
12437.0,2,18,4447.41,0-50,15-20,4000-6000,CMP045,1492.9,1.979,2954.51,2011-12-07,2,Engajado
12438.0,14,2,2466.85,0-50,0-5,2000-4000,CMP027,863.77,1.8559,1603.08,2011-11-25,14,Regular
12441.0,367,1,155.55,350-400,0-5,0-2000,CMP003,367.99,-0.5773,-212.44,2010-12-07,367,Ocasional
12442.0,3,1,144.06,0-50,0-5,0-2000,CMP007,161.77,-0.1095,-17.71,2011-12-06,3,Regular
12444.0,21,5,4085.46,0-50,5-10,4000-6000,CMP030,753.44,4.4224,3332.02,2011-11-18,21,Regular
12445.0,22,1,77.4,0-50,0-5,0-2000,CMP034,1403.19,-0.9448,-1325.79,2011-11-17,22,Regular
12446.0,58,1,1002.31,50-100,0-5,0-2000,CMP035,1415.25,-0.2918,-412.94,2011-10-12,58,Regular
12447.0,243,1,431.49,200-250,0-5,0-2000,CMP001,258.61,0.6685,172.88,2011-04-10,243,Ocasional
12448.0,44,1,365.45,0-50,0-5,0-2000,CMP022,435.33,-0.1605,-69.88,2011-10-26,44,Regular
12449.0,22,4,3596.29,0-50,0-5,2000-4000,CMP030,753.44,3.7732,2842.85,2011-11-17,22,Regular
12450.0,156,2,197.88,150-200,0-5,0-2000,CMP006,191.74,0.032,6.14,2011-07-06,156,Ocasional
12451.0,11,5,8995.52,0-50,5-10,8000-10000,CMP012,440.78,19.4082,8554.74,2011-11-28,11,Engajado
12452.0,17,1,348.57,0-50,0-5,0-2000,CMP017,524.29,-0.3352,-175.72,2011-11-22,17,Regular
12453.0,134,1,707.09,100-150,0-5,0-2000,CMP043,1290.94,-0.4523,-583.85,2011-07-28,134,Regular
12454.0,56,1,3528.34,50-100,0-5,2000-4000,CMP027,863.77,3.0848,2664.57,2011-10-14,56,Regular
12455.0,73,5,2339.86,50-100,5-10,2000-4000,CMP033,766.84,2.0513,1573.02,2011-09-27,73,Regular
12456.0,44,3,2581.04,0-50,0-5,2000-4000,CMP039,1875.82,0.376,705.22,2011-10-26,44,Regular
12457.0,66,6,2043.23,50-100,5-10,2000-4000,CMP028,1090.24,0.8741,952.99,2011-10-04,66,Regular
12458.0,71,2,787.4,50-100,0-5,0-2000,CMP046,1856.27,-0.5758,-1068.87,2011-09-29,71,Regular
12461.0,155,1,626.88,150-200,0-5,0-2000,CMP045,1492.9,-0.5801,-866.02,2011-07-07,155,Ocasional
12462.0,19,2,937.59,0-50,0-5,0-2000,CMP014,474.66,0.9753,462.93,2011-11-20,19,Regular
12463.0,53,4,1200.78,50-100,0-5,0-2000,CMP022,435.33,1.7583,765.45,2011-10-17,53,Regular
12464.0,10,8,957.05,0-50,5-10,0-2000,CMP015,458.19,1.0888,498.86,2011-11-29,10,Regular
12465.0,17,2,682.19,0-50,0-5,0-2000,CMP015,458.19,0.4889,224.0,2011-11-22,17,Regular
12468.0,188,2,657.5400000000001,150-200,0-5,0-2000,CMP004,327.19,1.0097,330.35,2011-06-04,188,Ocasional
12471.0,2,27,17388.65,0-50,25-30,10000-12000,CMP036,1302.05,12.3548,16086.6,2011-12-07,2,Engajado
12472.0,32,7,6068.11,0-50,5-10,6000-8000,CMP033,766.84,6.9131,5301.27,2011-11-07,32,Engajado
12473.0,54,3,2585.73,50-100,0-5,2000-4000,CMP005,191.74,12.4856,2393.99,2011-10-16,54,Regular
12474.0,17,18,6694.09,0-50,15-20,6000-8000,CMP025,1048.37,5.3852,5645.72,2011-11-22,17,Engajado
12475.0,54,1,669.38,50-100,0-5,0-2000,CMP040,1656.14,-0.5958,-986.76,2011-10-16,54,Regular
12476.0,16,11,5898.42,0-50,10-15,4000-6000,CMP023,517.75,10.3924,5380.67,2011-11-23,16,Engajado
12477.0,23,6,13219.74,0-50,5-10,10000-12000,CMP014,474.66,26.851,12745.08,2011-11-16,23,Engajado
12478.0,4,1,545.99,0-50,0-5,0-2000,CMP021,690.41,-0.2092,-144.42,2011-12-05,4,Regular
12479.0,11,1,473.2,0-50,0-5,0-2000,CMP047,1540.55,-0.6928,-1067.35,2011-11-28,11,Regular
12480.0,28,4,2885.63,0-50,0-5,2000-4000,CMP024,557.84,4.1729,2327.79,2011-11-11,28,Regular
12481.0,23,10,5003.82,0-50,10-15,4000-6000,CMP038,1347.91,2.7123,3655.91,2011-11-16,23,Engajado
12483.0,17,8,1910.98,0-50,5-10,0-2000,CMP041,1369.84,0.395,541.14,2011-11-22,17,Regular
12484.0,35,4,3939.32,0-50,0-5,2000-4000,CMP023,517.75,6.6085,3421.57,2011-11-04,35,Regular
12488.0,10,3,1244.66,0-50,0-5,0-2000,CMP029,1146.55,0.0856,98.11,2011-11-29,10,Regular
12489.0,336,1,298.93,300-350,0-5,0-2000,CMP010,360.67,-0.1712,-61.74,2011-01-07,336,Ocasional
12490.0,5,10,4859.93,0-50,10-15,4000-6000,CMP037,1534.16,2.1678,3325.77,2011-12-04,5,Engajado
12491.0,39,1,424.4,0-50,0-5,0-2000,CMP026,1285.33,-0.6698,-860.93,2011-10-31,39,Regular
12492.0,63,2,227.21,50-100,0-5,0-2000,CMP015,458.19,-0.5041,-230.98,2011-10-07,63,Regular
12493.0,166,2,379.74,150-200,0-5,0-2000,CMP009,327.94,0.158,51.8,2011-06-26,166,Ocasional
12494.0,16,7,1084.1,0-50,5-10,0-2000,CMP033,766.84,0.4137,317.26,2011-11-23,16,Regular
12497.0,82,1,953.1,50-100,0-5,0-2000,CMP016,459.04,1.0763,494.06,2011-09-18,82,Regular
12498.0,21,3,349.70000000000005,0-50,0-5,0-2000,CMP012,440.78,-0.2066,-91.08,2011-11-18,21,Regular
12500.0,23,11,4059.82,0-50,10-15,4000-6000,CMP004,327.19,11.4081,3732.63,2011-11-16,23,Engajado
12501.0,337,1,2025.39,300-350,0-5,2000-4000,CMP035,1415.25,0.4311,610.14,2011-01-06,337,Ocasional
12502.0,96,5,2995.87,50-100,5-10,2000-4000,CMP038,1347.91,1.2226,1647.96,2011-09-04,96,Regular
12504.0,18,2,428.05,0-50,0-5,0-2000,CMP002,434.92,-0.0158,-6.87,2011-11-21,18,Regular
12506.0,233,1,73.5,200-250,0-5,0-2000,CMP014,474.66,-0.8452,-401.16,2011-04-20,233,Ocasional
12507.0,134,3,1052.81,100-150,0-5,0-2000,CMP013,809.51,0.3006,243.3,2011-07-28,134,Regular
12508.0,26,2,397.88,0-50,0-5,0-2000,CMP026,1285.33,-0.6904,-887.45,2011-11-13,26,Regular
12509.0,284,1,158.5,250-300,0-5,0-2000,CMP005,191.74,-0.1734,-33.24,2011-02-28,284,Ocasional
12510.0,143,2,814.5699999999999,100-150,0-5,0-2000,CMP028,1090.24,-0.2529,-275.67,2011-07-19,143,Regular
12512.0,66,2,132.18,50-100,0-5,0-2000,CMP011,150.3,-0.1206,-18.12,2011-10-04,66,Regular
12513.0,113,1,558.29,100-150,0-5,0-2000,CMP042,1705.66,-0.6727,-1147.37,2011-08-18,113,Regular
12514.0,267,1,1017.68,250-300,0-5,0-2000,CMP010,360.67,1.8216,657.01,2011-03-17,267,Ocasional
12515.0,353,1,278.7,350-400,0-5,0-2000,CMP010,360.67,-0.2273,-81.97,2010-12-21,353,Ocasional
12516.0,78,2,1186.06,50-100,0-5,0-2000,CMP009,327.94,2.6167,858.12,2011-09-22,78,Regular
12517.0,28,4,2301.6,0-50,0-5,2000-4000,CMP046,1856.27,0.2399,445.33,2011-11-11,28,Regular
12518.0,1,5,1840.89,0-50,5-10,0-2000,CMP045,1492.9,0.2331,347.99,2011-12-08,1,Regular
12519.0,64,1,276.84000000000003,50-100,0-5,0-2000,CMP007,161.77,0.7113,115.07,2011-10-06,64,Regular
12520.0,79,5,2346.26,50-100,5-10,2000-4000,CMP038,1347.91,0.7407,998.35,2011-09-21,79,Regular
12521.0,143,1,545.68,100-150,0-5,0-2000,CMP032,842.78,-0.3525,-297.1,2011-07-19,143,Ocasional
12522.0,39,2,156.72,0-50,0-5,0-2000,CMP015,458.19,-0.658,-301.47,2011-10-31,39,Regular
12523.0,19,11,1699.77,0-50,10-15,0-2000,CMP033,766.84,1.2166,932.93,2011-11-20,19,Regular
12524.0,9,8,3945.72,0-50,5-10,2000-4000,CMP024,557.84,6.0732,3387.88,2011-11-30,9,Regular
12526.0,1,3,1172.66,0-50,0-5,0-2000,CMP009,327.94,2.5758,844.72,2011-12-08,1,Regular
12527.0,82,3,330.71000000000004,50-100,0-5,0-2000,CMP039,1875.82,-0.8237,-1545.11,2011-09-18,82,Regular
12528.0,9,6,1645.48,0-50,5-10,0-2000,CMP045,1492.9,0.1022,152.58,2011-11-30,9,Regular
12530.0,60,4,1500.28,50-100,0-5,0-2000,CMP026,1285.33,0.1672,214.95,2011-10-10,60,Regular
12531.0,15,1,125.22,0-50,0-5,0-2000,CMP010,360.67,-0.6528,-235.45,2011-11-24,15,Regular
12532.0,30,1,313.83000000000004,0-50,0-5,0-2000,CMP017,524.29,-0.4014,-210.46,2011-11-09,30,Regular
12534.0,131,1,981.18,100-150,0-5,0-2000,CMP029,1146.55,-0.1442,-165.37,2011-07-31,131,Regular
12535.0,92,2,716.35,50-100,0-5,0-2000,CMP039,1875.82,-0.6181,-1159.47,2011-09-08,92,Regular
12536.0,59,1,4279.71,50-100,0-5,4000-6000,CMP045,1492.9,1.8667,2786.81,2011-10-11,59,Regular
12538.0,29,1,363.95,0-50,0-5,0-2000,CMP031,1157.44,-0.6856,-793.49,2011-11-10,29,Regular
12539.0,22,4,5568.35,0-50,0-5,4000-6000,CMP037,1534.16,2.6296,4034.19,2011-11-17,22,Regular
12540.0,20,17,11580.24,0-50,15-20,10000-12000,CMP009,327.94,34.3121,11252.3,2011-11-19,20,Engajado
12541.0,30,3,841.18,0-50,0-5,0-2000,CMP011,150.3,4.5967,690.88,2011-11-09,30,Regular
12544.0,36,1,316.7,0-50,0-5,0-2000,CMP039,1875.82,-0.8312,-1559.12,2011-11-03,36,Regular
12545.0,75,2,832.39,50-100,0-5,0-2000,CMP025,1048.37,-0.206,-215.98,2011-09-25,75,Regular
12546.0,47,2,1021.5,0-50,0-5,0-2000,CMP001,258.61,2.95,762.89,2011-10-23,47,Regular
12547.0,198,2,151.8,150-200,0-5,0-2000,CMP003,367.99,-0.5875,-216.19,2011-05-25,198,Ocasional
12548.0,166,1,67.19999999999999,150-200,0-5,0-2000,CMP022,435.33,-0.8456,-368.13,2011-06-26,166,Ocasional
12550.0,79,1,824.83,50-100,0-5,0-2000,CMP001,258.61,2.1895,566.22,2011-09-21,79,Regular
12551.0,358,1,168.0,350-400,0-5,0-2000,CMP005,191.74,-0.1238,-23.74,2010-12-16,358,Ocasional
12552.0,40,1,317.82,0-50,0-5,0-2000,CMP023,517.75,-0.3862,-199.93,2011-10-30,40,Regular
12553.0,8,10,3278.28,0-50,10-15,2000-4000,CMP039,1875.82,0.7477,1402.46,2011-12-01,8,Regular
12556.0,50,2,599.56,50-100,0-5,0-2000,CMP027,863.77,-0.3059,-264.21,2011-10-20,50,Regular
12557.0,16,5,11990.96,0-50,5-10,10000-12000,CMP022,435.33,26.5445,11555.63,2011-11-23,16,Engajado
12558.0,8,1,269.96,0-50,0-5,0-2000,CMP025,1048.37,-0.7425,-778.41,2011-12-01,8,Regular
12559.0,311,2,525.71,300-350,0-5,0-2000,CMP013,809.51,-0.3506,-283.8,2011-02-01,311,Ocasional
12560.0,5,2,1918.01,0-50,0-5,0-2000,CMP027,863.77,1.2205,1054.24,2011-12-04,5,Regular
12561.0,303,1,238.85,300-350,0-5,0-2000,CMP028,1090.24,-0.7809,-851.39,2011-02-09,303,Ocasional
12562.0,8,7,3385.74,0-50,5-10,2000-4000,CMP037,1534.16,1.2069,1851.58,2011-12-01,8,Regular
12564.0,261,1,402.9,250-300,0-5,0-2000,CMP034,1403.19,-0.7129,-1000.29,2011-03-23,261,Ocasional
12565.0,289,1,145.92000000000002,250-300,0-5,0-2000,CMP021,690.41,-0.7886,-544.49,2011-02-23,289,Ocasional
12566.0,86,1,297.65,50-100,0-5,0-2000,CMP016,459.04,-0.3516,-161.39,2011-09-14,86,Regular
12567.0,23,10,8609.28,0-50,10-15,8000-10000,CMP009,327.94,25.2526,8281.34,2011-11-16,23,Engajado
12569.0,2,32,3152.69,0-50,,2000-4000,CMP028,1090.24,1.8917,2062.45,2011-12-07,2,Engajado
12571.0,40,2,519.61,0-50,0-5,0-2000,CMP014,474.66,0.0947,44.95,2011-10-30,40,Regular
12572.0,9,2,912.42,0-50,0-5,0-2000,CMP014,474.66,0.9223,437.76,2011-11-30,9,Regular
12573.0,227,1,160.54000000000002,200-250,0-5,0-2000,CMP046,1856.27,-0.9135,-1695.73,2011-04-26,227,Ocasional
12574.0,316,1,182.45,300-350,0-5,0-2000,CMP011,150.3,0.2139,32.15,2011-01-27,316,Ocasional
12576.0,36,5,1315.83,0-50,5-10,0-2000,CMP038,1347.91,-0.0238,-32.08,2011-11-03,36,Regular
12577.0,35,3,622.65,0-50,0-5,0-2000,CMP026,1285.33,-0.5156,-662.68,2011-11-04,35,Regular
12578.0,21,2,2402.51,0-50,0-5,2000-4000,CMP042,1705.66,0.4086,696.85,2011-11-18,21,Regular
12579.0,78,1,386.42,50-100,0-5,0-2000,CMP022,435.33,-0.1124,-48.91,2011-09-22,78,Regular
12580.0,247,1,379.7,200-250,0-5,0-2000,CMP024,557.84,-0.3193,-178.14,2011-04-06,247,Ocasional
12581.0,40,1,179.71,0-50,0-5,0-2000,CMP014,474.66,-0.6214,-294.95,2011-10-30,40,Regular
12582.0,239,2,351.36,200-250,0-5,0-2000,CMP012,440.78,-0.2029,-89.42,2011-04-14,239,Ocasional
12583.0,3,15,6705.38,0-50,15-20,6000-8000,CMP040,1656.14,3.0488,5049.24,2011-12-06,3,Engajado
12584.0,4,9,2254.15,0-50,5-10,2000-4000,CMP025,1048.37,1.1501,1205.78,2011-12-05,4,Regular
12585.0,234,2,1824.1,200-250,0-5,0-2000,CMP003,367.99,3.9569,1456.11,2011-04-19,234,Ocasional
12586.0,17,1,196.94000000000003,0-50,0-5,0-2000,CMP020,517.27,-0.6193,-320.33,2011-11-22,17,Regular
12587.0,8,1,104.0,0-50,0-5,0-2000,CMP005,191.74,-0.4576,-87.74,2011-12-01,8,Regular
12588.0,39,1,174.89999999999998,0-50,0-5,0-2000,CMP044,2078.39,-0.9158,-1903.49,2011-10-31,39,Regular
12589.0,29,2,574.68,0-50,0-5,0-2000,CMP044,2078.39,-0.7235,-1503.71,2011-11-10,29,Regular
12590.0,211,1,9341.26,200-250,0-5,8000-10000,CMP046,1856.27,4.0323,7484.99,2011-05-12,211,Engajado
12591.0,317,1,368.85,300-350,0-5,0-2000,CMP018,643.37,-0.4267,-274.52,2011-01-26,317,Ocasional
12592.0,92,2,401.6,50-100,0-5,0-2000,CMP002,434.92,-0.0766,-33.32,2011-09-08,92,Regular
12593.0,109,3,382.1,100-150,0-5,0-2000,CMP042,1705.66,-0.776,-1323.56,2011-08-22,109,Regular
12594.0,38,9,3208.2200000000003,0-50,5-10,2000-4000,CMP030,753.44,3.2581,2454.78,2011-11-01,38,Regular
12596.0,51,2,450.27,50-100,0-5,0-2000,CMP045,1492.9,-0.6984,-1042.63,2011-10-19,51,Regular
12597.0,19,4,3195.22,0-50,0-5,2000-4000,CMP047,1540.55,1.0741,1654.67,2011-11-20,19,Regular
12598.0,10,7,2807.08,0-50,5-10,2000-4000,CMP044,2078.39,0.3506,728.69,2011-11-29,10,Regular
12599.0,29,7,888.58,0-50,5-10,0-2000,CMP015,458.19,0.9393,430.39,2011-11-10,29,Regular
12600.0,29,10,2311.04,0-50,10-15,2000-4000,CMP029,1146.55,1.0156,1164.49,2011-11-10,29,Regular
12601.0,190,5,487.06,150-200,5-10,0-2000,CMP034,1403.19,-0.6529,-916.13,2011-06-02,190,Ocasional
12602.0,59,1,153.12,50-100,0-5,0-2000,CMP009,327.94,-0.5331,-174.82,2011-10-11,59,Regular
12603.0,22,1,613.1999999999999,0-50,0-5,0-2000,CMP011,150.3,3.0798,462.9,2011-11-17,22,Regular
12604.0,79,2,236.18,50-100,0-5,0-2000,CMP015,458.19,-0.4845,-222.01,2011-09-21,79,Regular
12607.0,60,1,1579.51,50-100,0-5,0-2000,CMP042,1705.66,-0.074,-126.15,2011-10-10,60,Regular
12609.0,78,3,964.85,50-100,0-5,0-2000,CMP028,1090.24,-0.115,-125.39,2011-09-22,78,Regular
12610.0,23,4,1747.54,0-50,0-5,0-2000,CMP035,1415.25,0.2348,332.29,2011-11-16,23,Regular
12611.0,52,1,1193.32,50-100,0-5,0-2000,CMP009,327.94,2.6388,865.38,2011-10-18,52,Regular
12612.0,74,1,668.04,50-100,0-5,0-2000,CMP026,1285.33,-0.4803,-617.29,2011-09-26,74,Regular
12613.0,57,4,3092.38,50-100,0-5,2000-4000,CMP048,1728.05,0.7895,1364.33,2011-10-13,57,Regular
12614.0,278,1,315.6,250-300,0-5,0-2000,CMP010,360.67,-0.125,-45.07,2011-03-06,278,Ocasional
12615.0,2,4,2093.19,0-50,0-5,2000-4000,CMP033,766.84,1.7296,1326.35,2011-12-07,2,Regular
12616.0,95,2,641.3,50-100,0-5,0-2000,CMP037,1534.16,-0.582,-892.86,2011-09-05,95,Regular
12617.0,29,1,352.98,0-50,0-5,0-2000,CMP030,753.44,-0.5315,-400.46,2011-11-10,29,Regular
12618.0,22,1,137.31,0-50,0-5,0-2000,CMP024,557.84,-0.7539,-420.53,2011-11-17,22,Regular
12619.0,16,8,2945.56,0-50,5-10,2000-4000,CMP039,1875.82,0.5703,1069.74,2011-11-23,16,Regular
12620.0,15,3,1303.41,0-50,0-5,0-2000,CMP017,524.29,1.486,779.12,2011-11-24,15,Regular
12621.0,2,20,12411.67,0-50,20-25,10000-12000,CMP026,1285.33,8.6564,11126.34,2011-12-07,2,Engajado
12622.0,232,1,162.1,200-250,0-5,0-2000,CMP033,766.84,-0.7886,-604.74,2011-04-21,232,Ocasional
12623.0,276,1,269.1,250-300,0-5,0-2000,CMP033,766.84,-0.6491,-497.74,2011-03-08,276,Ocasional
12624.0,106,2,569.13,100-150,0-5,0-2000,CMP036,1302.05,-0.5629,-732.92,2011-08-25,106,Regular
12625.0,212,2,2413.82,200-250,0-5,2000-4000,CMP046,1856.27,0.3004,557.55,2011-05-11,212,Ocasional
12626.0,23,9,5954.4800000000005,0-50,5-10,4000-6000,CMP033,766.84,6.765,5187.64,2011-11-16,23,Engajado
12627.0,11,6,4082.53,0-50,5-10,4000-6000,CMP033,766.84,4.3238,3315.69,2011-11-28,11,Regular
12628.0,4,3,732.46,0-50,0-5,0-2000,CMP031,1157.44,-0.3672,-424.98,2011-12-05,4,Regular
12630.0,10,2,1030.88,0-50,0-5,0-2000,CMP027,863.77,0.1935,167.11,2011-11-29,10,Regular
12631.0,57,1,480.5,50-100,0-5,0-2000,CMP028,1090.24,-0.5593,-609.74,2011-10-13,57,Regular
12633.0,59,4,1929.98,50-100,0-5,0-2000,CMP042,1705.66,0.1315,224.32,2011-10-11,59,Regular
12635.0,90,2,1509.18,50-100,0-5,0-2000,CMP038,1347.91,0.1196,161.27,2011-09-10,90,Regular
12637.0,67,8,5804.9,50-100,5-10,4000-6000,CMP027,863.77,5.7204,4941.13,2011-10-03,67,Engajado
12638.0,33,1,511.69,0-50,0-5,0-2000,CMP018,643.37,-0.2047,-131.68,2011-11-06,33,Regular
12639.0,239,1,366.1,200-250,0-5,0-2000,CMP009,327.94,0.1164,38.16,2011-04-14,239,Ocasional
12640.0,24,3,994.58,0-50,0-5,0-2000,CMP024,557.84,0.7829,436.74,2011-11-15,24,Regular
12641.0,115,1,145.9,100-150,0-5,0-2000,CMP001,258.61,-0.4358,-112.71,2011-08-16,115,Regular
12642.0,25,3,905.26,0-50,0-5,0-2000,CMP021,690.41,0.3112,214.85,2011-11-14,25,Regular
12643.0,128,6,3041.64,100-150,5-10,2000-4000,CMP034,1403.19,1.1677,1638.45,2011-08-03,128,Regular
12644.0,130,1,477.91,100-150,0-5,0-2000,CMP015,458.19,0.043,19.72,2011-08-01,130,Regular
12645.0,34,4,1631.18,0-50,0-5,0-2000,CMP035,1415.25,0.1526,215.93,2011-11-05,34,Regular
12646.0,5,2,1346.97,0-50,0-5,0-2000,CMP003,367.99,2.6603,978.98,2011-12-04,5,Regular
12647.0,22,12,3146.82,0-50,10-15,2000-4000,CMP004,327.19,8.6177,2819.63,2011-11-17,22,Engajado
12648.0,155,1,300.05,150-200,0-5,0-2000,CMP034,1403.19,-0.7862,-1103.14,2011-07-07,155,Ocasional
12649.0,107,3,569.51,100-150,0-5,0-2000,CMP017,524.29,0.0862,45.22,2011-08-24,107,Regular
12650.0,3,1,242.44,0-50,0-5,0-2000,CMP004,327.19,-0.259,-84.75,2011-12-06,3,Regular
12651.0,335,1,114.0,300-350,0-5,0-2000,CMP014,474.66,-0.7598,-360.66,2011-01-08,335,Ocasional
12652.0,331,1,793.98,300-350,0-5,0-2000,CMP030,753.44,0.0538,40.54,2011-01-12,331,Ocasional
12653.0,149,2,2209.85,100-150,0-5,2000-4000,CMP021,690.41,2.2008,1519.44,2011-07-13,149,Regular
12654.0,11,5,529.98,0-50,5-10,0-2000,CMP026,1285.33,-0.5877,-755.35,2011-11-28,11,Regular
12656.0,17,5,3619.17,0-50,5-10,2000-4000,CMP009,327.94,10.0361,3291.23,2011-11-22,17,Regular
12657.0,11,4,1427.18,0-50,0-5,0-2000,CMP005,191.74,6.4433,1235.44,2011-11-28,11,Regular
12658.0,19,1,632.05,0-50,0-5,0-2000,CMP023,517.75,0.2208,114.3,2011-11-20,19,Regular
12659.0,30,1,73.67999999999999,0-50,0-5,0-2000,CMP015,458.19,-0.8392,-384.51,2011-11-09,30,Regular
12660.0,11,1,227.1,0-50,0-5,0-2000,CMP019,593.24,-0.6172,-366.14,2011-11-28,11,Regular
12662.0,1,11,3543.78,0-50,10-15,2000-4000,CMP040,1656.14,1.1398,1887.64,2011-12-08,1,Engajado
12664.0,8,9,4391.88,0-50,5-10,4000-6000,CMP048,1728.05,1.5415,2663.83,2011-12-01,8,Engajado
12665.0,325,1,45.0,300-350,0-5,0-2000,CMP014,474.66,-0.9052,-429.66,2011-01-18,325,Ocasional
12667.0,58,1,460.13,50-100,0-5,0-2000,CMP016,459.04,0.0024,1.09,2011-10-12,58,Regular
12668.0,12,4,3177.15,0-50,0-5,2000-4000,CMP042,1705.66,0.8627,1471.49,2011-11-27,12,Regular
12669.0,151,2,1427.73,150-200,0-5,0-2000,CMP014,474.66,2.0079,953.07,2011-07-11,151,Ocasional
12670.0,10,5,2744.05,0-50,5-10,2000-4000,CMP031,1157.44,1.3708,1586.61,2011-11-29,10,Regular
12672.0,330,1,225.9,300-350,0-5,0-2000,CMP003,367.99,-0.3861,-142.09,2011-01-13,330,Ocasional
12673.0,5,2,574.52,0-50,0-5,0-2000,CMP003,367.99,0.5612,206.53,2011-12-04,5,Regular
12674.0,39,4,1844.6,0-50,0-5,0-2000,CMP047,1540.55,0.1974,304.05,2011-10-31,39,Regular
12676.0,25,6,1091.39,0-50,5-10,0-2000,CMP033,766.84,0.4232,324.55,2011-11-14,25,Regular
12678.0,42,9,16331.46,0-50,5-10,10000-12000,CMP039,1875.82,7.7063,14455.64,2011-10-28,42,Engajado
12679.0,59,4,951.02,50-100,0-5,0-2000,CMP019,593.24,0.6031,357.78,2011-10-11,59,Regular
12680.0,1,4,790.81,0-50,0-5,0-2000,CMP011,150.3,4.2615,640.51,2011-12-08,1,Regular
12681.0,15,22,12365.54,0-50,20-25,10000-12000,CMP016,459.04,25.9378,11906.5,2011-11-24,15,Engajado
12682.0,4,31,11019.82,0-50,,10000-12000,CMP025,1048.37,9.5114,9971.45,2011-12-05,4,Engajado
12683.0,4,14,7612.57,0-50,10-15,6000-8000,CMP034,1403.19,4.4252,6209.38,2011-12-05,4,Engajado
12684.0,8,6,2073.63,0-50,5-10,2000-4000,CMP039,1875.82,0.1055,197.81,2011-12-01,8,Regular
12685.0,28,6,2575.08,0-50,5-10,2000-4000,CMP038,1347.91,0.9104,1227.17,2011-11-11,28,Regular
12686.0,372,1,71.14,350-400,0-5,0-2000,CMP008,409.05,-0.8261,-337.91,2010-12-02,372,Ocasional
12688.0,114,1,4873.81,100-150,0-5,4000-6000,CMP047,1540.55,2.1637,3333.26,2011-08-17,114,Regular
12689.0,26,2,1139.61,0-50,0-5,0-2000,CMP029,1146.55,-0.0061,-6.94,2011-11-13,26,Regular
12690.0,206,1,335.01,200-250,0-5,0-2000,CMP024,557.84,-0.3995,-222.83,2011-05-17,206,Ocasional
12691.0,28,5,927.8,0-50,5-10,0-2000,CMP025,1048.37,-0.115,-120.57,2011-11-11,28,Regular
12693.0,127,4,711.91,100-150,0-5,0-2000,CMP019,593.24,0.2,118.67,2011-08-04,127,Regular
12694.0,70,2,761.67,50-100,0-5,0-2000,CMP014,474.66,0.6047,287.01,2011-09-30,70,Regular
12695.0,7,4,582.1,0-50,0-5,0-2000,CMP017,524.29,0.1103,57.81,2011-12-02,7,Regular
12697.0,29,3,757.59,0-50,0-5,0-2000,CMP030,753.44,0.0055,4.15,2011-11-10,29,Regular
12700.0,8,4,4525.99,0-50,0-5,4000-6000,CMP002,434.92,9.4065,4091.07,2011-12-01,8,Regular
12701.0,80,2,725.71,50-100,0-5,0-2000,CMP010,360.67,1.0121,365.04,2011-09-20,80,Regular
12702.0,20,1,201.0,0-50,0-5,0-2000,CMP002,434.92,-0.5378,-233.92,2011-11-19,20,Regular
12703.0,71,1,265.55,50-100,0-5,0-2000,CMP002,434.92,-0.3894,-169.37,2011-09-29,71,Regular
12704.0,7,8,1740.84,0-50,5-10,0-2000,CMP044,2078.39,-0.1624,-337.55,2011-12-02,7,Regular
12705.0,15,8,6382.29,0-50,5-10,6000-8000,CMP039,1875.82,2.4024,4506.47,2011-11-24,15,Engajado
12707.0,292,1,603.42,250-300,0-5,0-2000,CMP021,690.41,-0.126,-86.99,2011-02-20,292,Ocasional
12708.0,30,10,2442.91,0-50,10-15,2000-4000,CMP010,360.67,5.7733,2082.24,2011-11-09,30,Regular
12709.0,15,15,9400.52,0-50,15-20,8000-10000,CMP032,842.78,10.1542,8557.74,2011-11-24,15,Engajado
12710.0,97,3,1023.02,50-100,0-5,0-2000,CMP021,690.41,0.4818,332.61,2011-09-03,97,Regular
12712.0,29,13,3928.13,0-50,10-15,2000-4000,CMP017,524.29,6.4923,3403.84,2011-11-10,29,Engajado
12713.0,1,1,794.55,0-50,0-5,0-2000,CMP020,517.27,0.536,277.28,2011-12-08,1,Regular
12714.0,9,5,4294.86,0-50,5-10,4000-6000,CMP029,1146.55,2.7459,3148.31,2011-11-30,9,Regular
12715.0,106,1,263.36,100-150,0-5,0-2000,CMP018,643.37,-0.5907,-380.01,2011-08-25,106,Regular
12716.0,4,2,963.49,0-50,0-5,0-2000,CMP026,1285.33,-0.2504,-321.84,2011-12-05,4,Regular
12717.0,151,2,830.98,150-200,0-5,0-2000,CMP005,191.74,3.3339,639.24,2011-07-11,151,Ocasional
12718.0,71,1,202.25,50-100,0-5,0-2000,CMP010,360.67,-0.4392,-158.42,2011-09-29,71,Regular
12719.0,5,2,572.95,0-50,0-5,0-2000,CMP026,1285.33,-0.5542,-712.38,2011-12-04,5,Regular
12720.0,3,25,5115.73,0-50,25-30,4000-6000,CMP033,766.84,5.6712,4348.89,2011-12-06,3,Engajado
12721.0,32,6,2386.13,0-50,5-10,2000-4000,CMP044,2078.39,0.1481,307.74,2011-11-07,32,Regular
12722.0,85,4,979.63,50-100,0-5,0-2000,CMP027,863.77,0.1341,115.86,2011-09-15,85,Regular
12723.0,4,5,707.07,0-50,5-10,0-2000,CMP011,150.3,3.7044,556.77,2011-12-05,4,Regular
12724.0,5,4,923.41,0-50,0-5,0-2000,CMP007,161.77,4.7082,761.64,2011-12-04,5,Regular
12725.0,371,1,371.8,350-400,0-5,0-2000,CMP026,1285.33,-0.7107,-913.53,2010-12-03,371,Ocasional
12726.0,28,7,2411.1,0-50,5-10,2000-4000,CMP003,367.99,5.5521,2043.11,2011-11-11,28,Regular
12727.0,11,7,3440.7000000000003,0-50,5-10,2000-4000,CMP035,1415.25,1.4312,2025.45,2011-11-28,11,Regular
12728.0,71,4,728.33,50-100,0-5,0-2000,CMP043,1290.94,-0.4358,-562.61,2011-09-29,71,Regular
12729.0,114,1,417.01,100-150,0-5,0-2000,CMP024,557.84,-0.2525,-140.83,2011-08-17,114,Regular
12731.0,24,12,18751.91,0-50,10-15,10000-12000,CMP029,1146.55,15.3551,17605.36,2011-11-15,24,Engajado
12732.0,180,1,218.26,150-200,0-5,0-2000,CMP020,517.27,-0.5781,-299.01,2011-06-12,180,Ocasional
12733.0,234,1,383.95,200-250,0-5,0-2000,CMP020,517.27,-0.2577,-133.32,2011-04-19,234,Ocasional
12734.0,353,1,110.4,350-400,0-5,0-2000,CMP015,458.19,-0.7591,-347.79,2010-12-21,353,Ocasional
12735.0,315,2,689.5699999999999,300-350,0-5,0-2000,CMP043,1290.94,-0.4658,-601.37,2011-01-28,315,Ocasional
12736.0,333,1,144.0,300-350,0-5,0-2000,CMP011,150.3,-0.0419,-6.3,2011-01-10,333,Ocasional
12738.0,372,1,137.35,350-400,0-5,0-2000,CMP045,1492.9,-0.908,-1355.55,2010-12-02,372,Ocasional
12739.0,99,1,975.54,50-100,0-5,0-2000,CMP039,1875.82,-0.4799,-900.28,2011-09-01,99,Regular
12740.0,64,1,427.6,50-100,0-5,0-2000,CMP012,440.78,-0.0299,-13.18,2011-10-06,64,Regular
12743.0,134,2,540.13,100-150,0-5,0-2000,CMP007,161.77,2.3389,378.36,2011-07-28,134,Regular
12744.0,56,4,9120.39,50-100,0-5,8000-10000,CMP010,360.67,24.2874,8759.72,2011-10-14,56,Engajado
12747.0,2,11,4196.01,0-50,10-15,4000-6000,CMP002,434.92,8.6478,3761.09,2011-12-07,2,Engajado
12749.0,4,5,4040.88,0-50,5-10,4000-6000,CMP010,360.67,10.2038,3680.21,2011-12-05,4,Regular
12750.0,129,1,275.88,100-150,0-5,0-2000,CMP023,517.75,-0.4672,-241.87,2011-08-02,129,Regular
12752.0,81,1,4366.78,50-100,0-5,4000-6000,CMP007,161.77,25.9938,4205.01,2011-09-19,81,Regular
12753.0,23,6,21429.39,0-50,5-10,10000-12000,CMP027,863.77,23.8091,20565.62,2011-11-16,23,Engajado
12754.0,236,3,3010.74,200-250,0-5,2000-4000,CMP044,2078.39,0.4486,932.35,2011-04-17,236,Ocasional
12755.0,281,2,3811.95,250-300,0-5,2000-4000,CMP003,367.99,9.3588,3443.96,2011-03-03,281,Ocasional
12756.0,87,1,112.08,50-100,0-5,0-2000,CMP034,1403.19,-0.9201,-1291.11,2011-09-13,87,Regular
12757.0,16,9,4176.75,0-50,5-10,4000-6000,CMP026,1285.33,2.2496,2891.42,2011-11-23,16,Regular
12758.0,117,2,2791.59,100-150,0-5,2000-4000,CMP012,440.78,5.3333,2350.81,2011-08-14,117,Regular
12759.0,52,3,1411.44,50-100,0-5,0-2000,CMP028,1090.24,0.2946,321.2,2011-10-18,52,Regular
12762.0,8,2,1702.52,0-50,0-5,0-2000,CMP037,1534.16,0.1097,168.36,2011-12-01,8,Regular
12763.0,138,2,494.08,100-150,0-5,0-2000,CMP037,1534.16,-0.6779,-1040.08,2011-07-24,138,Regular
12764.0,317,1,1693.88,300-350,0-5,0-2000,CMP040,1656.14,0.0228,37.74,2011-01-26,317,Ocasional
12766.0,4,7,6457.63,0-50,5-10,6000-8000,CMP042,1705.66,2.786,4751.97,2011-12-05,4,Engajado
12769.0,239,1,1143.6,200-250,0-5,0-2000,CMP015,458.19,1.4959,685.41,2011-04-14,239,Ocasional
12770.0,211,1,1351.45,200-250,0-5,0-2000,CMP012,440.78,2.066,910.67,2011-05-12,211,Ocasional
12772.0,60,1,752.47,50-100,0-5,0-2000,CMP030,753.44,-0.0013,-0.97,2011-10-10,60,Regular
12775.0,17,5,1281.04,0-50,5-10,0-2000,CMP032,842.78,0.52,438.26,2011-11-22,17,Regular
12778.0,20,6,693.23,0-50,5-10,0-2000,CMP048,1728.05,-0.5988,-1034.82,2011-11-19,20,Regular
12779.0,38,8,3981.36,0-50,5-10,2000-4000,CMP030,753.44,4.2842,3227.92,2011-11-01,38,Regular
12781.0,64,2,786.74,50-100,0-5,0-2000,CMP018,643.37,0.2228,143.37,2011-10-06,64,Regular
12782.0,5,5,1938.92,0-50,5-10,0-2000,CMP041,1369.84,0.4154,569.08,2011-12-04,5,Regular
12783.0,2,4,1295.87,0-50,0-5,0-2000,CMP017,524.29,1.4717,771.58,2011-12-07,2,Regular
12784.0,15,1,476.82,0-50,0-5,0-2000,CMP042,1705.66,-0.7204,-1228.84,2011-11-24,15,Regular
12785.0,364,1,255.95,350-400,0-5,0-2000,CMP037,1534.16,-0.8332,-1278.21,2010-12-10,364,Ocasional
12787.0,10,3,418.66,0-50,0-5,0-2000,CMP020,517.27,-0.1906,-98.61,2011-11-29,10,Regular
12789.0,65,1,76.85,50-100,0-5,0-2000,CMP029,1146.55,-0.933,-1069.7,2011-10-05,65,Regular
12790.0,192,1,294.92,150-200,0-5,0-2000,CMP029,1146.55,-0.7428,-851.63,2011-05-31,192,Ocasional
12791.0,374,1,177.60000000000002,350-400,0-5,0-2000,CMP003,367.99,-0.5174,-190.39,2010-11-30,374,Ocasional
12792.0,257,1,344.54,250-300,0-5,0-2000,CMP039,1875.82,-0.8163,-1531.28,2011-03-27,257,Ocasional
12793.0,335,2,461.48,300-350,0-5,0-2000,CMP022,435.33,0.0601,26.15,2011-01-08,335,Ocasional
12794.0,53,2,860.41,50-100,0-5,0-2000,CMP032,842.78,0.0209,17.63,2011-10-17,53,Regular
12795.0,19,1,318.48,0-50,0-5,0-2000,CMP016,459.04,-0.3062,-140.56,2011-11-20,19,Regular
12797.0,366,1,226.03,350-400,0-5,0-2000,CMP040,1656.14,-0.8635,-1430.11,2010-12-08,366,Ocasional
12798.0,10,3,6977.04,0-50,0-5,6000-8000,CMP029,1146.55,5.0852,5830.49,2011-11-29,10,Regular
12802.0,187,1,397.58,150-200,0-5,0-2000,CMP002,434.92,-0.0859,-37.34,2011-06-05,187,Ocasional
12808.0,37,3,455.65,0-50,0-5,0-2000,CMP039,1875.82,-0.7571,-1420.17,2011-11-02,37,Regular
12809.0,178,1,405.31,150-200,0-5,0-2000,CMP009,327.94,0.2359,77.37,2011-06-14,178,Ocasional
12811.0,262,2,458.85,250-300,0-5,0-2000,CMP016,459.04,-0.0004,-0.19,2011-03-22,262,Ocasional
12812.0,45,1,229.64,0-50,0-5,0-2000,CMP045,1492.9,-0.8462,-1263.26,2011-10-25,45,Regular
12814.0,102,1,85.92,100-150,0-5,0-2000,CMP045,1492.9,-0.9424,-1406.98,2011-08-29,102,Regular
12815.0,148,2,863.46,100-150,0-5,0-2000,CMP024,557.84,0.5479,305.62,2011-07-14,148,Ocasional
12816.0,96,2,452.2,50-100,0-5,0-2000,CMP026,1285.33,-0.6482,-833.13,2011-09-04,96,Regular
12817.0,281,1,126.04,250-300,0-5,0-2000,CMP012,440.78,-0.7141,-314.74,2011-03-03,281,Ocasional
12818.0,262,1,1182.0800000000002,250-300,0-5,0-2000,CMP015,458.19,1.5799,723.89,2011-03-22,262,Ocasional
12820.0,3,4,942.34,0-50,0-5,0-2000,CMP016,459.04,1.0528,483.3,2011-12-06,3,Regular
12821.0,214,1,92.72,200-250,0-5,0-2000,CMP022,435.33,-0.787,-342.61,2011-05-09,214,Ocasional
12822.0,71,2,948.88,50-100,0-5,0-2000,CMP030,753.44,0.2594,195.44,2011-09-29,71,Regular
12823.0,75,5,1759.5,50-100,5-10,0-2000,CMP042,1705.66,0.0316,53.84,2011-09-25,75,Regular
12824.0,60,1,397.12,50-100,0-5,0-2000,CMP031,1157.44,-0.6569,-760.32,2011-10-10,60,Regular
12826.0,3,7,1474.72,0-50,5-10,0-2000,CMP009,327.94,3.4969,1146.78,2011-12-06,3,Regular
12827.0,6,3,430.15,0-50,0-5,0-2000,CMP022,435.33,-0.0119,-5.18,2011-12-03,6,Regular
12828.0,3,6,1018.71,0-50,5-10,0-2000,CMP006,191.74,4.313,826.97,2011-12-06,3,Regular
12829.0,337,2,293.0,300-350,0-5,0-2000,CMP015,458.19,-0.3605,-165.19,2011-01-06,337,Ocasional
12830.0,38,6,6814.64,0-50,5-10,6000-8000,CMP031,1157.44,4.8877,5657.2,2011-11-01,38,Engajado
12831.0,262,1,215.05,250-300,0-5,0-2000,CMP040,1656.14,-0.8701,-1441.09,2011-03-22,262,Ocasional
12832.0,32,2,383.03,0-50,0-5,0-2000,CMP017,524.29,-0.2694,-141.26,2011-11-07,32,Regular
12833.0,145,1,417.38,100-150,0-5,0-2000,CMP010,360.67,0.1572,56.71,2011-07-17,145,Ocasional
12834.0,283,1,312.38,250-300,0-5,0-2000,CMP010,360.67,-0.1339,-48.29,2011-03-01,283,Ocasional
12836.0,59,4,2610.36,50-100,0-5,2000-4000,CMP041,1369.84,0.9056,1240.52,2011-10-11,59,Regular
12837.0,173,1,134.1,150-200,0-5,0-2000,CMP018,643.37,-0.7916,-509.27,2011-06-19,173,Ocasional
12838.0,34,2,671.95,0-50,0-5,0-2000,CMP009,327.94,1.049,344.01,2011-11-05,34,Regular
12839.0,3,14,5591.42,0-50,10-15,4000-6000,CMP009,327.94,16.0501,5263.48,2011-12-06,3,Engajado
12840.0,144,4,2726.77,100-150,0-5,2000-4000,CMP039,1875.82,0.4536,850.95,2011-07-18,144,Regular
12841.0,5,25,3991.58,0-50,25-30,2000-4000,CMP007,161.77,23.6744,3829.81,2011-12-04,5,Engajado
12842.0,70,2,1118.99,50-100,0-5,0-2000,CMP032,842.78,0.3277,276.21,2011-09-30,70,Regular
12843.0,66,8,1702.26,50-100,5-10,0-2000,CMP039,1875.82,-0.0925,-173.56,2011-10-04,66,Regular
12844.0,29,2,325.96000000000004,0-50,0-5,0-2000,CMP008,409.05,-0.2031,-83.09,2011-11-10,29,Regular
12845.0,267,4,354.09000000000003,250-300,0-5,0-2000,CMP009,327.94,0.0797,26.15,2011-03-17,267,Ocasional
12847.0,22,1,843.64,0-50,0-5,0-2000,CMP047,1540.55,-0.4524,-696.91,2011-11-17,22,Regular
12849.0,31,2,992.65,0-50,0-5,0-2000,CMP018,643.37,0.5429,349.28,2011-11-08,31,Regular
12851.0,97,1,131.81,50-100,0-5,0-2000,CMP010,360.67,-0.6345,-228.86,2011-09-03,97,Regular
12852.0,295,1,311.55,250-300,0-5,0-2000,CMP032,842.78,-0.6303,-531.23,2011-02-17,295,Ocasional
12853.0,135,6,1957.1,100-150,5-10,0-2000,CMP047,1540.55,0.2704,416.55,2011-07-27,135,Regular
12854.0,79,3,1316.25,50-100,0-5,0-2000,CMP047,1540.55,-0.1456,-224.3,2011-09-21,79,Regular
12855.0,373,1,38.1,350-400,0-5,0-2000,CMP029,1146.55,-0.9668,-1108.45,2010-12-01,373,Ocasional
12856.0,8,6,2170.78,0-50,5-10,2000-4000,CMP029,1146.55,0.8933,1024.23,2011-12-01,8,Regular
12857.0,211,2,1106.4,200-250,0-5,0-2000,CMP009,327.94,2.3738,778.46,2011-05-12,211,Ocasional
12863.0,52,1,521.2,50-100,0-5,0-2000,CMP031,1157.44,-0.5497,-636.24,2011-10-18,52,Regular
12864.0,138,1,147.12,100-150,0-5,0-2000,CMP015,458.19,-0.6789,-311.07,2011-07-24,138,Ocasional
12865.0,26,2,1568.23,0-50,0-5,0-2000,CMP019,593.24,1.6435,974.99,2011-11-13,26,Regular
12866.0,283,1,499.12,250-300,0-5,0-2000,CMP040,1656.14,-0.6986,-1157.02,2011-03-01,283,Ocasional
12867.0,26,7,4009.34,0-50,5-10,4000-6000,CMP011,150.3,25.6756,3859.04,2011-11-13,26,Regular
12868.0,186,6,1607.0600000000002,150-200,5-10,0-2000,CMP032,842.78,0.9069,764.28,2011-06-06,186,Ocasional
12871.0,84,2,380.64,50-100,0-5,0-2000,CMP002,434.92,-0.1248,-54.28,2011-09-16,84,Regular
12872.0,327,2,599.97,300-350,0-5,0-2000,CMP021,690.41,-0.131,-90.44,2011-01-16,327,Ocasional
12873.0,282,1,374.0,250-300,0-5,0-2000,CMP006,191.74,0.9506,182.26,2011-03-02,282,Ocasional
12875.0,143,2,343.2300000000001,100-150,0-5,0-2000,CMP010,360.67,-0.0484,-17.44,2011-07-19,143,Ocasional
12876.0,58,2,2053.02,50-100,0-5,2000-4000,CMP012,440.78,3.6577,1612.24,2011-10-12,58,Regular
12877.0,4,12,1535.77,0-50,10-15,0-2000,CMP027,863.77,0.778,672.0,2011-12-05,4,Regular
12878.0,236,2,854.99,200-250,0-5,0-2000,CMP030,753.44,0.1348,101.55,2011-04-17,236,Ocasional
12879.0,45,3,573.22,0-50,0-5,0-2000,CMP025,1048.37,-0.4532,-475.15,2011-10-25,45,Regular
12881.0,276,1,298.0,250-300,0-5,0-2000,CMP045,1492.9,-0.8004,-1194.9,2011-03-08,276,Ocasional
12882.0,9,2,1463.04,0-50,0-5,0-2000,CMP018,643.37,1.274,819.67,2011-11-30,9,Regular
12883.0,25,4,703.47,0-50,0-5,0-2000,CMP015,458.19,0.5353,245.28,2011-11-14,25,Regular
12884.0,88,1,309.05,50-100,0-5,0-2000,CMP036,1302.05,-0.7626,-993.0,2011-09-12,88,Regular
12885.0,63,3,1175.22,50-100,0-5,0-2000,CMP013,809.51,0.4518,365.71,2011-10-07,63,Regular
12886.0,68,2,1378.4,50-100,0-5,0-2000,CMP045,1492.9,-0.0767,-114.5,2011-10-02,68,Regular
12888.0,214,2,354.12,200-250,0-5,0-2000,CMP002,434.92,-0.1858,-80.8,2011-05-09,214,Ocasional
12890.0,24,1,376.72,0-50,0-5,0-2000,CMP046,1856.27,-0.7971,-1479.55,2011-11-15,24,Regular
12891.0,186,3,331.0,150-200,0-5,0-2000,CMP005,191.74,0.7263,139.26,2011-06-06,186,Ocasional
12893.0,31,1,176.55,0-50,0-5,0-2000,CMP040,1656.14,-0.8934,-1479.59,2011-11-08,31,Regular
12895.0,42,2,372.8,0-50,0-5,0-2000,CMP023,517.75,-0.28,-144.95,2011-10-28,42,Regular
12897.0,205,2,216.5,200-250,0-5,0-2000,CMP048,1728.05,-0.8747,-1511.55,2011-05-18,205,Ocasional
12901.0,9,28,17654.54,0-50,25-30,10000-12000,CMP008,409.05,42.1599,17245.49,2011-11-30,9,Engajado
12902.0,265,1,138.68,250-300,0-5,0-2000,CMP015,458.19,-0.6973,-319.51,2011-03-19,265,Ocasional
12904.0,18,2,496.06,0-50,0-5,0-2000,CMP046,1856.27,-0.7328,-1360.21,2011-11-21,18,Regular
12906.0,12,5,2919.81,0-50,5-10,2000-4000,CMP033,766.84,2.8076,2152.97,2011-11-27,12,Regular
12908.0,176,2,750.0,150-200,0-5,0-2000,CMP026,1285.33,-0.4165,-535.33,2011-06-16,176,Ocasional
12909.0,40,5,2178.67,0-50,5-10,2000-4000,CMP039,1875.82,0.1614,302.85,2011-10-30,40,Regular
12910.0,23,8,3075.04,0-50,5-10,2000-4000,CMP031,1157.44,1.6568,1917.6,2011-11-16,23,Regular
12912.0,3,5,1662.3,0-50,5-10,0-2000,CMP037,1534.16,0.0835,128.14,2011-12-06,3,Regular
12913.0,5,5,2483.63,0-50,5-10,2000-4000,CMP035,1415.25,0.7549,1068.38,2011-12-04,5,Regular
12915.0,149,2,363.65,100-150,0-5,0-2000,CMP039,1875.82,-0.8061,-1512.17,2011-07-13,149,Ocasional
12916.0,139,4,2944.95,100-150,0-5,2000-4000,CMP005,191.74,14.3591,2753.21,2011-07-23,139,Regular
12917.0,128,1,594.0,100-150,0-5,0-2000,CMP015,458.19,0.2964,135.81,2011-08-03,128,Regular
12919.0,8,6,1335.19,0-50,5-10,0-2000,CMP044,2078.39,-0.3576,-743.2,2011-12-01,8,Regular
12920.0,17,1,162.78,0-50,0-5,0-2000,CMP040,1656.14,-0.9017,-1493.36,2011-11-22,17,Regular
12921.0,9,37,16587.09,0-50,,10000-12000,CMP031,1157.44,13.3308,15429.65,2011-11-30,9,Engajado
12922.0,161,1,405.38,150-200,0-5,0-2000,CMP026,1285.33,-0.6846,-879.95,2011-07-01,161,Ocasional
12923.0,64,1,171.57,50-100,0-5,0-2000,CMP008,409.05,-0.5806,-237.48,2011-10-06,64,Regular
12924.0,88,4,925.75,50-100,0-5,0-2000,CMP012,440.78,1.1003,484.97,2011-09-12,88,Regular
12925.0,5,2,694.05,0-50,0-5,0-2000,CMP021,690.41,0.0053,3.64,2011-12-04,5,Regular
12928.0,35,5,2062.7,0-50,5-10,2000-4000,CMP028,1090.24,0.892,972.46,2011-11-04,35,Regular
12929.0,312,1,117.85,300-350,0-5,0-2000,CMP016,459.04,-0.7433,-341.19,2011-01-31,312,Ocasional
12930.0,78,2,415.8,50-100,0-5,0-2000,CMP008,409.05,0.0165,6.75,2011-09-22,78,Regular
12933.0,24,3,607.53,0-50,0-5,0-2000,CMP046,1856.27,-0.6727,-1248.74,2011-11-15,24,Regular
12935.0,2,7,2160.7,0-50,5-10,2000-4000,CMP048,1728.05,0.2504,432.65,2011-12-07,2,Regular
12936.0,17,4,1063.9,0-50,0-5,0-2000,CMP028,1090.24,-0.0242,-26.34,2011-11-22,17,Regular
12937.0,15,4,1504.27,0-50,0-5,0-2000,CMP023,517.75,1.9054,986.52,2011-11-24,15,Regular
12938.0,26,1,114.14,0-50,0-5,0-2000,CMP009,327.94,-0.6519,-213.8,2011-11-13,26,Regular
12939.0,64,8,11581.8,50-100,5-10,10000-12000,CMP043,1290.94,7.9716,10290.86,2011-10-06,64,Engajado
12940.0,55,2,899.69,50-100,0-5,0-2000,CMP028,1090.24,-0.1748,-190.55,2011-10-15,55,Regular
12942.0,131,3,675.6,100-150,0-5,0-2000,CMP011,150.3,3.495,525.3,2011-07-31,131,Regular
12944.0,36,2,604.51,0-50,0-5,0-2000,CMP040,1656.14,-0.635,-1051.63,2011-11-03,36,Regular
12945.0,288,1,462.95,250-300,0-5,0-2000,CMP032,842.78,-0.4507,-379.83,2011-02-24,288,Ocasional
12947.0,144,6,1603.99,100-150,5-10,0-2000,CMP047,1540.55,0.0412,63.44,2011-07-18,144,Regular
12948.0,16,7,2064.95,0-50,5-10,2000-4000,CMP040,1656.14,0.2468,408.81,2011-11-23,16,Regular
12949.0,31,8,4167.22,0-50,5-10,4000-6000,CMP036,1302.05,2.2005,2865.17,2011-11-08,31,Regular
12950.0,2,3,1843.0,0-50,0-5,0-2000,CMP030,753.44,1.4461,1089.56,2011-12-07,2,Regular
12951.0,9,6,1064.07,0-50,5-10,0-2000,CMP042,1705.66,-0.3762,-641.59,2011-11-30,9,Regular
12952.0,6,4,1387.79,0-50,0-5,0-2000,CMP036,1302.05,0.0659,85.74,2011-12-03,6,Regular
12953.0,10,1,329.85,0-50,0-5,0-2000,CMP005,191.74,0.7203,138.11,2011-11-29,10,Regular
12955.0,1,11,4757.16,0-50,10-15,4000-6000,CMP003,367.99,11.9274,4389.17,2011-12-08,1,Engajado
12956.0,306,1,108.07,300-350,0-5,0-2000,CMP011,150.3,-0.281,-42.23,2011-02-06,306,Ocasional
12957.0,10,8,4017.54,0-50,5-10,4000-6000,CMP042,1705.66,1.3554,2311.88,2011-11-29,10,Regular
12962.0,7,2,266.39,0-50,0-5,0-2000,CMP047,1540.55,-0.8271,-1274.16,2011-12-02,7,Regular
12963.0,8,8,1856.63,0-50,5-10,0-2000,CMP015,458.19,3.0521,1398.44,2011-12-01,8,Regular
12965.0,89,1,769.8100000000001,50-100,0-5,0-2000,CMP025,1048.37,-0.2657,-278.56,2011-09-11,89,Regular
12966.0,10,1,160.18,0-50,0-5,0-2000,CMP011,150.3,0.0657,9.88,2011-11-29,10,Regular
12967.0,358,2,1660.9,350-400,0-5,0-2000,CMP048,1728.05,-0.0389,-67.15,2010-12-16,358,Ocasional
12968.0,112,1,135.95,100-150,0-5,0-2000,CMP036,1302.05,-0.8956,-1166.1,2011-08-19,112,Regular
12970.0,7,4,405.47,0-50,0-5,0-2000,CMP033,766.84,-0.4712,-361.37,2011-12-02,7,Regular
12974.0,198,1,144.8,150-200,0-5,0-2000,CMP013,809.51,-0.8211,-664.71,2011-05-25,198,Ocasional
12976.0,212,1,738.6,200-250,0-5,0-2000,CMP019,593.24,0.245,145.36,2011-05-11,212,Ocasional
12977.0,156,1,39.24,150-200,0-5,0-2000,CMP008,409.05,-0.9041,-369.81,2011-07-06,156,Ocasional
12980.0,158,9,7374.900000000001,150-200,5-10,6000-8000,CMP006,191.74,37.463,7183.16,2011-07-04,158,Engajado
12981.0,30,2,372.22,0-50,0-5,0-2000,CMP036,1302.05,-0.7141,-929.83,2011-11-09,30,Regular
12982.0,243,1,390.54,200-250,0-5,0-2000,CMP032,842.78,-0.5366,-452.24,2011-04-10,243,Ocasional
12984.0,19,1,97.5,0-50,0-5,0-2000,CMP048,1728.05,-0.9436,-1630.55,2011-11-20,19,Regular
12985.0,1,2,1239.38,0-50,0-5,0-2000,CMP048,1728.05,-0.2828,-488.67,2011-12-08,1,Regular
12987.0,74,2,558.7,50-100,0-5,0-2000,CMP024,557.84,0.0015,0.86,2011-09-26,74,Regular
12988.0,292,1,505.82,250-300,0-5,0-2000,CMP030,753.44,-0.3287,-247.62,2011-02-20,292,Ocasional
12989.0,3,15,6924.11,0-50,15-20,6000-8000,CMP047,1540.55,3.4946,5383.56,2011-12-06,3,Engajado
12990.0,31,3,409.5,0-50,0-5,0-2000,CMP034,1403.19,-0.7082,-993.69,2011-11-08,31,Regular
12991.0,23,2,503.76,0-50,0-5,0-2000,CMP014,474.66,0.0613,29.1,2011-11-16,23,Regular
12993.0,23,4,414.76,0-50,0-5,0-2000,CMP020,517.27,-0.1982,-102.51,2011-11-16,23,Regular
12994.0,4,3,974.42,0-50,0-5,0-2000,CMP010,360.67,1.7017,613.75,2011-12-05,4,Regular
12995.0,85,1,211.32,50-100,0-5,0-2000,CMP045,1492.9,-0.8584,-1281.58,2011-09-15,85,Regular
12997.0,22,4,1226.89,0-50,0-5,0-2000,CMP025,1048.37,0.1703,178.52,2011-11-17,22,Regular
12999.0,196,3,455.88,150-200,0-5,0-2000,CMP013,809.51,-0.4368,-353.63,2011-05-27,196,Ocasional
13000.0,107,3,534.85,100-150,0-5,0-2000,CMP027,863.77,-0.3808,-328.92,2011-08-24,107,Regular
13001.0,4,13,9785.97,0-50,10-15,8000-10000,CMP036,1302.05,6.5158,8483.92,2011-12-05,4,Engajado
13002.0,318,1,120.95,300-350,0-5,0-2000,CMP010,360.67,-0.6647,-239.72,2011-01-25,318,Ocasional
13003.0,106,3,149.05,100-150,0-5,0-2000,CMP004,327.19,-0.5445,-178.14,2011-08-25,106,Regular
13004.0,12,18,5655.91,0-50,15-20,4000-6000,CMP038,1347.91,3.1961,4308.0,2011-11-27,12,Engajado
13005.0,174,2,513.7,150-200,0-5,0-2000,CMP022,435.33,0.18,78.37,2011-06-18,174,Ocasional
13006.0,56,1,81.57,50-100,0-5,0-2000,CMP030,753.44,-0.8917,-671.87,2011-10-14,56,Regular
13008.0,323,1,229.47,300-350,0-5,0-2000,CMP014,474.66,-0.5166,-245.19,2011-01-20,323,Ocasional
13011.0,372,1,50.55,350-400,0-5,0-2000,CMP037,1534.16,-0.9671,-1483.61,2010-12-02,372,Ocasional
13012.0,9,8,1646.84,0-50,5-10,0-2000,CMP034,1403.19,0.1736,243.65,2011-11-30,9,Regular
13013.0,1,13,4810.9400000000005,0-50,10-15,4000-6000,CMP034,1403.19,2.4286,3407.75,2011-12-08,1,Engajado
13014.0,11,10,3466.28,0-50,10-15,2000-4000,CMP045,1492.9,1.3218,1973.38,2011-11-28,11,Regular
13015.0,53,5,3339.64,50-100,5-10,2000-4000,CMP029,1146.55,1.9128,2193.09,2011-10-17,53,Regular
13016.0,73,3,789.89,50-100,0-5,0-2000,CMP010,360.67,1.1901,429.22,2011-09-27,73,Regular
13017.0,7,1,204.0,0-50,0-5,0-2000,CMP001,258.61,-0.2112,-54.61,2011-12-02,7,Regular
13018.0,16,28,7277.7,0-50,25-30,6000-8000,CMP041,1369.84,4.3128,5907.86,2011-11-23,16,Engajado
13021.0,4,9,2616.38,0-50,5-10,2000-4000,CMP036,1302.05,1.0094,1314.33,2011-12-05,4,Regular
13023.0,64,2,599.9,50-100,0-5,0-2000,CMP028,1090.24,-0.4498,-490.34,2011-10-06,64,Regular
13026.0,1,5,975.36,0-50,5-10,0-2000,CMP013,809.51,0.2049,165.85,2011-12-08,1,Regular
13027.0,114,6,6912.0,100-150,5-10,6000-8000,CMP014,474.66,13.562,6437.34,2011-08-17,114,Engajado
13028.0,23,2,661.3199999999999,0-50,0-5,0-2000,CMP002,434.92,0.5206,226.4,2011-11-16,23,Regular
13029.0,31,3,1247.5,0-50,0-5,0-2000,CMP017,524.29,1.3794,723.21,2011-11-08,31,Regular
13030.0,11,2,752.44,0-50,0-5,0-2000,CMP025,1048.37,-0.2823,-295.93,2011-11-28,11,Regular
13032.0,52,2,1010.18,50-100,0-5,0-2000,CMP018,643.37,0.5701,366.81,2011-10-18,52,Regular
13033.0,357,1,190.55,350-400,0-5,0-2000,CMP012,440.78,-0.5677,-250.23,2010-12-17,357,Ocasional
13034.0,55,2,642.77,50-100,0-5,0-2000,CMP039,1875.82,-0.6573,-1233.05,2011-10-15,55,Regular
13035.0,74,2,921.88,50-100,0-5,0-2000,CMP017,524.29,0.7583,397.59,2011-09-26,74,Regular
13037.0,138,3,881.07,100-150,0-5,0-2000,CMP022,435.33,1.0239,445.74,2011-07-24,138,Regular
13038.0,80,3,908.46,50-100,0-5,0-2000,CMP031,1157.44,-0.2151,-248.98,2011-09-20,80,Regular
13040.0,9,2,676.99,0-50,0-5,0-2000,CMP019,593.24,0.1412,83.75,2011-11-30,9,Regular
13043.0,273,1,516.42,250-300,0-5,0-2000,CMP026,1285.33,-0.5982,-768.91,2011-03-11,273,Ocasional
13044.0,291,1,560.47,250-300,0-5,0-2000,CMP035,1415.25,-0.604,-854.78,2011-02-21,291,Ocasional
13045.0,99,1,305.28000000000003,50-100,0-5,0-2000,CMP044,2078.39,-0.8531,-1773.11,2011-09-01,99,Regular
13046.0,31,2,629.31,0-50,0-5,0-2000,CMP011,150.3,3.187,479.01,2011-11-08,31,Regular
13047.0,57,9,3232.59,50-100,5-10,2000-4000,CMP046,1856.27,0.7414,1376.32,2011-10-13,57,Regular
13048.0,14,4,1819.41,0-50,0-5,0-2000,CMP032,842.78,1.1588,976.63,2011-11-25,14,Regular
13049.0,64,2,656.6800000000001,50-100,0-5,0-2000,CMP014,474.66,0.3835,182.02,2011-10-06,64,Regular
13050.0,15,17,5833.11,0-50,15-20,4000-6000,CMP031,1157.44,4.0397,4675.67,2011-11-24,15,Engajado
13052.0,212,1,348.15000000000003,200-250,0-5,0-2000,CMP047,1540.55,-0.774,-1192.4,2011-05-11,212,Ocasional
13055.0,78,3,1214.41,50-100,0-5,0-2000,CMP022,435.33,1.7896,779.08,2011-09-22,78,Regular
13058.0,25,3,271.40000000000003,0-50,0-5,0-2000,CMP009,327.94,-0.1724,-56.54,2011-11-14,25,Regular
13059.0,250,1,183.4,250-300,0-5,0-2000,CMP019,593.24,-0.6909,-409.84,2011-04-03,250,Ocasional
13060.0,254,1,307.53000000000003,250-300,0-5,0-2000,CMP014,474.66,-0.3521,-167.13,2011-03-30,254,Ocasional
13061.0,72,1,248.61,50-100,0-5,0-2000,CMP003,367.99,-0.3244,-119.38,2011-09-28,72,Regular
13062.0,191,1,346.98,150-200,0-5,0-2000,CMP010,360.67,-0.038,-13.69,2011-06-01,191,Ocasional
13064.0,13,4,1105.59,0-50,0-5,0-2000,CMP010,360.67,2.0654,744.92,2011-11-26,13,Regular
13065.0,373,1,205.86,350-400,0-5,0-2000,CMP005,191.74,0.0736,14.12,2010-12-01,373,Ocasional
13066.0,24,2,470.8,0-50,0-5,0-2000,CMP010,360.67,0.3053,110.13,2011-11-15,24,Regular
13067.0,82,1,115.46,50-100,0-5,0-2000,CMP020,517.27,-0.7768,-401.81,2011-09-18,82,Regular
13068.0,10,2,344.0,0-50,0-5,0-2000,CMP012,440.78,-0.2196,-96.78,2011-11-29,10,Regular
13069.0,1,24,4431.44,0-50,20-25,4000-6000,CMP028,1090.24,3.0646,3341.2,2011-12-08,1,Engajado
13070.0,192,1,228.8,150-200,0-5,0-2000,CMP040,1656.14,-0.8618,-1427.34,2011-05-31,192,Ocasional
13072.0,267,1,177.15,250-300,0-5,0-2000,CMP013,809.51,-0.7812,-632.36,2011-03-17,267,Ocasional
13075.0,130,1,919.61,100-150,0-5,0-2000,CMP027,863.77,0.0646,55.84,2011-08-01,130,Regular
13077.0,1,4,728.02,0-50,0-5,0-2000,CMP011,150.3,3.8438,577.72,2011-12-08,1,Regular
13078.0,3,26,12627.94,0-50,25-30,10000-12000,CMP019,593.24,20.2864,12034.7,2011-12-06,3,Engajado
13079.0,4,5,220.1,0-50,5-10,0-2000,CMP002,434.92,-0.4939,-214.82,2011-12-05,4,Regular
13080.0,179,1,58.08,150-200,0-5,0-2000,CMP005,191.74,-0.6971,-133.66,2011-06-13,179,Ocasional
13082.0,126,9,3613.63,100-150,5-10,2000-4000,CMP025,1048.37,2.4469,2565.26,2011-08-05,126,Regular
13083.0,4,2,303.75,0-50,0-5,0-2000,CMP011,150.3,1.021,153.45,2011-12-05,4,Regular
13085.0,158,2,416.08,150-200,0-5,0-2000,CMP009,327.94,0.2688,88.14,2011-07-04,158,Ocasional
13090.0,9,13,8895.82,0-50,10-15,8000-10000,CMP012,440.78,19.182,8455.04,2011-11-30,9,Engajado
13091.0,28,1,345.82,0-50,0-5,0-2000,CMP021,690.41,-0.4991,-344.59,2011-11-11,28,Regular
13092.0,71,5,477.83,50-100,5-10,0-2000,CMP012,440.78,0.0841,37.05,2011-09-29,71,Regular
13093.0,276,8,7832.47,250-300,5-10,6000-8000,CMP028,1090.24,6.1842,6742.23,2011-03-08,276,Engajado
13094.0,21,12,1927.32,0-50,10-15,0-2000,CMP033,766.84,1.5133,1160.48,2011-11-18,21,Regular
13095.0,71,1,74.39999999999999,50-100,0-5,0-2000,CMP024,557.84,-0.8666,-483.44,2011-09-29,71,Regular
13097.0,33,10,6003.22,0-50,10-15,6000-8000,CMP004,327.19,17.3478,5676.03,2011-11-06,33,Engajado
13099.0,99,1,207.36,50-100,0-5,0-2000,CMP032,842.78,-0.754,-635.42,2011-09-01,99,Regular
13101.0,234,1,101.19,200-250,0-5,0-2000,CMP019,593.24,-0.8294,-492.05,2011-04-19,234,Ocasional
13102.0,1,24,6424.09,0-50,20-25,6000-8000,CMP008,409.05,14.7049,6015.04,2011-12-08,1,Engajado
13103.0,40,1,243.94,0-50,0-5,0-2000,CMP038,1347.91,-0.819,-1103.97,2011-10-30,40,Regular
13104.0,3,6,1098.48,0-50,5-10,0-2000,CMP041,1369.84,-0.1981,-271.36,2011-12-06,3,Regular
13106.0,133,1,76.5,100-150,0-5,0-2000,CMP002,434.92,-0.8241,-358.42,2011-07-29,133,Regular
13107.0,44,4,1531.62,0-50,0-5,0-2000,CMP015,458.19,2.3428,1073.43,2011-10-26,44,Regular
13108.0,373,1,350.06,350-400,0-5,0-2000,CMP032,842.78,-0.5846,-492.72,2010-12-01,373,Ocasional
13109.0,60,2,786.54,50-100,0-5,0-2000,CMP030,753.44,0.0439,33.1,2011-10-10,60,Regular
13110.0,31,7,1488.67,0-50,5-10,0-2000,CMP012,440.78,2.3774,1047.89,2011-11-08,31,Regular
13113.0,1,24,12245.96,0-50,20-25,10000-12000,CMP021,690.41,16.7372,11555.55,2011-12-08,1,Engajado
13115.0,12,4,2294.78,0-50,0-5,2000-4000,CMP028,1090.24,1.1048,1204.54,2011-11-27,12,Regular
13116.0,138,1,501.14,100-150,0-5,0-2000,CMP021,690.41,-0.2741,-189.27,2011-07-24,138,Ocasional
13117.0,22,8,984.91,0-50,5-10,0-2000,CMP026,1285.33,-0.2337,-300.42,2011-11-17,22,Regular
13118.0,20,5,1197.81,0-50,5-10,0-2000,CMP018,643.37,0.8618,554.44,2011-11-19,20,Regular
13120.0,239,1,30.6,200-250,0-5,0-2000,CMP013,809.51,-0.9622,-778.91,2011-04-14,239,Ocasional
13121.0,269,1,283.73,250-300,0-5,0-2000,CMP028,1090.24,-0.7398,-806.51,2011-03-15,269,Ocasional
13122.0,94,2,922.39,50-100,0-5,0-2000,CMP004,327.19,1.8191,595.2,2011-09-06,94,Regular
13124.0,90,3,3756.33,50-100,0-5,2000-4000,CMP025,1048.37,2.583,2707.96,2011-09-10,90,Regular
13126.0,5,8,2099.64,0-50,5-10,2000-4000,CMP039,1875.82,0.1193,223.82,2011-12-04,5,Regular
13127.0,78,1,259.17,50-100,0-5,0-2000,CMP040,1656.14,-0.8435,-1396.97,2011-09-22,78,Regular
13130.0,94,1,64.0,50-100,0-5,0-2000,CMP014,474.66,-0.8652,-410.66,2011-09-06,94,Regular
13131.0,23,3,1073.3,0-50,0-5,0-2000,CMP023,517.75,1.073,555.55,2011-11-16,23,Regular
13132.0,262,1,77.3,250-300,0-5,0-2000,CMP003,367.99,-0.7899,-290.69,2011-03-22,262,Ocasional
13133.0,274,2,109.8,250-300,0-5,0-2000,CMP012,440.78,-0.7509,-330.98,2011-03-10,274,Ocasional
13134.0,86,4,1793.58,50-100,0-5,0-2000,CMP034,1403.19,0.2782,390.39,2011-09-14,86,Regular
13135.0,197,1,3096.0,150-200,0-5,2000-4000,CMP024,557.84,4.55,2538.16,2011-05-26,197,Ocasional
13136.0,56,5,2607.61,50-100,5-10,2000-4000,CMP025,1048.37,1.4873,1559.24,2011-10-14,56,Regular
13137.0,11,8,3603.29,0-50,5-10,2000-4000,CMP029,1146.55,2.1427,2456.74,2011-11-28,11,Regular
13138.0,22,6,962.39,0-50,5-10,0-2000,CMP002,434.92,1.2128,527.47,2011-11-17,22,Regular
13139.0,16,7,5064.9400000000005,0-50,5-10,4000-6000,CMP027,863.77,4.8638,4201.17,2011-11-23,16,Regular
13140.0,108,3,422.47,100-150,0-5,0-2000,CMP013,809.51,-0.4781,-387.04,2011-08-23,108,Regular
13141.0,85,5,2388.75,50-100,5-10,2000-4000,CMP027,863.77,1.7655,1524.98,2011-09-15,85,Regular
13142.0,19,1,307.09000000000003,0-50,0-5,0-2000,CMP010,360.67,-0.1486,-53.58,2011-11-20,19,Regular
13144.0,333,1,110.95,300-350,0-5,0-2000,CMP040,1656.14,-0.933,-1545.19,2011-01-10,333,Ocasional
13145.0,40,4,618.52,0-50,0-5,0-2000,CMP025,1048.37,-0.41,-429.85,2011-10-30,40,Regular
13146.0,26,1,228.91,0-50,0-5,0-2000,CMP023,517.75,-0.5579,-288.84,2011-11-13,26,Regular
13147.0,10,4,712.8,0-50,0-5,0-2000,CMP031,1157.44,-0.3842,-444.64,2011-11-29,10,Regular
13148.0,29,12,3683.26,0-50,10-15,2000-4000,CMP032,842.78,3.3704,2840.48,2011-11-10,29,Engajado
13149.0,14,4,1676.06,0-50,0-5,0-2000,CMP009,327.94,4.1109,1348.12,2011-11-25,14,Regular
13151.0,296,1,1257.87,250-300,0-5,0-2000,CMP023,517.75,1.4295,740.12,2011-02-16,296,Ocasional
13153.0,6,1,486.22,0-50,0-5,0-2000,CMP025,1048.37,-0.5362,-562.15,2011-12-03,6,Regular
13155.0,33,4,971.76,0-50,0-5,0-2000,CMP030,753.44,0.2898,218.32,2011-11-06,33,Regular
13157.0,49,4,1741.22,0-50,0-5,0-2000,CMP030,753.44,1.311,987.78,2011-10-21,49,Regular
13158.0,95,4,1201.06,50-100,0-5,0-2000,CMP010,360.67,2.3301,840.39,2011-09-05,95,Regular
13159.0,9,4,1429.35,0-50,0-5,0-2000,CMP015,458.19,2.1196,971.16,2011-11-30,9,Regular
13160.0,22,1,91.8,0-50,0-5,0-2000,CMP010,360.67,-0.7455,-268.87,2011-11-17,22,Regular
13161.0,313,1,112.75,300-350,0-5,0-2000,CMP020,517.27,-0.782,-404.52,2011-01-30,313,Ocasional
13162.0,122,4,1688.29,100-150,0-5,0-2000,CMP035,1415.25,0.1929,273.04,2011-08-09,122,Regular
13165.0,46,2,1021.48,0-50,0-5,0-2000,CMP017,524.29,0.9483,497.19,2011-10-24,46,Regular
13166.0,283,1,417.2,250-300,0-5,0-2000,CMP047,1540.55,-0.7292,-1123.35,2011-03-01,283,Ocasional
13167.0,19,4,779.33,0-50,0-5,0-2000,CMP025,1048.37,-0.2566,-269.04,2011-11-20,19,Regular
13168.0,36,4,1299.59,0-50,0-5,0-2000,CMP013,809.51,0.6054,490.08,2011-11-03,36,Regular
13169.0,64,2,712.88,50-100,0-5,0-2000,CMP009,327.94,1.1738,384.94,2011-10-06,64,Regular
13170.0,27,1,108.81,0-50,0-5,0-2000,CMP005,191.74,-0.4325,-82.93,2011-11-12,27,Regular
13171.0,22,3,468.41,0-50,0-5,0-2000,CMP014,474.66,-0.0132,-6.25,2011-11-17,22,Regular
13173.0,4,2,353.65000000000003,0-50,0-5,0-2000,CMP011,150.3,1.353,203.35,2011-12-05,4,Regular
13174.0,16,3,2738.82,0-50,0-5,2000-4000,CMP018,643.37,3.257,2095.45,2011-11-23,16,Regular
13176.0,46,1,481.49,0-50,0-5,0-2000,CMP015,458.19,0.0509,23.3,2011-10-24,46,Regular
13177.0,65,1,282.45,50-100,0-5,0-2000,CMP005,191.74,0.4731,90.71,2011-10-05,65,Regular
13178.0,26,11,5725.47,0-50,10-15,4000-6000,CMP045,1492.9,2.8351,4232.57,2011-11-13,26,Engajado
13182.0,45,1,121.18,0-50,0-5,0-2000,CMP003,367.99,-0.6707,-246.81,2011-10-25,45,Regular
13183.0,8,9,3957.78,0-50,5-10,2000-4000,CMP033,766.84,4.1612,3190.94,2011-12-01,8,Regular
13184.0,15,10,1667.95,0-50,10-15,0-2000,CMP030,753.44,1.2138,914.51,2011-11-24,15,Regular
13185.0,268,1,71.4,250-300,0-5,0-2000,CMP047,1540.55,-0.9537,-1469.15,2011-03-16,268,Ocasional
13186.0,40,3,1575.89,0-50,0-5,0-2000,CMP009,327.94,3.8054,1247.95,2011-10-30,40,Regular
13187.0,337,1,236.02,300-350,0-5,0-2000,CMP011,150.3,0.5703,85.72,2011-01-06,337,Ocasional
13188.0,11,1,114.6,0-50,0-5,0-2000,CMP046,1856.27,-0.9383,-1741.67,2011-11-28,11,Regular
13189.0,19,2,260.68,0-50,0-5,0-2000,CMP038,1347.91,-0.8066,-1087.23,2011-11-20,19,Regular
13192.0,95,2,911.94,50-100,0-5,0-2000,CMP032,842.78,0.0821,69.16,2011-09-05,95,Regular
13193.0,61,1,112.08,50-100,0-5,0-2000,CMP007,161.77,-0.3072,-49.69,2011-10-09,61,Regular
13194.0,136,1,60.7,100-150,0-5,0-2000,CMP005,191.74,-0.6834,-131.04,2011-07-26,136,Ocasional
13196.0,11,4,1797.78,0-50,0-5,0-2000,CMP038,1347.91,0.3338,449.87,2011-11-28,11,Regular
13198.0,10,6,3401.24,0-50,5-10,2000-4000,CMP046,1856.27,0.8323,1544.97,2011-11-29,10,Regular
13199.0,4,37,9802.12,0-50,,8000-10000,CMP034,1403.19,5.9856,8398.93,2011-12-05,4,Engajado
13200.0,19,4,870.09,0-50,0-5,0-2000,CMP024,557.84,0.5597,312.25,2011-11-20,19,Regular
13203.0,10,4,869.46,0-50,0-5,0-2000,CMP015,458.19,0.8976,411.27,2011-11-29,10,Regular
13207.0,15,2,250.26,0-50,0-5,0-2000,CMP030,753.44,-0.6678,-503.18,2011-11-24,15,Regular
13208.0,59,5,1193.17,50-100,5-10,0-2000,CMP012,440.78,1.707,752.39,2011-10-11,59,Regular
13209.0,30,8,5891.61,0-50,5-10,4000-6000,CMP027,863.77,5.8208,5027.84,2011-11-09,30,Engajado
13210.0,94,1,353.48,50-100,0-5,0-2000,CMP019,593.24,-0.4042,-239.76,2011-09-06,94,Regular
13211.0,10,3,1095.42,0-50,0-5,0-2000,CMP022,435.33,1.5163,660.09,2011-11-29,10,Regular
13212.0,20,3,786.83,0-50,0-5,0-2000,CMP014,474.66,0.6577,312.17,2011-11-19,20,Regular
13213.0,57,5,1520.58,50-100,5-10,0-2000,CMP010,360.67,3.216,1159.91,2011-10-13,57,Regular
13216.0,268,1,333.74,250-300,0-5,0-2000,CMP025,1048.37,-0.6817,-714.63,2011-03-16,268,Ocasional
13217.0,122,3,533.98,100-150,0-5,0-2000,CMP015,458.19,0.1654,75.79,2011-08-09,122,Regular
13218.0,127,1,62.64,100-150,0-5,0-2000,CMP016,459.04,-0.8635,-396.4,2011-08-04,127,Regular
13220.0,78,4,819.2900000000001,50-100,0-5,0-2000,CMP011,150.3,4.451,668.99,2011-09-22,78,Regular
13221.0,240,2,844.86,200-250,0-5,0-2000,CMP021,690.41,0.2237,154.45,2011-04-13,240,Ocasional
13223.0,200,2,163.2,200-250,0-5,0-2000,CMP015,458.19,-0.6438,-294.99,2011-05-23,200,Ocasional
13224.0,60,2,2152.95,50-100,0-5,2000-4000,CMP005,191.74,10.2285,1961.21,2011-10-10,60,Regular
13225.0,3,7,6463.84,0-50,5-10,6000-8000,CMP027,863.77,6.4833,5600.07,2011-12-06,3,Engajado
13226.0,273,1,108.21,250-300,0-5,0-2000,CMP004,327.19,-0.6693,-218.98,2011-03-11,273,Ocasional
13227.0,202,1,257.7,200-250,0-5,0-2000,CMP002,434.92,-0.4075,-177.22,2011-05-21,202,Ocasional
13228.0,81,1,358.0,50-100,0-5,0-2000,CMP048,1728.05,-0.7928,-1370.05,2011-09-19,81,Regular
13229.0,226,1,160.95,200-250,0-5,0-2000,CMP009,327.94,-0.5092,-166.99,2011-04-27,226,Ocasional
13230.0,4,14,2755.63,0-50,10-15,2000-4000,CMP042,1705.66,0.6156,1049.97,2011-12-05,4,Engajado
13232.0,13,7,1327.75,0-50,5-10,0-2000,CMP014,474.66,1.7973,853.09,2011-11-26,13,Regular
13233.0,74,2,605.12,50-100,0-5,0-2000,CMP028,1090.24,-0.445,-485.12,2011-09-26,74,Regular
13235.0,212,1,1031.07,200-250,0-5,0-2000,CMP030,753.44,0.3685,277.63,2011-05-11,212,Ocasional
13236.0,25,2,744.85,0-50,0-5,0-2000,CMP025,1048.37,-0.2895,-303.52,2011-11-14,25,Regular
13238.0,17,4,700.73,0-50,0-5,0-2000,CMP021,690.41,0.0149,10.32,2011-11-22,17,Regular
13239.0,262,1,329.56,250-300,0-5,0-2000,CMP019,593.24,-0.4445,-263.68,2011-03-22,262,Ocasional
13240.0,96,4,648.7,50-100,0-5,0-2000,CMP017,524.29,0.2373,124.41,2011-09-04,96,Regular
13242.0,112,3,270.40000000000003,100-150,0-5,0-2000,CMP043,1290.94,-0.7905,-1020.54,2011-08-19,112,Regular
13243.0,203,1,585.12,200-250,0-5,0-2000,CMP032,842.78,-0.3057,-257.66,2011-05-20,203,Ocasional
13244.0,93,1,121.74,50-100,0-5,0-2000,CMP046,1856.27,-0.9344,-1734.53,2011-09-07,93,Regular
13245.0,51,1,430.5,50-100,0-5,0-2000,CMP010,360.67,0.1936,69.83,2011-10-19,51,Regular
13246.0,18,6,1961.52,0-50,5-10,0-2000,CMP040,1656.14,0.1844,305.38,2011-11-21,18,Regular
13247.0,18,4,501.12,0-50,0-5,0-2000,CMP043,1290.94,-0.6118,-789.82,2011-11-21,18,Regular
13248.0,125,2,465.68,100-150,0-5,0-2000,CMP012,440.78,0.0565,24.9,2011-08-06,125,Regular
13249.0,92,3,711.41,50-100,0-5,0-2000,CMP007,161.77,3.3977,549.64,2011-09-08,92,Regular
13253.0,157,2,1030.4,150-200,0-5,0-2000,CMP030,753.44,0.3676,276.96,2011-07-05,157,Ocasional
13255.0,9,2,399.51,0-50,0-5,0-2000,CMP024,557.84,-0.2838,-158.33,2011-11-30,9,Regular
13258.0,12,3,672.83,0-50,0-5,0-2000,CMP033,766.84,-0.1226,-94.01,2011-11-27,12,Regular
13259.0,62,1,283.18,50-100,0-5,0-2000,CMP004,327.19,-0.1345,-44.01,2011-10-08,62,Regular
13260.0,61,1,557.62,50-100,0-5,0-2000,CMP031,1157.44,-0.5182,-599.82,2011-10-09,61,Regular
13261.0,269,2,944.1,250-300,0-5,0-2000,CMP012,440.78,1.1419,503.32,2011-03-15,269,Ocasional
13262.0,263,1,200.29,250-300,0-5,0-2000,CMP005,191.74,0.0446,8.55,2011-03-21,263,Ocasional
13263.0,1,34,7411.71,0-50,,6000-8000,CMP016,459.04,15.1461,6952.67,2011-12-08,1,Engajado
13265.0,53,5,2092.66,50-100,5-10,2000-4000,CMP043,1290.94,0.621,801.72,2011-10-17,53,Regular
13266.0,11,12,3834.26,0-50,10-15,2000-4000,CMP038,1347.91,1.8446,2486.35,2011-11-28,11,Engajado
13267.0,3,19,4521.49,0-50,15-20,4000-6000,CMP033,766.84,4.8963,3754.65,2011-12-06,3,Engajado
13268.0,18,10,3152.71,0-50,10-15,2000-4000,CMP028,1090.24,1.8918,2062.47,2011-11-21,18,Regular
13269.0,1,15,5343.28,0-50,15-20,4000-6000,CMP045,1492.9,2.5791,3850.38,2011-12-08,1,Engajado
13270.0,366,1,590.0,350-400,0-5,0-2000,CMP018,643.37,-0.083,-53.37,2010-12-08,366,Ocasional
13271.0,37,1,211.49,0-50,0-5,0-2000,CMP034,1403.19,-0.8493,-1191.7,2011-11-02,37,Regular
13272.0,31,2,276.56,0-50,0-5,0-2000,CMP012,440.78,-0.3726,-164.22,2011-11-08,31,Regular
13273.0,113,1,138.98,100-150,0-5,0-2000,CMP011,150.3,-0.0753,-11.32,2011-08-18,113,Regular
13276.0,64,2,590.9300000000001,50-100,0-5,0-2000,CMP021,690.41,-0.1441,-99.48,2011-10-06,64,Regular
13277.0,16,4,258.4,0-50,0-5,0-2000,CMP009,327.94,-0.2121,-69.54,2011-11-23,16,Regular
13278.0,41,1,542.73,0-50,0-5,0-2000,CMP030,753.44,-0.2797,-210.71,2011-10-29,41,Regular
13279.0,78,1,137.75,50-100,0-5,0-2000,CMP014,474.66,-0.7098,-336.91,2011-09-22,78,Regular
13280.0,122,3,798.46,100-150,0-5,0-2000,CMP013,809.51,-0.0137,-11.05,2011-08-09,122,Regular
13282.0,18,3,1132.14,0-50,0-5,0-2000,CMP039,1875.82,-0.3965,-743.68,2011-11-21,18,Regular
13283.0,60,2,93.66,50-100,0-5,0-2000,CMP011,150.3,-0.3768,-56.64,2011-10-10,60,Regular
13284.0,331,1,201.19,300-350,0-5,0-2000,CMP015,458.19,-0.5609,-257.0,2011-01-12,331,Ocasional
13285.0,23,4,2709.12,0-50,0-5,2000-4000,CMP046,1856.27,0.4594,852.85,2011-11-16,23,Regular
13291.0,156,1,361.11,150-200,0-5,0-2000,CMP026,1285.33,-0.7191,-924.22,2011-07-06,156,Ocasional
13292.0,39,2,578.94,0-50,0-5,0-2000,CMP010,360.67,0.6052,218.27,2011-10-31,39,Regular
13294.0,190,2,873.74,150-200,0-5,0-2000,CMP043,1290.94,-0.3232,-417.2,2011-06-02,190,Ocasional
13295.0,360,1,201.2,350-400,0-5,0-2000,CMP019,593.24,-0.6608,-392.04,2010-12-14,360,Ocasional
13296.0,137,1,87.4,100-150,0-5,0-2000,CMP009,327.94,-0.7335,-240.54,2011-07-25,137,Ocasional
13297.0,8,4,2089.85,0-50,0-5,2000-4000,CMP014,474.66,3.4028,1615.19,2011-12-01,8,Regular
13298.0,1,1,360.0,0-50,0-5,0-2000,CMP031,1157.44,-0.689,-797.44,2011-12-08,1,Regular
13299.0,268,1,142.5,250-300,0-5,0-2000,CMP018,643.37,-0.7785,-500.87,2011-03-16,268,Ocasional
13300.0,169,1,371.89,150-200,0-5,0-2000,CMP023,517.75,-0.2817,-145.86,2011-06-23,169,Ocasional
13301.0,104,4,600.1899999999999,100-150,0-5,0-2000,CMP038,1347.91,-0.5547,-747.72,2011-08-27,104,Regular
13302.0,155,1,63.75,150-200,0-5,0-2000,CMP032,842.78,-0.9244,-779.03,2011-07-07,155,Ocasional
13304.0,351,1,300.42,350-400,0-5,0-2000,CMP005,191.74,0.5668,108.68,2010-12-23,351,Ocasional
13305.0,4,10,2000.86,0-50,10-15,2000-4000,CMP026,1285.33,0.5567,715.53,2011-12-05,4,Regular
13307.0,120,1,15.0,100-150,0-5,0-2000,CMP007,161.77,-0.9073,-146.77,2011-08-11,120,Regular
13308.0,23,3,1385.51,0-50,0-5,0-2000,CMP030,753.44,0.8389,632.07,2011-11-16,23,Regular
13309.0,7,5,1456.79,0-50,5-10,0-2000,CMP004,327.19,3.4524,1129.6,2011-12-02,7,Regular
13310.0,28,3,1132.03,0-50,0-5,0-2000,CMP024,557.84,1.0293,574.19,2011-11-11,28,Regular
13311.0,4,2,598.57,0-50,0-5,0-2000,CMP030,753.44,-0.2056,-154.87,2011-12-05,4,Regular
13313.0,22,5,1555.3200000000002,0-50,5-10,0-2000,CMP037,1534.16,0.0138,21.16,2011-11-17,22,Regular
13314.0,2,3,775.94,0-50,0-5,0-2000,CMP017,524.29,0.48,251.65,2011-12-07,2,Regular
13316.0,37,4,5732.93,0-50,0-5,4000-6000,CMP043,1290.94,3.4409,4441.99,2011-11-02,37,Regular
13317.0,66,6,2273.68,50-100,5-10,2000-4000,CMP011,150.3,14.1276,2123.38,2011-10-04,66,Regular
13318.0,1,3,640.76,0-50,0-5,0-2000,CMP034,1403.19,-0.5434,-762.43,2011-12-08,1,Regular
13319.0,5,26,10845.55,0-50,25-30,10000-12000,CMP013,809.51,12.3977,10036.04,2011-12-04,5,Engajado
13320.0,78,4,1532.2,50-100,0-5,0-2000,CMP019,593.24,1.5828,938.96,2011-09-22,78,Regular
13321.0,72,2,567.36,50-100,0-5,0-2000,CMP031,1157.44,-0.5098,-590.08,2011-09-28,72,Regular
13322.0,17,1,199.48,0-50,0-5,0-2000,CMP004,327.19,-0.3903,-127.71,2011-11-22,17,Regular
13323.0,3,5,787.85,0-50,5-10,0-2000,CMP013,809.51,-0.0268,-21.66,2011-12-06,3,Regular
13324.0,36,10,7121.95,0-50,10-15,6000-8000,CMP040,1656.14,3.3003,5465.81,2011-11-03,36,Engajado
13325.0,82,1,675.3,50-100,0-5,0-2000,CMP029,1146.55,-0.411,-471.25,2011-09-18,82,Regular
13327.0,39,8,3627.77,0-50,5-10,2000-4000,CMP037,1534.16,1.3647,2093.61,2011-10-31,39,Regular
13328.0,316,1,1308.48,300-350,0-5,0-2000,CMP028,1090.24,0.2002,218.24,2011-01-27,316,Ocasional
13329.0,32,2,789.0,0-50,0-5,0-2000,CMP023,517.75,0.5239,271.25,2011-11-07,32,Regular
13330.0,93,3,1140.93,50-100,0-5,0-2000,CMP014,474.66,1.4037,666.27,2011-09-07,93,Regular
13332.0,14,1,350.90000000000003,0-50,0-5,0-2000,CMP017,524.29,-0.3307,-173.39,2011-11-25,14,Regular
13334.0,82,3,3502.32,50-100,0-5,2000-4000,CMP018,643.37,4.4437,2858.95,2011-09-18,82,Regular
13336.0,77,1,795.12,50-100,0-5,0-2000,CMP040,1656.14,-0.5199,-861.02,2011-09-23,77,Regular
13338.0,158,1,437.02,150-200,0-5,0-2000,CMP025,1048.37,-0.5831,-611.35,2011-07-04,158,Ocasional
13339.0,201,1,860.12,200-250,0-5,0-2000,CMP019,593.24,0.4499,266.88,2011-05-22,201,Ocasional
13340.0,45,7,10736.48,0-50,5-10,10000-12000,CMP031,1157.44,8.2761,9579.04,2011-10-25,45,Engajado
13341.0,261,1,775.85,250-300,0-5,0-2000,CMP043,1290.94,-0.399,-515.09,2011-03-23,261,Ocasional
13343.0,178,1,303.43,150-200,0-5,0-2000,CMP011,150.3,1.0188,153.13,2011-06-14,178,Ocasional
13344.0,68,3,2511.69,50-100,0-5,2000-4000,CMP035,1415.25,0.7747,1096.44,2011-10-02,68,Regular
13345.0,288,1,339.5,250-300,0-5,0-2000,CMP022,435.33,-0.2201,-95.83,2011-02-24,288,Ocasional
13347.0,70,1,291.36,50-100,0-5,0-2000,CMP017,524.29,-0.4443,-232.93,2011-09-30,70,Regular
13348.0,64,1,233.76,50-100,0-5,0-2000,CMP001,258.61,-0.0961,-24.85,2011-10-06,64,Regular
13349.0,11,1,197.32,0-50,0-5,0-2000,CMP038,1347.91,-0.8536,-1150.59,2011-11-28,11,Regular
13350.0,16,2,879.12,0-50,0-5,0-2000,CMP042,1705.66,-0.4846,-826.54,2011-11-23,16,Regular
13351.0,66,1,323.94,50-100,0-5,0-2000,CMP024,557.84,-0.4193,-233.9,2011-10-04,66,Regular
13352.0,60,1,347.98,50-100,0-5,0-2000,CMP028,1090.24,-0.6808,-742.26,2011-10-10,60,Regular
13354.0,71,1,743.53,50-100,0-5,0-2000,CMP041,1369.84,-0.4572,-626.31,2011-09-29,71,Regular
13355.0,122,1,674.7,100-150,0-5,0-2000,CMP028,1090.24,-0.3811,-415.54,2011-08-09,122,Regular
13356.0,80,1,768.24,50-100,0-5,0-2000,CMP011,150.3,4.1114,617.94,2011-09-20,80,Regular
13357.0,257,1,609.4,250-300,0-5,0-2000,CMP024,557.84,0.0924,51.56,2011-03-27,257,Ocasional
13358.0,269,1,389.03,250-300,0-5,0-2000,CMP025,1048.37,-0.6289,-659.34,2011-03-15,269,Ocasional
13359.0,64,1,389.56,50-100,0-5,0-2000,CMP019,593.24,-0.3433,-203.68,2011-10-06,64,Regular
13362.0,9,4,3090.74,0-50,0-5,2000-4000,CMP040,1656.14,0.8662,1434.6,2011-11-30,9,Regular
13363.0,18,2,892.5,0-50,0-5,0-2000,CMP042,1705.66,-0.4767,-813.16,2011-11-21,18,Regular
13364.0,71,1,134.96,50-100,0-5,0-2000,CMP043,1290.94,-0.8955,-1155.98,2011-09-29,71,Regular
13365.0,34,2,2225.37,0-50,0-5,2000-4000,CMP031,1157.44,0.9227,1067.93,2011-11-05,34,Regular
13366.0,50,1,56.16,50-100,0-5,0-2000,CMP004,327.19,-0.8284,-271.03,2011-10-20,50,Regular
13368.0,257,2,573.4,250-300,0-5,0-2000,CMP047,1540.55,-0.6278,-967.15,2011-03-27,257,Ocasional
13369.0,366,1,258.28000000000003,350-400,0-5,0-2000,CMP036,1302.05,-0.8016,-1043.77,2010-12-08,366,Ocasional
13370.0,372,1,754.87,350-400,0-5,0-2000,CMP010,360.67,1.093,394.2,2010-12-02,372,Ocasional
13372.0,90,1,328.64,50-100,0-5,0-2000,CMP041,1369.84,-0.7601,-1041.2,2011-09-10,90,Regular
13373.0,61,3,3312.25,50-100,0-5,2000-4000,CMP044,2078.39,0.5937,1233.86,2011-10-09,61,Regular
13375.0,89,1,778.65,50-100,0-5,0-2000,CMP022,435.33,0.7886,343.32,2011-09-11,89,Regular
13376.0,99,3,869.76,50-100,0-5,0-2000,CMP025,1048.37,-0.1704,-178.61,2011-09-01,99,Regular
13379.0,26,3,572.56,0-50,0-5,0-2000,CMP019,593.24,-0.0349,-20.68,2011-11-13,26,Regular
13381.0,32,6,3639.31,0-50,5-10,2000-4000,CMP006,191.74,17.9804,3447.57,2011-11-07,32,Regular
13382.0,281,1,222.99,250-300,0-5,0-2000,CMP009,327.94,-0.32,-104.95,2011-03-03,281,Ocasional
13384.0,31,7,4151.93,0-50,5-10,4000-6000,CMP042,1705.66,1.4342,2446.27,2011-11-08,31,Regular
13385.0,330,1,534.57,300-350,0-5,0-2000,CMP001,258.61,1.0671,275.96,2011-01-13,330,Ocasional
13388.0,131,2,677.1,100-150,0-5,0-2000,CMP017,524.29,0.2915,152.81,2011-07-31,131,Regular
13389.0,11,3,797.96,0-50,0-5,0-2000,CMP019,593.24,0.3451,204.72,2011-11-28,11,Regular
13390.0,75,1,544.08,50-100,0-5,0-2000,CMP023,517.75,0.0509,26.33,2011-09-25,75,Regular
13391.0,204,1,59.8,200-250,0-5,0-2000,CMP042,1705.66,-0.9649,-1645.86,2011-05-19,204,Ocasional
13394.0,2,8,2520.02,0-50,5-10,2000-4000,CMP028,1090.24,1.3114,1429.78,2011-12-07,2,Regular
13395.0,185,1,307.72,150-200,0-5,0-2000,CMP017,524.29,-0.4131,-216.57,2011-06-07,185,Ocasional
13396.0,29,2,1360.99,0-50,0-5,0-2000,CMP029,1146.55,0.187,214.44,2011-11-10,29,Regular
13397.0,73,5,1544.13,50-100,5-10,0-2000,CMP020,517.27,1.9852,1026.86,2011-09-27,73,Regular
13398.0,192,1,457.34,150-200,0-5,0-2000,CMP013,809.51,-0.435,-352.17,2011-05-31,192,Ocasional
13402.0,127,2,621.23,100-150,0-5,0-2000,CMP020,517.27,0.201,103.96,2011-08-04,127,Regular
13403.0,18,1,75.0,0-50,0-5,0-2000,CMP004,327.19,-0.7708,-252.19,2011-11-21,18,Regular
13404.0,1,2,252.49,0-50,0-5,0-2000,CMP005,191.74,0.3168,60.75,2011-12-08,1,Regular
13405.0,204,2,557.45,200-250,0-5,0-2000,CMP022,435.33,0.2805,122.12,2011-05-19,204,Ocasional
13410.0,24,5,1003.06,0-50,5-10,0-2000,CMP019,593.24,0.6908,409.82,2011-11-15,24,Regular
13411.0,107,1,213.55,100-150,0-5,0-2000,CMP042,1705.66,-0.8748,-1492.11,2011-08-24,107,Regular
13414.0,134,3,1390.5,100-150,0-5,0-2000,CMP017,524.29,1.6522,866.21,2011-07-28,134,Regular
13416.0,44,2,712.5,0-50,0-5,0-2000,CMP024,557.84,0.2772,154.66,2011-10-26,44,Regular
13417.0,5,2,640.83,0-50,0-5,0-2000,CMP026,1285.33,-0.5014,-644.5,2011-12-04,5,Regular
13418.0,12,18,6127.43,0-50,15-20,6000-8000,CMP002,434.92,13.0886,5692.51,2011-11-27,12,Engajado
13419.0,64,1,221.06,50-100,0-5,0-2000,CMP022,435.33,-0.4922,-214.27,2011-10-06,64,Regular
13420.0,150,2,159.85,150-200,0-5,0-2000,CMP005,191.74,-0.1663,-31.89,2011-07-12,150,Ocasional
13421.0,40,2,1823.21,0-50,0-5,0-2000,CMP047,1540.55,0.1835,282.66,2011-10-30,40,Regular
13422.0,64,1,2626.3,50-100,0-5,2000-4000,CMP015,458.19,4.7319,2168.11,2011-10-06,64,Regular
13425.0,108,3,1624.21,100-150,0-5,0-2000,CMP030,753.44,1.1557,870.77,2011-08-23,108,Regular
13426.0,1,10,3641.32,0-50,10-15,2000-4000,CMP009,327.94,10.1036,3313.38,2011-12-08,1,Regular
13427.0,19,3,582.6,0-50,0-5,0-2000,CMP048,1728.05,-0.6629,-1145.45,2011-11-20,19,Regular
13428.0,10,1,201.78,0-50,0-5,0-2000,CMP014,474.66,-0.5749,-272.88,2011-11-29,10,Regular
13429.0,11,4,1006.8,0-50,0-5,0-2000,CMP025,1048.37,-0.0397,-41.57,2011-11-28,11,Regular
13430.0,19,2,679.45,0-50,0-5,0-2000,CMP007,161.77,3.2001,517.68,2011-11-20,19,Regular
13431.0,67,2,1269.1,50-100,0-5,0-2000,CMP030,753.44,0.6844,515.66,2011-10-03,67,Regular
13434.0,74,2,534.24,50-100,0-5,0-2000,CMP013,809.51,-0.34,-275.27,2011-09-26,74,Regular
13435.0,5,7,3809.89,0-50,5-10,2000-4000,CMP045,1492.9,1.552,2316.99,2011-12-04,5,Regular
13436.0,2,1,196.89,0-50,0-5,0-2000,CMP006,191.74,0.0269,5.15,2011-12-07,2,Regular
13437.0,14,7,3408.06,0-50,5-10,2000-4000,CMP019,593.24,4.7448,2814.82,2011-11-25,14,Regular
13439.0,255,1,283.71,250-300,0-5,0-2000,CMP001,258.61,0.0971,25.1,2011-03-29,255,Ocasional
13441.0,92,1,296.64,50-100,0-5,0-2000,CMP013,809.51,-0.6336,-512.87,2011-09-08,92,Regular
13447.0,23,3,1129.14,0-50,0-5,0-2000,CMP024,557.84,1.0241,571.3,2011-11-16,23,Regular
13448.0,17,6,3534.69,0-50,5-10,2000-4000,CMP007,161.77,20.8501,3372.92,2011-11-22,17,Regular
13449.0,24,1,291.88,0-50,0-5,0-2000,CMP031,1157.44,-0.7478,-865.56,2011-11-15,24,Regular
13450.0,27,6,2043.72,0-50,5-10,2000-4000,CMP031,1157.44,0.7657,886.28,2011-11-12,27,Regular
13451.0,26,5,2898.26,0-50,5-10,2000-4000,CMP033,766.84,2.7795,2131.42,2011-11-13,26,Regular
13452.0,259,2,590.0,250-300,0-5,0-2000,CMP020,517.27,0.1406,72.73,2011-03-25,259,Ocasional
13453.0,166,2,356.98,150-200,0-5,0-2000,CMP019,593.24,-0.3983,-236.26,2011-06-26,166,Ocasional
13455.0,25,2,1058.34,0-50,0-5,0-2000,CMP024,557.84,0.8972,500.5,2011-11-14,25,Regular
13456.0,18,6,1766.72,0-50,5-10,0-2000,CMP015,458.19,2.8559,1308.53,2011-11-21,18,Regular
13458.0,7,14,9646.57,0-50,10-15,8000-10000,CMP018,643.37,13.9938,9003.2,2011-12-02,7,Engajado
13460.0,29,2,183.44,0-50,0-5,0-2000,CMP037,1534.16,-0.8804,-1350.72,2011-11-10,29,Regular
13461.0,39,3,1445.0,0-50,0-5,0-2000,CMP043,1290.94,0.1193,154.06,2011-10-31,39,Regular
13462.0,253,1,151.5,250-300,0-5,0-2000,CMP010,360.67,-0.5799,-209.17,2011-03-31,253,Ocasional
13464.0,58,1,674.68,50-100,0-5,0-2000,CMP014,474.66,0.4214,200.02,2011-10-12,58,Regular
13466.0,184,1,307.90000000000003,150-200,0-5,0-2000,CMP026,1285.33,-0.7605,-977.43,2011-06-08,184,Ocasional
13467.0,11,2,1071.91,0-50,0-5,0-2000,CMP019,593.24,0.8069,478.67,2011-11-28,11,Regular
13468.0,2,37,5704.97,0-50,,4000-6000,CMP003,367.99,14.5031,5336.98,2011-12-07,2,Engajado
13470.0,99,2,165.0,50-100,0-5,0-2000,CMP005,191.74,-0.1395,-26.74,2011-09-01,99,Regular
13471.0,1,4,2501.84,0-50,0-5,2000-4000,CMP039,1875.82,0.3337,626.02,2011-12-08,1,Regular
13473.0,61,2,422.64,50-100,0-5,0-2000,CMP027,863.77,-0.5107,-441.13,2011-10-09,61,Regular
13474.0,236,1,226.84,200-250,0-5,0-2000,CMP001,258.61,-0.1228,-31.77,2011-04-17,236,Ocasional
13475.0,191,4,1431.78,150-200,0-5,0-2000,CMP013,809.51,0.7687,622.27,2011-06-01,191,Ocasional
13476.0,179,2,1238.47,150-200,0-5,0-2000,CMP013,809.51,0.5299,428.96,2011-06-13,179,Ocasional
13477.0,38,6,1454.58,0-50,5-10,0-2000,CMP027,863.77,0.684,590.81,2011-11-01,38,Regular
13479.0,201,2,300.95,200-250,0-5,0-2000,CMP001,258.61,0.1637,42.34,2011-05-22,201,Ocasional
13481.0,46,5,1804.56,0-50,5-10,0-2000,CMP010,360.67,4.0034,1443.89,2011-10-24,46,Regular
13482.0,232,1,184.64,200-250,0-5,0-2000,CMP032,842.78,-0.7809,-658.14,2011-04-21,232,Ocasional
13483.0,66,1,140.34,50-100,0-5,0-2000,CMP005,191.74,-0.2681,-51.4,2011-10-04,66,Regular
13484.0,241,1,313.8,200-250,0-5,0-2000,CMP027,863.77,-0.6367,-549.97,2011-04-12,241,Ocasional
13485.0,233,1,454.24,200-250,0-5,0-2000,CMP013,809.51,-0.4389,-355.27,2011-04-20,233,Ocasional
13486.0,78,3,1122.41,50-100,0-5,0-2000,CMP009,327.94,2.4226,794.47,2011-09-22,78,Regular
13487.0,58,3,575.4,50-100,0-5,0-2000,CMP014,474.66,0.2122,100.74,2011-10-12,58,Regular
13488.0,17,13,8968.31,0-50,10-15,8000-10000,CMP040,1656.14,4.4152,7312.17,2011-11-22,17,Engajado
13489.0,105,4,449.52,100-150,0-5,0-2000,CMP035,1415.25,-0.6824,-965.73,2011-08-26,105,Regular
13491.0,52,10,1215.82,50-100,10-15,0-2000,CMP032,842.78,0.4426,373.04,2011-10-18,52,Regular
13492.0,136,3,1269.84,100-150,0-5,0-2000,CMP019,593.24,1.1405,676.6,2011-07-26,136,Regular
13493.0,275,2,498.63,250-300,0-5,0-2000,CMP027,863.77,-0.4227,-365.14,2011-03-09,275,Ocasional
13494.0,312,1,316.26000000000005,300-350,0-5,0-2000,CMP012,440.78,-0.2825,-124.52,2011-01-31,312,Ocasional
13495.0,8,5,2044.87,0-50,5-10,2000-4000,CMP026,1285.33,0.5909,759.54,2011-12-01,8,Regular
13496.0,11,2,653.33,0-50,0-5,0-2000,CMP039,1875.82,-0.6517,-1222.49,2011-11-28,11,Regular
13497.0,283,2,348.05,250-300,0-5,0-2000,CMP002,434.92,-0.1997,-86.87,2011-03-01,283,Ocasional
13499.0,18,5,1159.11,0-50,5-10,0-2000,CMP009,327.94,2.5345,831.17,2011-11-21,18,Regular
13500.0,23,3,1166.77,0-50,0-5,0-2000,CMP012,440.78,1.6471,725.99,2011-11-16,23,Regular
13501.0,288,1,1340.32,250-300,0-5,0-2000,CMP003,367.99,2.6423,972.33,2011-02-24,288,Ocasional
13502.0,17,3,292.0,0-50,0-5,0-2000,CMP005,191.74,0.5229,100.26,2011-11-22,17,Regular
13503.0,71,1,216.85,50-100,0-5,0-2000,CMP016,459.04,-0.5276,-242.19,2011-09-29,71,Regular
13504.0,64,1,295.93,50-100,0-5,0-2000,CMP012,440.78,-0.3286,-144.85,2011-10-06,64,Regular
13505.0,73,4,3633.63,50-100,0-5,2000-4000,CMP045,1492.9,1.4339,2140.73,2011-09-27,73,Regular
13506.0,316,2,458.52,300-350,0-5,0-2000,CMP032,842.78,-0.4559,-384.26,2011-01-27,316,Ocasional
13507.0,3,4,2479.16,0-50,0-5,2000-4000,CMP027,863.77,1.8702,1615.39,2011-12-06,3,Regular
13508.0,244,1,110.97,200-250,0-5,0-2000,CMP007,161.77,-0.314,-50.8,2011-04-09,244,Ocasional
13509.0,9,6,964.72,0-50,5-10,0-2000,CMP018,643.37,0.4995,321.35,2011-11-30,9,Regular
13510.0,1,4,1791.56,0-50,0-5,0-2000,CMP035,1415.25,0.2659,376.31,2011-12-08,1,Regular
13512.0,261,1,251.21,250-300,0-5,0-2000,CMP008,409.05,-0.3859,-157.84,2011-03-23,261,Ocasional
13513.0,127,1,205.1,100-150,0-5,0-2000,CMP018,643.37,-0.6812,-438.27,2011-08-04,127,Regular
13514.0,74,1,152.20000000000002,50-100,0-5,0-2000,CMP011,150.3,0.0126,1.9,2011-09-26,74,Regular
13515.0,73,4,891.12,50-100,0-5,0-2000,CMP023,517.75,0.7211,373.37,2011-09-27,73,Regular
13516.0,21,3,1389.41,0-50,0-5,0-2000,CMP020,517.27,1.686,872.14,2011-11-18,21,Regular
13517.0,60,3,2128.42,50-100,0-5,2000-4000,CMP026,1285.33,0.6559,843.09,2011-10-10,60,Regular
13518.0,86,1,627.16,50-100,0-5,0-2000,CMP044,2078.39,-0.6982,-1451.23,2011-09-14,86,Regular
13519.0,78,1,122.75,50-100,0-5,0-2000,CMP030,753.44,-0.8371,-630.69,2011-09-22,78,Regular
13520.0,59,6,2984.35,50-100,5-10,2000-4000,CMP014,474.66,5.2873,2509.69,2011-10-11,59,Regular
13521.0,1,3,1070.47,0-50,0-5,0-2000,CMP036,1302.05,-0.1779,-231.58,2011-12-08,1,Regular
13522.0,30,1,125.8,0-50,0-5,0-2000,CMP013,809.51,-0.8446,-683.71,2011-11-09,30,Regular
13523.0,33,5,3964.88,0-50,5-10,2000-4000,CMP045,1492.9,1.6558,2471.98,2011-11-06,33,Regular
13524.0,41,5,680.1800000000001,0-50,5-10,0-2000,CMP031,1157.44,-0.4123,-477.26,2011-10-29,41,Regular
13525.0,15,2,628.78,0-50,0-5,0-2000,CMP019,593.24,0.0599,35.54,2011-11-24,15,Regular
13527.0,34,7,2242.36,0-50,5-10,2000-4000,CMP003,367.99,5.0935,1874.37,2011-11-05,34,Regular
13529.0,79,2,307.76,50-100,0-5,0-2000,CMP014,474.66,-0.3516,-166.9,2011-09-21,79,Regular
13531.0,205,2,483.8,200-250,0-5,0-2000,CMP023,517.75,-0.0656,-33.95,2011-05-18,205,Ocasional
13532.0,34,1,210.31,0-50,0-5,0-2000,CMP019,593.24,-0.6455,-382.93,2011-11-05,34,Regular
13533.0,183,3,269.09,150-200,0-5,0-2000,CMP007,161.77,0.6634,107.32,2011-06-09,183,Ocasional
13534.0,2,25,5870.08,0-50,25-30,4000-6000,CMP014,474.66,11.3669,5395.42,2011-12-07,2,Engajado
13536.0,1,7,3444.39,0-50,5-10,2000-4000,CMP043,1290.94,1.6681,2153.45,2011-12-08,1,Regular
13538.0,43,7,1280.85,0-50,5-10,0-2000,CMP047,1540.55,-0.1686,-259.7,2011-10-27,43,Regular
13539.0,86,3,631.34,50-100,0-5,0-2000,CMP023,517.75,0.2194,113.59,2011-09-14,86,Regular
13544.0,40,2,276.06,0-50,0-5,0-2000,CMP005,191.74,0.4398,84.32,2011-10-30,40,Regular
13546.0,12,3,621.09,0-50,0-5,0-2000,CMP015,458.19,0.3555,162.9,2011-11-27,12,Regular
13548.0,96,2,678.16,50-100,0-5,0-2000,CMP002,434.92,0.5593,243.24,2011-09-04,96,Regular
13549.0,26,7,918.2,0-50,5-10,0-2000,CMP040,1656.14,-0.4456,-737.94,2011-11-13,26,Regular
13551.0,319,1,91.8,300-350,0-5,0-2000,CMP004,327.19,-0.7194,-235.39,2011-01-24,319,Ocasional
13552.0,66,12,3740.07,50-100,10-15,2000-4000,CMP035,1415.25,1.6427,2324.82,2011-10-04,66,Engajado
13555.0,74,4,4098.88,50-100,0-5,4000-6000,CMP025,1048.37,2.9098,3050.51,2011-09-26,74,Regular
13557.0,28,2,584.0600000000001,0-50,0-5,0-2000,CMP024,557.84,0.047,26.22,2011-11-11,28,Regular
13558.0,6,4,594.52,0-50,0-5,0-2000,CMP027,863.77,-0.3117,-269.25,2011-12-03,6,Regular
13560.0,7,1,171.42000000000002,0-50,0-5,0-2000,CMP035,1415.25,-0.8789,-1243.83,2011-12-02,7,Regular
13561.0,216,1,141.86,200-250,0-5,0-2000,CMP006,191.74,-0.2601,-49.88,2011-05-07,216,Ocasional
13562.0,82,3,1799.3300000000002,50-100,0-5,0-2000,CMP002,434.92,3.1372,1364.41,2011-09-18,82,Regular
13563.0,84,2,777.53,50-100,0-5,0-2000,CMP010,360.67,1.1558,416.86,2011-09-16,84,Regular
13564.0,354,2,1174.03,350-400,0-5,0-2000,CMP039,1875.82,-0.3741,-701.79,2010-12-20,354,Ocasional
13565.0,19,2,240.22,0-50,0-5,0-2000,CMP038,1347.91,-0.8218,-1107.69,2011-11-20,19,Regular
13566.0,41,2,856.84,0-50,0-5,0-2000,CMP025,1048.37,-0.1827,-191.53,2011-10-29,41,Regular
13568.0,173,1,187.05,150-200,0-5,0-2000,CMP017,524.29,-0.6432,-337.24,2011-06-19,173,Ocasional
13569.0,17,2,337.12,0-50,0-5,0-2000,CMP027,863.77,-0.6097,-526.65,2011-11-22,17,Regular
13570.0,243,1,239.49,200-250,0-5,0-2000,CMP005,191.74,0.249,47.75,2011-04-10,243,Ocasional
13571.0,13,12,2088.94,0-50,10-15,2000-4000,CMP046,1856.27,0.1253,232.67,2011-11-26,13,Regular
13572.0,206,1,1384.25,200-250,0-5,0-2000,CMP019,593.24,1.3334,791.01,2011-05-17,206,Ocasional
13573.0,50,2,290.25,50-100,0-5,0-2000,CMP011,150.3,0.9311,139.95,2011-10-20,50,Regular
13575.0,23,5,732.07,0-50,5-10,0-2000,CMP022,435.33,0.6816,296.74,2011-11-16,23,Regular
13576.0,10,18,6717.34,0-50,15-20,6000-8000,CMP005,191.74,34.0336,6525.6,2011-11-29,10,Engajado
13577.0,25,4,1687.6,0-50,0-5,0-2000,CMP016,459.04,2.6764,1228.56,2011-11-14,25,Regular
13579.0,15,2,467.04,0-50,0-5,0-2000,CMP029,1146.55,-0.5927,-679.51,2011-11-24,15,Regular
13581.0,309,1,118.0,300-350,0-5,0-2000,CMP003,367.99,-0.6793,-249.99,2011-02-03,309,Ocasional
13583.0,156,1,781.03,150-200,0-5,0-2000,CMP025,1048.37,-0.255,-267.34,2011-07-06,156,Ocasional
13584.0,307,1,142.4,300-350,0-5,0-2000,CMP007,161.77,-0.1197,-19.37,2011-02-05,307,Ocasional
13587.0,64,1,712.4,50-100,0-5,0-2000,CMP018,643.37,0.1073,69.03,2011-10-06,64,Regular
13588.0,16,9,2478.95,0-50,5-10,2000-4000,CMP026,1285.33,0.9286,1193.62,2011-11-23,16,Regular
13589.0,15,2,379.65,0-50,0-5,0-2000,CMP017,524.29,-0.2759,-144.64,2011-11-24,15,Regular
13590.0,11,6,1981.92,0-50,5-10,0-2000,CMP040,1656.14,0.1967,325.78,2011-11-28,11,Regular
13591.0,65,3,1117.13,50-100,0-5,0-2000,CMP015,458.19,1.4381,658.94,2011-10-05,65,Regular
13592.0,36,4,247.96,0-50,0-5,0-2000,CMP016,459.04,-0.4598,-211.08,2011-11-03,36,Regular
13593.0,108,5,2011.88,100-150,5-10,2000-4000,CMP032,842.78,1.3872,1169.1,2011-08-23,108,Regular
13594.0,53,1,396.97,50-100,0-5,0-2000,CMP027,863.77,-0.5404,-466.8,2011-10-17,53,Regular
13596.0,6,2,664.11,0-50,0-5,0-2000,CMP042,1705.66,-0.6106,-1041.55,2011-12-03,6,Regular
13598.0,47,1,160.04,0-50,0-5,0-2000,CMP027,863.77,-0.8147,-703.73,2011-10-23,47,Regular
13599.0,1,21,5149.92,0-50,20-25,4000-6000,CMP021,690.41,6.4592,4459.51,2011-12-08,1,Engajado
13600.0,312,1,219.52,300-350,0-5,0-2000,CMP001,258.61,-0.1512,-39.09,2011-01-31,312,Ocasional
13601.0,45,2,693.32,0-50,0-5,0-2000,CMP014,474.66,0.4607,218.66,2011-10-25,45,Regular
13602.0,65,1,428.89,50-100,0-5,0-2000,CMP025,1048.37,-0.5909,-619.48,2011-10-05,65,Regular
13603.0,26,1,164.34,0-50,0-5,0-2000,CMP002,434.92,-0.6221,-270.58,2011-11-13,26,Regular
13606.0,29,3,276.75,0-50,0-5,0-2000,CMP014,474.66,-0.417,-197.91,2011-11-10,29,Regular
13607.0,40,1,675.51,0-50,0-5,0-2000,CMP025,1048.37,-0.3557,-372.86,2011-10-30,40,Regular
13610.0,12,7,1082.33,0-50,5-10,0-2000,CMP017,524.29,1.0644,558.04,2011-11-27,12,Regular
13611.0,89,3,1154.4,50-100,0-5,0-2000,CMP031,1157.44,-0.0026,-3.04,2011-09-11,89,Regular
13614.0,24,4,1585.46,0-50,0-5,0-2000,CMP011,150.3,9.5486,1435.16,2011-11-15,24,Regular
13615.0,319,1,417.69,300-350,0-5,0-2000,CMP008,409.05,0.0211,8.64,2011-01-24,319,Ocasional
13617.0,40,3,544.18,0-50,0-5,0-2000,CMP029,1146.55,-0.5254,-602.37,2011-10-30,40,Regular
13618.0,174,1,177.34,150-200,0-5,0-2000,CMP014,474.66,-0.6264,-297.32,2011-06-18,174,Ocasional
13621.0,117,1,213.85,100-150,0-5,0-2000,CMP024,557.84,-0.6166,-343.99,2011-08-14,117,Regular
13623.0,31,5,727.74,0-50,5-10,0-2000,CMP020,517.27,0.4069,210.47,2011-11-08,31,Regular
13626.0,253,1,257.23,250-300,0-5,0-2000,CMP007,161.77,0.5901,95.46,2011-03-31,253,Ocasional
13627.0,59,5,1638.47,50-100,5-10,0-2000,CMP043,1290.94,0.2692,347.53,2011-10-11,59,Regular
13629.0,23,11,7792.36,0-50,10-15,6000-8000,CMP042,1705.66,3.5685,6086.7,2011-11-16,23,Engajado
13630.0,5,7,2031.78,0-50,5-10,2000-4000,CMP039,1875.82,0.0831,155.96,2011-12-04,5,Regular
13631.0,100,11,3070.42,100-150,10-15,2000-4000,CMP025,1048.37,1.9288,2022.05,2011-08-31,100,Regular
13632.0,25,5,2118.93,0-50,5-10,2000-4000,CMP035,1415.25,0.4972,703.68,2011-11-14,25,Regular
13634.0,33,5,1547.36,0-50,5-10,0-2000,CMP017,524.29,1.9513,1023.07,2011-11-06,33,Regular
13635.0,68,1,1071.03,50-100,0-5,0-2000,CMP009,327.94,2.2659,743.09,2011-10-02,68,Regular
13636.0,37,5,949.12,0-50,5-10,0-2000,CMP041,1369.84,-0.3071,-420.72,2011-11-02,37,Regular
13637.0,52,3,803.05,50-100,0-5,0-2000,CMP010,360.67,1.2266,442.38,2011-10-18,52,Regular
13638.0,16,1,122.64,0-50,0-5,0-2000,CMP045,1492.9,-0.9179,-1370.26,2011-11-23,16,Regular
13639.0,74,1,1033.34,50-100,0-5,0-2000,CMP020,517.27,0.9977,516.07,2011-09-26,74,Regular
13642.0,216,1,312.28,200-250,0-5,0-2000,CMP012,440.78,-0.2915,-128.5,2011-05-07,216,Ocasional
13643.0,31,3,519.44,0-50,0-5,0-2000,CMP023,517.75,0.0033,1.69,2011-11-08,31,Regular
13644.0,16,4,2624.26,0-50,0-5,2000-4000,CMP044,2078.39,0.2626,545.87,2011-11-23,16,Regular
13645.0,120,1,252.1,100-150,0-5,0-2000,CMP027,863.77,-0.7081,-611.67,2011-08-11,120,Regular
13647.0,10,4,1648.12,0-50,0-5,0-2000,CMP042,1705.66,-0.0337,-57.54,2011-11-29,10,Regular
13649.0,257,2,346.6,250-300,0-5,0-2000,CMP027,863.77,-0.5987,-517.17,2011-03-27,257,Ocasional
13650.0,17,6,1836.34,0-50,5-10,0-2000,CMP039,1875.82,-0.021,-39.48,2011-11-22,17,Regular
13651.0,40,1,79.2,0-50,0-5,0-2000,CMP036,1302.05,-0.9392,-1222.85,2011-10-30,40,Regular
13652.0,46,3,1095.08,0-50,0-5,0-2000,CMP014,474.66,1.3071,620.42,2011-10-24,46,Regular
13654.0,43,6,2707.33,0-50,5-10,2000-4000,CMP032,842.78,2.2124,1864.55,2011-10-27,43,Regular
13655.0,114,2,932.97,100-150,0-5,0-2000,CMP013,809.51,0.1525,123.46,2011-08-17,114,Regular
13656.0,165,2,379.65,150-200,0-5,0-2000,CMP047,1540.55,-0.7536,-1160.9,2011-06-27,165,Ocasional
13657.0,11,2,382.14,0-50,0-5,0-2000,CMP043,1290.94,-0.704,-908.8,2011-11-28,11,Regular
13658.0,10,5,2639.17,0-50,5-10,2000-4000,CMP004,327.19,7.0662,2311.98,2011-11-29,10,Regular
13659.0,206,2,1563.0,200-250,0-5,0-2000,CMP028,1090.24,0.4336,472.76,2011-05-17,206,Ocasional
13662.0,86,3,881.26,50-100,0-5,0-2000,CMP041,1369.84,-0.3567,-488.58,2011-09-14,86,Regular
13663.0,179,1,189.47,150-200,0-5,0-2000,CMP005,191.74,-0.0118,-2.27,2011-06-13,179,Ocasional
13666.0,60,3,84.65,50-100,0-5,0-2000,CMP016,459.04,-0.8156,-374.39,2011-10-10,60,Regular
13667.0,149,1,299.05,100-150,0-5,0-2000,CMP042,1705.66,-0.8247,-1406.61,2011-07-13,149,Ocasional
13668.0,3,21,6309.83,0-50,20-25,6000-8000,CMP004,327.19,18.2849,5982.64,2011-12-06,3,Engajado
13669.0,51,2,218.55,50-100,0-5,0-2000,CMP024,557.84,-0.6082,-339.29,2011-10-19,51,Regular
13670.0,75,1,349.7,50-100,0-5,0-2000,CMP015,458.19,-0.2368,-108.49,2011-09-25,75,Regular
13672.0,301,2,186.39,300-350,0-5,0-2000,CMP042,1705.66,-0.8907,-1519.27,2011-02-11,301,Ocasional
13673.0,19,2,387.44,0-50,0-5,0-2000,CMP046,1856.27,-0.7913,-1468.83,2011-11-20,19,Regular
13675.0,151,2,486.8200000000001,150-200,0-5,0-2000,CMP043,1290.94,-0.6229,-804.12,2011-07-11,151,Ocasional
13678.0,152,1,232.6,150-200,0-5,0-2000,CMP013,809.51,-0.7127,-576.91,2011-07-10,152,Ocasional
13680.0,1,4,3719.12,0-50,0-5,2000-4000,CMP044,2078.39,0.7894,1640.73,2011-12-08,1,Regular
13681.0,18,4,827.83,0-50,0-5,0-2000,CMP034,1403.19,-0.41,-575.36,2011-11-21,18,Regular
13682.0,187,1,59.5,150-200,0-5,0-2000,CMP009,327.94,-0.8186,-268.44,2011-06-05,187,Ocasional
13684.0,286,1,65.13,250-300,0-5,0-2000,CMP035,1415.25,-0.954,-1350.12,2011-02-26,286,Ocasional
13685.0,3,7,3119.44,0-50,5-10,2000-4000,CMP004,327.19,8.534,2792.25,2011-12-06,3,Regular
13686.0,183,1,72.0,150-200,0-5,0-2000,CMP016,459.04,-0.8432,-387.04,2011-06-09,183,Ocasional
13689.0,63,1,910.0,50-100,0-5,0-2000,CMP013,809.51,0.1241,100.49,2011-10-07,63,Regular
13690.0,59,1,172.25,50-100,0-5,0-2000,CMP004,327.19,-0.4735,-154.94,2011-10-11,59,Regular
13692.0,25,3,1488.32,0-50,0-5,0-2000,CMP008,409.05,2.6385,1079.27,2011-11-14,25,Regular
13695.0,31,15,2504.13,0-50,15-20,2000-4000,CMP039,1875.82,0.335,628.31,2011-11-08,31,Engajado
13697.0,39,1,151.3,0-50,0-5,0-2000,CMP010,360.67,-0.5805,-209.37,2011-10-31,39,Regular
13699.0,155,1,308.58000000000004,150-200,0-5,0-2000,CMP029,1146.55,-0.7309,-837.97,2011-07-07,155,Ocasional
13700.0,26,10,2248.63,0-50,10-15,2000-4000,CMP007,161.77,12.9002,2086.86,2011-11-13,26,Regular
13703.0,318,1,99.5,300-350,0-5,0-2000,CMP009,327.94,-0.6966,-228.44,2011-01-25,318,Ocasional
13704.0,5,9,2308.06,0-50,5-10,2000-4000,CMP034,1403.19,0.6449,904.87,2011-12-04,5,Regular
13705.0,8,3,711.86,0-50,0-5,0-2000,CMP031,1157.44,-0.385,-445.58,2011-12-01,8,Regular
13706.0,303,1,330.79,300-350,0-5,0-2000,CMP016,459.04,-0.2794,-128.25,2011-02-09,303,Ocasional
13707.0,267,2,806.41,250-300,0-5,0-2000,CMP026,1285.33,-0.3726,-478.92,2011-03-17,267,Ocasional
13708.0,271,1,283.33,250-300,0-5,0-2000,CMP039,1875.82,-0.849,-1592.49,2011-03-13,271,Ocasional
13709.0,4,13,6307.650000000001,0-50,10-15,6000-8000,CMP036,1302.05,3.8444,5005.6,2011-12-05,4,Engajado
13710.0,32,1,180.48,0-50,0-5,0-2000,CMP007,161.77,0.1157,18.71,2011-11-07,32,Regular
13711.0,219,2,252.06,200-250,0-5,0-2000,CMP001,258.61,-0.0253,-6.55,2011-05-04,219,Ocasional
13712.0,247,1,228.84,200-250,0-5,0-2000,CMP038,1347.91,-0.8302,-1119.07,2011-04-06,247,Ocasional
13715.0,281,5,1077.39,250-300,5-10,0-2000,CMP003,367.99,1.9278,709.4,2011-03-03,281,Ocasional
13716.0,269,1,138.28,250-300,0-5,0-2000,CMP038,1347.91,-0.8974,-1209.63,2011-03-15,269,Ocasional
13717.0,32,6,1445.01,0-50,5-10,0-2000,CMP023,517.75,1.7909,927.26,2011-11-07,32,Regular
13718.0,246,2,306.55,200-250,0-5,0-2000,CMP043,1290.94,-0.7625,-984.39,2011-04-07,246,Ocasional
13719.0,15,5,1041.68,0-50,5-10,0-2000,CMP031,1157.44,-0.1,-115.76,2011-11-24,15,Regular
13720.0,117,4,799.9,100-150,0-5,0-2000,CMP048,1728.05,-0.5371,-928.15,2011-08-14,117,Regular
13721.0,36,1,524.14,0-50,0-5,0-2000,CMP017,524.29,-0.0003,-0.15,2011-11-03,36,Regular
13722.0,132,3,2375.41,100-150,0-5,2000-4000,CMP041,1369.84,0.7341,1005.57,2011-07-30,132,Regular
13723.0,217,1,199.85,200-250,0-5,0-2000,CMP011,150.3,0.3297,49.55,2011-05-06,217,Ocasional
13725.0,50,8,1980.56,50-100,5-10,0-2000,CMP032,842.78,1.35,1137.78,2011-10-20,50,Regular
13726.0,39,2,1079.66,0-50,0-5,0-2000,CMP026,1285.33,-0.16,-205.67,2011-10-31,39,Regular
13727.0,29,2,333.48,0-50,0-5,0-2000,CMP036,1302.05,-0.7439,-968.57,2011-11-10,29,Regular
13728.0,37,6,1016.14,0-50,5-10,0-2000,CMP047,1540.55,-0.3404,-524.41,2011-11-02,37,Regular
13730.0,136,2,752.6,100-150,0-5,0-2000,CMP030,753.44,-0.0011,-0.84,2011-07-26,136,Regular
13731.0,219,2,610.59,200-250,0-5,0-2000,CMP019,593.24,0.0292,17.35,2011-05-04,219,Ocasional
13732.0,28,1,491.86,0-50,0-5,0-2000,CMP019,593.24,-0.1709,-101.38,2011-11-11,28,Regular
13735.0,25,4,2883.54,0-50,0-5,2000-4000,CMP040,1656.14,0.7411,1227.4,2011-11-14,25,Regular
13736.0,5,2,729.8,0-50,0-5,0-2000,CMP013,809.51,-0.0985,-79.71,2011-12-04,5,Regular
13737.0,200,1,339.6,200-250,0-5,0-2000,CMP009,327.94,0.0356,11.66,2011-05-23,200,Ocasional
13739.0,18,1,216.9,0-50,0-5,0-2000,CMP010,360.67,-0.3986,-143.77,2011-11-21,18,Regular
13740.0,241,1,350.75,200-250,0-5,0-2000,CMP015,458.19,-0.2345,-107.44,2011-04-12,241,Ocasional
13741.0,72,3,668.4300000000001,50-100,0-5,0-2000,CMP015,458.19,0.4588,210.24,2011-09-28,72,Regular
13742.0,17,12,3107.87,0-50,10-15,2000-4000,CMP023,517.75,5.0026,2590.12,2011-11-22,17,Engajado
13743.0,3,7,1341.6,0-50,5-10,0-2000,CMP005,191.74,5.997,1149.86,2011-12-06,3,Regular
13744.0,95,2,1080.52,50-100,0-5,0-2000,CMP002,434.92,1.4844,645.6,2011-09-05,95,Regular
13745.0,162,1,300.04,150-200,0-5,0-2000,CMP048,1728.05,-0.8264,-1428.01,2011-06-30,162,Ocasional
13747.0,374,1,79.6,350-400,0-5,0-2000,CMP012,440.78,-0.8194,-361.18,2010-11-30,374,Ocasional
13748.0,96,5,948.25,50-100,5-10,0-2000,CMP018,643.37,0.4739,304.88,2011-09-04,96,Regular
13750.0,54,5,1647.26,50-100,5-10,0-2000,CMP038,1347.91,0.2221,299.35,2011-10-16,54,Regular
13751.0,288,1,296.25,250-300,0-5,0-2000,CMP006,191.74,0.5451,104.51,2011-02-24,288,Ocasional
13752.0,124,6,1175.38,100-150,5-10,0-2000,CMP044,2078.39,-0.4345,-903.01,2011-08-07,124,Regular
13753.0,288,1,741.26,250-300,0-5,0-2000,CMP031,1157.44,-0.3596,-416.18,2011-02-24,288,Ocasional
13754.0,152,2,282.6,150-200,0-5,0-2000,CMP003,367.99,-0.232,-85.39,2011-07-10,152,Ocasional
13755.0,4,9,2108.06,0-50,5-10,2000-4000,CMP030,753.44,1.7979,1354.62,2011-12-05,4,Regular
13756.0,2,14,5189.52,0-50,10-15,4000-6000,CMP045,1492.9,2.4761,3696.62,2011-12-07,2,Engajado
13758.0,12,7,3190.55,0-50,5-10,2000-4000,CMP047,1540.55,1.071,1650.0,2011-11-27,12,Regular
13759.0,33,2,659.4100000000001,0-50,0-5,0-2000,CMP021,690.41,-0.0449,-31.0,2011-11-06,33,Regular
13760.0,54,2,286.79,50-100,0-5,0-2000,CMP018,643.37,-0.5542,-356.58,2011-10-16,54,Regular
13761.0,50,2,1070.65,50-100,0-5,0-2000,CMP011,150.3,6.1234,920.35,2011-10-20,50,Regular
13762.0,219,1,306.72,200-250,0-5,0-2000,CMP048,1728.05,-0.8225,-1421.33,2011-05-04,219,Ocasional
13763.0,63,1,1714.96,50-100,0-5,0-2000,CMP023,517.75,2.3123,1197.21,2011-10-07,63,Regular
13764.0,71,3,1516.42,50-100,0-5,0-2000,CMP043,1290.94,0.1747,225.48,2011-09-29,71,Regular
13767.0,2,37,17220.36,0-50,,10000-12000,CMP037,1534.16,10.2246,15686.2,2011-12-07,2,Engajado
13769.0,2,10,2796.51,0-50,10-15,2000-4000,CMP036,1302.05,1.1478,1494.46,2011-12-07,2,Regular
13771.0,64,4,2634.45,50-100,0-5,2000-4000,CMP033,766.84,2.4355,1867.61,2011-10-06,64,Regular
13772.0,34,3,1122.63,0-50,0-5,0-2000,CMP013,809.51,0.3868,313.12,2011-11-05,34,Regular
13774.0,82,1,345.0,50-100,0-5,0-2000,CMP011,150.3,1.2954,194.7,2011-09-18,82,Regular
13777.0,1,33,25977.16,0-50,,10000-12000,CMP022,435.33,58.6723,25541.83,2011-12-08,1,Engajado
13778.0,103,1,178.7,100-150,0-5,0-2000,CMP005,191.74,-0.068,-13.04,2011-08-28,103,Regular
13780.0,7,2,360.01,0-50,0-5,0-2000,CMP031,1157.44,-0.689,-797.43,2011-12-02,7,Regular
13781.0,251,1,127.84,250-300,0-5,0-2000,CMP010,360.67,-0.6455,-232.83,2011-04-02,251,Ocasional
13782.0,13,6,908.86,0-50,5-10,0-2000,CMP006,191.74,3.7401,717.12,2011-11-26,13,Regular
13784.0,10,11,2462.79,0-50,10-15,2000-4000,CMP048,1728.05,0.4252,734.74,2011-11-29,10,Regular
13786.0,367,1,230.4,350-400,0-5,0-2000,CMP039,1875.82,-0.8772,-1645.42,2010-12-07,367,Ocasional
13787.0,76,2,309.04,50-100,0-5,0-2000,CMP042,1705.66,-0.8188,-1396.62,2011-09-24,76,Regular
13790.0,4,1,348.79999999999995,0-50,0-5,0-2000,CMP048,1728.05,-0.7982,-1379.25,2011-12-05,4,Regular
13791.0,128,2,1516.0,100-150,0-5,0-2000,CMP011,150.3,9.0865,1365.7,2011-08-03,128,Regular
13792.0,66,2,195.55,50-100,0-5,0-2000,CMP011,150.3,0.3011,45.25,2011-10-04,66,Regular
13799.0,117,2,688.86,100-150,0-5,0-2000,CMP030,753.44,-0.0857,-64.58,2011-08-14,117,Regular
13800.0,310,1,558.32,300-350,0-5,0-2000,CMP028,1090.24,-0.4879,-531.92,2011-02-02,310,Ocasional
13801.0,67,1,324.8,50-100,0-5,0-2000,CMP011,150.3,1.161,174.5,2011-10-03,67,Regular
13802.0,139,3,4599.42,100-150,0-5,4000-6000,CMP043,1290.94,2.5628,3308.48,2011-07-23,139,Regular
13803.0,255,1,277.07,250-300,0-5,0-2000,CMP006,191.74,0.445,85.33,2011-03-29,255,Ocasional
13804.0,31,7,2588.39,0-50,5-10,2000-4000,CMP022,435.33,4.9458,2153.06,2011-11-08,31,Regular
13805.0,52,2,924.6,50-100,0-5,0-2000,CMP023,517.75,0.7858,406.85,2011-10-18,52,Regular
13806.0,64,1,256.38,50-100,0-5,0-2000,CMP016,459.04,-0.4415,-202.66,2011-10-06,64,Regular
13807.0,367,1,112.6,350-400,0-5,0-2000,CMP016,459.04,-0.7547,-346.44,2010-12-07,367,Ocasional
13808.0,6,5,1747.66,0-50,5-10,0-2000,CMP009,327.94,4.3292,1419.72,2011-12-03,6,Regular
13809.0,305,1,155.05,300-350,0-5,0-2000,CMP039,1875.82,-0.9173,-1720.77,2011-02-07,305,Ocasional
13810.0,29,2,827.51,0-50,0-5,0-2000,CMP014,474.66,0.7434,352.85,2011-11-10,29,Regular
13811.0,184,2,519.75,150-200,0-5,0-2000,CMP010,360.67,0.4411,159.08,2011-06-08,184,Ocasional
13812.0,42,3,485.0,0-50,0-5,0-2000,CMP038,1347.91,-0.6402,-862.91,2011-10-28,42,Regular
13813.0,40,4,1168.86,0-50,0-5,0-2000,CMP044,2078.39,-0.4376,-909.53,2011-10-30,40,Regular
13814.0,92,2,1579.12,50-100,0-5,0-2000,CMP035,1415.25,0.1158,163.87,2011-09-08,92,Regular
13815.0,22,4,3667.36,0-50,0-5,2000-4000,CMP042,1705.66,1.1501,1961.7,2011-11-17,22,Regular
13816.0,24,2,499.67,0-50,0-5,0-2000,CMP027,863.77,-0.4215,-364.1,2011-11-15,24,Regular
13817.0,29,2,328.98,0-50,0-5,0-2000,CMP023,517.75,-0.3646,-188.77,2011-11-10,29,Regular
13819.0,302,3,1140.35,300-350,0-5,0-2000,CMP009,327.94,2.4773,812.41,2011-02-10,302,Ocasional
13821.0,145,2,385.64,100-150,0-5,0-2000,CMP019,593.24,-0.3499,-207.6,2011-07-17,145,Ocasional
13822.0,6,2,632.0,0-50,0-5,0-2000,CMP018,643.37,-0.0177,-11.37,2011-12-03,6,Regular
13823.0,19,2,957.66,0-50,0-5,0-2000,CMP014,474.66,1.0176,483.0,2011-11-20,19,Regular
13824.0,33,5,1698.94,0-50,5-10,0-2000,CMP040,1656.14,0.0258,42.8,2011-11-06,33,Regular
13826.0,176,1,189.5,150-200,0-5,0-2000,CMP014,474.66,-0.6008,-285.16,2011-06-16,176,Ocasional
13827.0,58,3,409.8,50-100,0-5,0-2000,CMP008,409.05,0.0018,0.75,2011-10-12,58,Regular
13828.0,22,1,209.49,0-50,0-5,0-2000,CMP006,191.74,0.0926,17.75,2011-11-17,22,Regular
13831.0,16,6,2198.45,0-50,5-10,2000-4000,CMP038,1347.91,0.631,850.54,2011-11-23,16,Regular
13832.0,19,1,52.2,0-50,0-5,0-2000,CMP003,367.99,-0.8581,-315.79,2011-11-20,19,Regular
13833.0,159,1,383.85,150-200,0-5,0-2000,CMP034,1403.19,-0.7264,-1019.34,2011-07-03,159,Ocasional
13835.0,25,4,834.57,0-50,0-5,0-2000,CMP022,435.33,0.9171,399.24,2011-11-14,25,Regular
13837.0,212,2,266.59000000000003,200-250,0-5,0-2000,CMP013,809.51,-0.6707,-542.92,2011-05-11,212,Ocasional
13838.0,6,4,674.82,0-50,0-5,0-2000,CMP025,1048.37,-0.3563,-373.55,2011-12-03,6,Regular
13841.0,253,1,85.0,250-300,0-5,0-2000,CMP034,1403.19,-0.9394,-1318.19,2011-03-31,253,Ocasional
13842.0,59,9,3385.62,50-100,5-10,2000-4000,CMP028,1090.24,2.1054,2295.38,2011-10-11,59,Regular
13844.0,11,1,361.62,0-50,0-5,0-2000,CMP028,1090.24,-0.6683,-728.62,2011-11-28,11,Regular
13845.0,65,1,312.98,50-100,0-5,0-2000,CMP024,557.84,-0.4389,-244.86,2011-10-05,65,Regular
13846.0,25,3,865.0600000000001,0-50,0-5,0-2000,CMP014,474.66,0.8225,390.4,2011-11-14,25,Regular
13848.0,92,3,1255.0,50-100,0-5,0-2000,CMP037,1534.16,-0.182,-279.16,2011-09-08,92,Regular
13849.0,52,2,1537.95,50-100,0-5,0-2000,CMP031,1157.44,0.3288,380.51,2011-10-18,52,Regular
13850.0,129,1,1595.48,100-150,0-5,0-2000,CMP038,1347.91,0.1837,247.57,2011-08-02,129,Regular
13851.0,96,3,2651.46,50-100,0-5,2000-4000,CMP044,2078.39,0.2757,573.07,2011-09-04,96,Regular
13853.0,57,1,1090.14,50-100,0-5,0-2000,CMP036,1302.05,-0.1628,-211.91,2011-10-13,57,Regular
13854.0,9,25,8109.519999999999,0-50,25-30,8000-10000,CMP039,1875.82,3.3232,6233.7,2011-11-30,9,Engajado
13856.0,169,3,388.5,150-200,0-5,0-2000,CMP033,766.84,-0.4934,-378.34,2011-06-23,169,Ocasional
13858.0,57,1,216.17,50-100,0-5,0-2000,CMP024,557.84,-0.6125,-341.67,2011-10-13,57,Regular
13859.0,326,1,201.16,300-350,0-5,0-2000,CMP023,517.75,-0.6115,-316.59,2011-01-17,326,Ocasional
13860.0,1,5,1245.9,0-50,5-10,0-2000,CMP026,1285.33,-0.0307,-39.43,2011-12-08,1,Regular
13862.0,18,8,2209.36,0-50,5-10,2000-4000,CMP041,1369.84,0.6129,839.52,2011-11-21,18,Regular
13863.0,248,1,305.78,200-250,0-5,0-2000,CMP011,150.3,1.0345,155.48,2011-04-05,248,Ocasional
13865.0,58,4,501.56,50-100,0-5,0-2000,CMP037,1534.16,-0.6731,-1032.6,2011-10-12,58,Regular
13866.0,74,1,145.67,50-100,0-5,0-2000,CMP038,1347.91,-0.8919,-1202.24,2011-09-26,74,Regular
13867.0,31,3,1005.09,0-50,0-5,0-2000,CMP003,367.99,1.7313,637.1,2011-11-08,31,Regular
13868.0,7,2,3192.54,0-50,0-5,2000-4000,CMP043,1290.94,1.473,1901.6,2011-12-02,7,Regular
13869.0,123,4,3083.65,100-150,0-5,2000-4000,CMP013,809.51,2.8093,2274.14,2011-08-08,123,Regular
13870.0,2,8,2770.94,0-50,5-10,2000-4000,CMP027,863.77,2.208,1907.17,2011-12-07,2,Regular
13871.0,23,13,6403.25,0-50,10-15,6000-8000,CMP040,1656.14,2.8664,4747.11,2011-11-16,23,Engajado
13873.0,120,3,389.6,100-150,0-5,0-2000,CMP011,150.3,1.5921,239.3,2011-08-11,120,Regular
13874.0,358,1,540.45,350-400,0-5,0-2000,CMP032,842.78,-0.3587,-302.33,2010-12-16,358,Ocasional
13875.0,54,5,1786.79,50-100,5-10,0-2000,CMP043,1290.94,0.3841,495.85,2011-10-16,54,Regular
13876.0,64,1,122.7,50-100,0-5,0-2000,CMP014,474.66,-0.7415,-351.96,2011-10-06,64,Regular
13877.0,86,1,117.24,50-100,0-5,0-2000,CMP001,258.61,-0.5467,-141.37,2011-09-14,86,Regular
13878.0,55,1,1271.57,50-100,0-5,0-2000,CMP015,458.19,1.7752,813.38,2011-10-15,55,Regular
13880.0,21,13,3219.77,0-50,10-15,2000-4000,CMP036,1302.05,1.4728,1917.72,2011-11-18,21,Engajado
13881.0,4,20,17159.52,0-50,20-25,10000-12000,CMP048,1728.05,8.93,15431.47,2011-12-05,4,Engajado
13882.0,3,5,1191.13,0-50,5-10,0-2000,CMP026,1285.33,-0.0733,-94.2,2011-12-06,3,Regular
13883.0,11,5,2674.48,0-50,5-10,2000-4000,CMP025,1048.37,1.5511,1626.11,2011-11-28,11,Regular
13884.0,7,5,787.6,0-50,5-10,0-2000,CMP026,1285.33,-0.3872,-497.73,2011-12-02,7,Regular
13885.0,189,2,506.8,150-200,0-5,0-2000,CMP023,517.75,-0.0211,-10.95,2011-06-03,189,Ocasional
13886.0,71,1,243.56,50-100,0-5,0-2000,CMP031,1157.44,-0.7896,-913.88,2011-09-29,71,Regular
13887.0,204,1,349.55,200-250,0-5,0-2000,CMP009,327.94,0.0659,21.61,2011-05-19,204,Ocasional
13888.0,120,2,595.67,100-150,0-5,0-2000,CMP030,753.44,-0.2094,-157.77,2011-08-11,120,Regular
13889.0,93,1,416.9,50-100,0-5,0-2000,CMP023,517.75,-0.1948,-100.85,2011-09-07,93,Regular
13890.0,1,10,1883.81,0-50,10-15,0-2000,CMP047,1540.55,0.2228,343.26,2011-12-08,1,Regular
13892.0,27,4,632.97,0-50,0-5,0-2000,CMP017,524.29,0.2073,108.68,2011-11-12,27,Regular
13893.0,298,1,821.1,250-300,0-5,0-2000,CMP026,1285.33,-0.3612,-464.23,2011-02-14,298,Ocasional
13894.0,24,3,564.62,0-50,0-5,0-2000,CMP042,1705.66,-0.669,-1141.04,2011-11-15,24,Regular
13895.0,28,4,2593.07,0-50,0-5,2000-4000,CMP010,360.67,6.1896,2232.4,2011-11-11,28,Regular
13897.0,50,1,311.16,50-100,0-5,0-2000,CMP042,1705.66,-0.8176,-1394.5,2011-10-20,50,Regular
13898.0,326,1,155.93,300-350,0-5,0-2000,CMP024,557.84,-0.7205,-401.91,2011-01-17,326,Ocasional
13899.0,16,2,388.52,0-50,0-5,0-2000,CMP007,161.77,1.4017,226.75,2011-11-23,16,Regular
13900.0,183,3,740.95,150-200,0-5,0-2000,CMP015,458.19,0.6171,282.76,2011-06-09,183,Ocasional
13901.0,72,5,2867.2000000000003,50-100,5-10,2000-4000,CMP039,1875.82,0.5285,991.38,2011-09-28,72,Regular
13904.0,37,2,332.64,0-50,0-5,0-2000,CMP007,161.77,1.0563,170.87,2011-11-02,37,Regular
13908.0,80,4,2319.55,50-100,0-5,2000-4000,CMP035,1415.25,0.639,904.3,2011-09-20,80,Regular
13911.0,57,9,2580.91,50-100,5-10,2000-4000,CMP028,1090.24,1.3673,1490.67,2011-10-13,57,Regular
13914.0,12,2,626.45,0-50,0-5,0-2000,CMP026,1285.33,-0.5126,-658.88,2011-11-27,12,Regular
13917.0,50,2,272.04,50-100,0-5,0-2000,CMP002,434.92,-0.3745,-162.88,2011-10-20,50,Regular
13918.0,50,2,1212.84,50-100,0-5,0-2000,CMP036,1302.05,-0.0685,-89.21,2011-10-20,50,Regular
13919.0,59,2,348.81,50-100,0-5,0-2000,CMP046,1856.27,-0.8121,-1507.46,2011-10-11,59,Regular
13922.0,352,1,172.25,350-400,0-5,0-2000,CMP046,1856.27,-0.9072,-1684.02,2010-12-22,352,Ocasional
13923.0,54,1,351.13,50-100,0-5,0-2000,CMP030,753.44,-0.534,-402.31,2011-10-16,54,Regular
13924.0,2,6,1838.85,0-50,5-10,0-2000,CMP013,809.51,1.2716,1029.34,2011-12-07,2,Regular
13925.0,93,4,678.25,50-100,0-5,0-2000,CMP030,753.44,-0.0998,-75.19,2011-09-07,93,Regular
13926.0,23,1,223.85,0-50,0-5,0-2000,CMP001,258.61,-0.1344,-34.76,2011-11-16,23,Regular
13927.0,75,1,348.99,50-100,0-5,0-2000,CMP003,367.99,-0.0516,-19.0,2011-09-25,75,Regular
13928.0,11,4,464.57,0-50,0-5,0-2000,CMP016,459.04,0.012,5.53,2011-11-28,11,Regular
13929.0,169,2,842.65,150-200,0-5,0-2000,CMP021,690.41,0.2205,152.24,2011-06-23,169,Ocasional
13930.0,58,2,337.34,50-100,0-5,0-2000,CMP030,753.44,-0.5523,-416.1,2011-10-12,58,Regular
13931.0,96,2,1237.53,50-100,0-5,0-2000,CMP028,1090.24,0.1351,147.29,2011-09-04,96,Regular
13932.0,295,1,307.4,250-300,0-5,0-2000,CMP020,517.27,-0.4057,-209.87,2011-02-17,295,Ocasional
13933.0,109,2,608.79,100-150,0-5,0-2000,CMP015,458.19,0.3287,150.6,2011-08-22,109,Regular
13934.0,264,1,922.1,250-300,0-5,0-2000,CMP048,1728.05,-0.4664,-805.95,2011-03-20,264,Ocasional
13936.0,180,1,376.58,150-200,0-5,0-2000,CMP019,593.24,-0.3652,-216.66,2011-06-12,180,Ocasional
13937.0,169,1,158.85,150-200,0-5,0-2000,CMP013,809.51,-0.8038,-650.66,2011-06-23,169,Ocasional
13938.0,35,1,71.66,0-50,0-5,0-2000,CMP005,191.74,-0.6263,-120.08,2011-11-04,35,Regular
13939.0,23,3,568.55,0-50,0-5,0-2000,CMP031,1157.44,-0.5088,-588.89,2011-11-16,23,Regular
13940.0,17,4,839.14,0-50,0-5,0-2000,CMP028,1090.24,-0.2303,-251.1,2011-11-22,17,Regular
13941.0,22,5,5112.96,0-50,5-10,4000-6000,CMP022,435.33,10.745,4677.63,2011-11-17,22,Regular
13946.0,79,3,561.57,50-100,0-5,0-2000,CMP008,409.05,0.3729,152.52,2011-09-21,79,Regular
13947.0,65,1,90.6,50-100,0-5,0-2000,CMP023,517.75,-0.825,-427.15,2011-10-05,65,Regular
13948.0,361,1,102.0,350-400,0-5,0-2000,CMP021,690.41,-0.8523,-588.41,2010-12-13,361,Ocasional
13949.0,3,6,2427.32,0-50,5-10,2000-4000,CMP025,1048.37,1.3153,1378.95,2011-12-06,3,Regular
13950.0,11,4,745.0600000000001,0-50,0-5,0-2000,CMP044,2078.39,-0.6415,-1333.33,2011-11-28,11,Regular
13951.0,176,3,674.45,150-200,0-5,0-2000,CMP011,150.3,3.4874,524.15,2011-06-16,176,Ocasional
13952.0,218,2,3251.07,200-250,0-5,2000-4000,CMP030,753.44,3.315,2497.63,2011-05-05,218,Ocasional
13953.0,7,7,3515.68,0-50,5-10,2000-4000,CMP047,1540.55,1.2821,1975.13,2011-12-02,7,Regular
13954.0,2,2,439.92,0-50,0-5,0-2000,CMP019,593.24,-0.2584,-153.32,2011-12-07,2,Regular
13955.0,154,2,322.96,150-200,0-5,0-2000,CMP026,1285.33,-0.7487,-962.37,2011-07-08,154,Ocasional
13956.0,5,5,1019.27,0-50,5-10,0-2000,CMP019,593.24,0.7181,426.03,2011-12-04,5,Regular
13959.0,79,3,594.04,50-100,0-5,0-2000,CMP015,458.19,0.2965,135.85,2011-09-21,79,Regular
13960.0,21,2,230.22,0-50,0-5,0-2000,CMP047,1540.55,-0.8506,-1310.33,2011-11-18,21,Regular
13962.0,22,2,169.54999999999998,0-50,0-5,0-2000,CMP011,150.3,0.1281,19.25,2011-11-17,22,Regular
13963.0,308,4,664.54,300-350,0-5,0-2000,CMP038,1347.91,-0.507,-683.37,2011-02-04,308,Ocasional
13967.0,146,1,80.7,100-150,0-5,0-2000,CMP007,161.77,-0.5011,-81.07,2011-07-16,146,Ocasional
13969.0,7,18,9024.17,0-50,15-20,8000-10000,CMP021,690.41,12.0707,8333.76,2011-12-02,7,Engajado
13971.0,19,8,2758.26,0-50,5-10,2000-4000,CMP003,367.99,6.4955,2390.27,2011-11-20,19,Regular
13972.0,71,2,190.25,50-100,0-5,0-2000,CMP021,690.41,-0.7244,-500.16,2011-09-29,71,Regular
13973.0,287,1,264.7,250-300,0-5,0-2000,CMP010,360.67,-0.2661,-95.97,2011-02-25,287,Ocasional
13974.0,49,1,413.59,0-50,0-5,0-2000,CMP035,1415.25,-0.7078,-1001.66,2011-10-21,49,Regular
13975.0,31,6,2461.24,0-50,5-10,2000-4000,CMP032,842.78,1.9204,1618.46,2011-11-08,31,Regular
13976.0,207,1,357.98,200-250,0-5,0-2000,CMP045,1492.9,-0.7602,-1134.92,2011-05-16,207,Ocasional
13978.0,15,2,196.79,0-50,0-5,0-2000,CMP005,191.74,0.0263,5.05,2011-11-24,15,Regular
13979.0,73,1,869.87,50-100,0-5,0-2000,CMP036,1302.05,-0.3319,-432.18,2011-09-27,73,Regular
13980.0,60,1,200.14,50-100,0-5,0-2000,CMP031,1157.44,-0.8271,-957.3,2011-10-10,60,Regular
13982.0,39,4,1871.81,0-50,0-5,0-2000,CMP041,1369.84,0.3664,501.97,2011-10-31,39,Regular
13983.0,30,12,2603.43,0-50,10-15,2000-4000,CMP044,2078.39,0.2526,525.04,2011-11-09,30,Regular
13984.0,27,5,920.51,0-50,5-10,0-2000,CMP030,753.44,0.2217,167.07,2011-11-12,27,Regular
13985.0,4,15,7060.13,0-50,15-20,6000-8000,CMP037,1534.16,3.602,5525.97,2011-12-05,4,Engajado
13986.0,17,1,320.46,0-50,0-5,0-2000,CMP010,360.67,-0.1115,-40.21,2011-11-22,17,Regular
13988.0,20,6,4147.96,0-50,5-10,4000-6000,CMP004,327.19,11.6775,3820.77,2011-11-19,20,Regular
13989.0,66,2,1266.08,50-100,0-5,0-2000,CMP041,1369.84,-0.0757,-103.76,2011-10-04,66,Regular
13990.0,213,1,311.3,200-250,0-5,0-2000,CMP026,1285.33,-0.7578,-974.03,2011-05-10,213,Ocasional
13991.0,12,6,851.88,0-50,5-10,0-2000,CMP031,1157.44,-0.264,-305.56,2011-11-27,12,Regular
13992.0,30,1,76.8,0-50,0-5,0-2000,CMP013,809.51,-0.9051,-732.71,2011-11-09,30,Regular
13993.0,43,9,3466.36,0-50,5-10,2000-4000,CMP012,440.78,6.8641,3025.58,2011-10-27,43,Regular
13994.0,4,6,2274.14,0-50,5-10,2000-4000,CMP013,809.51,1.8093,1464.63,2011-12-05,4,Regular
13995.0,15,5,1393.69,0-50,5-10,0-2000,CMP028,1090.24,0.2783,303.45,2011-11-24,15,Regular
13999.0,10,12,3901.81,0-50,10-15,2000-4000,CMP030,753.44,4.1787,3148.37,2011-11-29,10,Engajado
14000.0,211,1,635.66,200-250,0-5,0-2000,CMP012,440.78,0.4421,194.88,2011-05-12,211,Ocasional
14001.0,46,3,2043.08,0-50,0-5,2000-4000,CMP032,842.78,1.4242,1200.3,2011-10-24,46,Regular
14002.0,134,2,529.73,100-150,0-5,0-2000,CMP007,161.77,2.2746,367.96,2011-07-28,134,Regular
14004.0,43,7,4582.64,0-50,5-10,4000-6000,CMP035,1415.25,2.238,3167.39,2011-10-27,43,Regular
14005.0,10,5,2874.72,0-50,5-10,2000-4000,CMP025,1048.37,1.7421,1826.35,2011-11-29,10,Regular
14006.0,116,3,962.19,100-150,0-5,0-2000,CMP031,1157.44,-0.1687,-195.25,2011-08-15,116,Regular
14009.0,198,2,695.61,150-200,0-5,0-2000,CMP016,459.04,0.5154,236.57,2011-05-25,198,Ocasional
14012.0,278,1,328.8,250-300,0-5,0-2000,CMP020,517.27,-0.3644,-188.47,2011-03-06,278,Ocasional
14013.0,110,3,473.02,100-150,0-5,0-2000,CMP002,434.92,0.0876,38.1,2011-08-21,110,Regular
14014.0,77,1,505.18,50-100,0-5,0-2000,CMP007,161.77,2.1228,343.41,2011-09-23,77,Regular
14015.0,53,1,917.34,50-100,0-5,0-2000,CMP018,643.37,0.4258,273.97,2011-10-17,53,Regular
14016.0,162,4,4291.21,150-200,0-5,4000-6000,CMP032,842.78,4.0917,3448.43,2011-06-30,162,Regular
14019.0,47,3,1421.61,0-50,0-5,0-2000,CMP025,1048.37,0.356,373.24,2011-10-23,47,Regular
14020.0,17,2,642.8,0-50,0-5,0-2000,CMP015,458.19,0.4029,184.61,2011-11-22,17,Regular
14021.0,155,3,631.9,150-200,0-5,0-2000,CMP028,1090.24,-0.4204,-458.34,2011-07-07,155,Ocasional
14022.0,225,1,440.0,200-250,0-5,0-2000,CMP035,1415.25,-0.6891,-975.25,2011-04-28,225,Ocasional
14023.0,7,2,584.07,0-50,0-5,0-2000,CMP031,1157.44,-0.4954,-573.37,2011-12-02,7,Regular
14024.0,122,2,327.7,100-150,0-5,0-2000,CMP004,327.19,0.0016,0.51,2011-08-09,122,Regular
14027.0,61,1,104.82,50-100,0-5,0-2000,CMP013,809.51,-0.8705,-704.69,2011-10-09,61,Regular
14029.0,63,2,467.66,50-100,0-5,0-2000,CMP009,327.94,0.4261,139.72,2011-10-07,63,Regular
14030.0,18,8,2358.84,0-50,5-10,2000-4000,CMP024,557.84,3.2285,1801.0,2011-11-21,18,Regular
14031.0,7,19,17286.86,0-50,15-20,10000-12000,CMP048,1728.05,9.0037,15558.81,2011-12-02,7,Engajado
14032.0,2,11,2975.59,0-50,10-15,2000-4000,CMP014,474.66,5.2689,2500.93,2011-12-07,2,Regular
14034.0,22,3,648.89,0-50,0-5,0-2000,CMP022,435.33,0.4906,213.56,2011-11-17,22,Regular
14035.0,29,5,1428.02,0-50,5-10,0-2000,CMP026,1285.33,0.111,142.69,2011-11-10,29,Regular
14036.0,285,1,626.65,250-300,0-5,0-2000,CMP028,1090.24,-0.4252,-463.59,2011-02-27,285,Ocasional
14037.0,176,2,147.20000000000002,150-200,0-5,0-2000,CMP015,458.19,-0.6787,-310.99,2011-06-16,176,Ocasional
14038.0,78,3,1560.38,50-100,0-5,0-2000,CMP001,258.61,5.0337,1301.77,2011-09-22,78,Regular
14039.0,33,1,152.2,0-50,0-5,0-2000,CMP009,327.94,-0.5359,-175.74,2011-11-06,33,Regular
14040.0,41,12,3560.32,0-50,10-15,2000-4000,CMP033,766.84,3.6428,2793.48,2011-10-29,41,Engajado
14041.0,266,1,141.41,250-300,0-5,0-2000,CMP003,367.99,-0.6157,-226.58,2011-03-18,266,Ocasional
14044.0,27,4,646.42,0-50,0-5,0-2000,CMP017,524.29,0.2329,122.13,2011-11-12,27,Regular
14045.0,109,4,1659.75,100-150,0-5,0-2000,CMP004,327.19,4.0727,1332.56,2011-08-22,109,Regular
14046.0,284,1,151.59,250-300,0-5,0-2000,CMP003,367.99,-0.5881,-216.4,2011-02-28,284,Ocasional
14047.0,9,5,1308.61,0-50,5-10,0-2000,CMP019,593.24,1.2059,715.37,2011-11-30,9,Regular
14048.0,305,1,409.93,300-350,0-5,0-2000,CMP010,360.67,0.1366,49.26,2011-02-07,305,Ocasional
14049.0,17,4,5578.72,0-50,0-5,4000-6000,CMP035,1415.25,2.9419,4163.47,2011-11-22,17,Regular
14050.0,32,2,746.36,0-50,0-5,0-2000,CMP028,1090.24,-0.3154,-343.88,2011-11-07,32,Regular
14051.0,1,23,15610.39,0-50,20-25,10000-12000,CMP042,1705.66,8.1521,13904.73,2011-12-08,1,Engajado
14052.0,20,1,225.36,0-50,0-5,0-2000,CMP006,191.74,0.1753,33.62,2011-11-19,20,Regular
14053.0,124,2,260.25,100-150,0-5,0-2000,CMP005,191.74,0.3573,68.51,2011-08-07,124,Regular
14054.0,65,1,92.46,50-100,0-5,0-2000,CMP003,367.99,-0.7487,-275.53,2011-10-05,65,Regular
14055.0,106,1,725.6400000000001,100-150,0-5,0-2000,CMP026,1285.33,-0.4354,-559.69,2011-08-25,106,Regular
14056.0,1,23,8152.71,0-50,20-25,8000-10000,CMP039,1875.82,3.3462,6276.89,2011-12-08,1,Engajado
14057.0,24,17,6211.66,0-50,15-20,6000-8000,CMP004,327.19,17.9849,5884.47,2011-11-15,24,Engajado
14059.0,267,1,183.6,250-300,0-5,0-2000,CMP043,1290.94,-0.8578,-1107.34,2011-03-17,267,Ocasional
14060.0,5,19,6140.42,0-50,15-20,6000-8000,CMP005,191.74,31.0247,5948.68,2011-12-04,5,Engajado
14062.0,10,12,10464.85,0-50,10-15,10000-12000,CMP034,1403.19,6.4579,9061.66,2011-11-29,10,Engajado
14064.0,29,5,1334.34,0-50,5-10,0-2000,CMP029,1146.55,0.1638,187.79,2011-11-10,29,Regular
14066.0,267,1,152.55,250-300,0-5,0-2000,CMP038,1347.91,-0.8868,-1195.36,2011-03-17,267,Ocasional
14067.0,64,2,374.7,50-100,0-5,0-2000,CMP029,1146.55,-0.6732,-771.85,2011-10-06,64,Regular
14068.0,320,1,265.85,300-350,0-5,0-2000,CMP033,766.84,-0.6533,-500.99,2011-01-23,320,Ocasional
14071.0,4,8,1422.75,0-50,5-10,0-2000,CMP017,524.29,1.7137,898.46,2011-12-05,4,Regular
14073.0,32,1,151.04,0-50,0-5,0-2000,CMP034,1403.19,-0.8924,-1252.15,2011-11-07,32,Regular
14075.0,5,3,942.26,0-50,0-5,0-2000,CMP008,409.05,1.3035,533.21,2011-12-04,5,Regular
14076.0,129,1,118.67,100-150,0-5,0-2000,CMP040,1656.14,-0.9283,-1537.47,2011-08-02,129,Regular
14077.0,41,5,499.42,0-50,5-10,0-2000,CMP023,517.75,-0.0354,-18.33,2011-10-29,41,Regular
14078.0,102,6,1049.37,100-150,5-10,0-2000,CMP032,842.78,0.2451,206.59,2011-08-29,102,Regular
14079.0,125,1,375.1,100-150,0-5,0-2000,CMP020,517.27,-0.2748,-142.17,2011-08-06,125,Regular
14080.0,33,1,45.6,0-50,0-5,0-2000,CMP020,517.27,-0.9118,-471.67,2011-11-06,33,Regular
14081.0,302,2,921.62,300-350,0-5,0-2000,CMP023,517.75,0.78,403.87,2011-02-10,302,Ocasional
14082.0,365,1,182.25,350-400,0-5,0-2000,CMP027,863.77,-0.789,-681.52,2010-12-09,365,Ocasional
14083.0,4,9,1002.9,0-50,5-10,0-2000,CMP008,409.05,1.4518,593.85,2011-12-05,4,Regular
14085.0,2,18,4421.29,0-50,15-20,4000-6000,CMP006,191.74,22.0588,4229.55,2011-12-07,2,Engajado
14087.0,3,1,191.47,0-50,0-5,0-2000,CMP007,161.77,0.1836,29.7,2011-12-06,3,Regular
14089.0,57,1,158.75,50-100,0-5,0-2000,CMP005,191.74,-0.1721,-32.99,2011-10-13,57,Regular
14090.0,325,1,76.32000000000001,300-350,0-5,0-2000,CMP038,1347.91,-0.9434,-1271.59,2011-01-18,325,Ocasional
14092.0,8,14,4076.91,0-50,10-15,4000-6000,CMP022,435.33,8.3651,3641.58,2011-12-01,8,Engajado
14093.0,12,1,433.86,0-50,0-5,0-2000,CMP046,1856.27,-0.7663,-1422.41,2011-11-27,12,Regular
14098.0,37,1,147.35,0-50,0-5,0-2000,CMP009,327.94,-0.5507,-180.59,2011-11-02,37,Regular
14099.0,16,11,3104.17,0-50,10-15,2000-4000,CMP018,643.37,3.8249,2460.8,2011-11-23,16,Regular
14100.0,138,1,191.95,100-150,0-5,0-2000,CMP032,842.78,-0.7722,-650.83,2011-07-24,138,Ocasional
14101.0,74,6,5976.79,50-100,5-10,4000-6000,CMP038,1347.91,3.4341,4628.88,2011-09-26,74,Engajado
14102.0,5,5,1105.88,0-50,5-10,0-2000,CMP022,435.33,1.5403,670.55,2011-12-04,5,Regular
14104.0,155,2,216.21,150-200,0-5,0-2000,CMP015,458.19,-0.5281,-241.98,2011-07-07,155,Ocasional
14105.0,239,1,1266.23,200-250,0-5,0-2000,CMP029,1146.55,0.1044,119.68,2011-04-14,239,Ocasional
14107.0,52,7,2703.23,50-100,5-10,2000-4000,CMP022,435.33,5.2096,2267.9,2011-10-18,52,Regular
14108.0,31,2,597.91,0-50,0-5,0-2000,CMP048,1728.05,-0.654,-1130.14,2011-11-08,31,Regular
14109.0,73,1,144.2,50-100,0-5,0-2000,CMP046,1856.27,-0.9223,-1712.07,2011-09-27,73,Regular
14110.0,4,12,5683.15,0-50,10-15,4000-6000,CMP037,1534.16,2.7044,4148.99,2011-12-05,4,Engajado
14111.0,14,4,692.85,0-50,0-5,0-2000,CMP012,440.78,0.5719,252.07,2011-11-25,14,Regular
14112.0,23,7,2915.15,0-50,5-10,2000-4000,CMP038,1347.91,1.1627,1567.24,2011-11-16,23,Regular
14113.0,4,4,1840.42,0-50,0-5,0-2000,CMP007,161.77,10.3768,1678.65,2011-12-05,4,Regular
14114.0,274,2,386.53,250-300,0-5,0-2000,CMP003,367.99,0.0504,18.54,2011-03-10,274,Ocasional
14116.0,20,5,1382.74,0-50,5-10,0-2000,CMP014,474.66,1.9131,908.08,2011-11-19,20,Regular
14117.0,144,1,90.0,100-150,0-5,0-2000,CMP013,809.51,-0.8888,-719.51,2011-07-18,144,Ocasional
14121.0,4,4,2780.15,0-50,0-5,2000-4000,CMP044,2078.39,0.3376,701.76,2011-12-05,4,Regular
14124.0,84,1,419.58,50-100,0-5,0-2000,CMP029,1146.55,-0.634,-726.97,2011-09-16,84,Regular
14125.0,11,3,2720.63,0-50,0-5,2000-4000,CMP040,1656.14,0.6428,1064.49,2011-11-28,11,Regular
14126.0,8,3,706.1300000000001,0-50,0-5,0-2000,CMP019,593.24,0.1903,112.89,2011-12-01,8,Regular
14127.0,123,3,709.71,100-150,0-5,0-2000,CMP017,524.29,0.3537,185.42,2011-08-08,123,Regular
14128.0,61,2,637.5,50-100,0-5,0-2000,CMP018,643.37,-0.0091,-5.87,2011-10-09,61,Regular
14129.0,2,5,1123.86,0-50,5-10,0-2000,CMP047,1540.55,-0.2705,-416.69,2011-12-07,2,Regular
14130.0,319,1,480.91,300-350,0-5,0-2000,CMP004,327.19,0.4698,153.72,2011-01-24,319,Ocasional
14132.0,2,11,3586.03,0-50,10-15,2000-4000,CMP044,2078.39,0.7254,1507.64,2011-12-07,2,Engajado
14133.0,130,3,605.64,100-150,0-5,0-2000,CMP024,557.84,0.0857,47.8,2011-08-01,130,Regular
14135.0,2,15,4690.31,0-50,15-20,4000-6000,CMP031,1157.44,3.0523,3532.87,2011-12-07,2,Engajado
14138.0,2,2,965.88,0-50,0-5,0-2000,CMP029,1146.55,-0.1576,-180.67,2011-12-07,2,Regular
14139.0,46,1,415.82,0-50,0-5,0-2000,CMP021,690.41,-0.3977,-274.59,2011-10-24,46,Regular
14140.0,4,2,935.05,0-50,0-5,0-2000,CMP036,1302.05,-0.2819,-367.0,2011-12-05,4,Regular
14141.0,3,4,915.13,0-50,0-5,0-2000,CMP039,1875.82,-0.5121,-960.69,2011-12-06,3,Regular
14142.0,373,1,311.81,350-400,0-5,0-2000,CMP019,593.24,-0.4744,-281.43,2010-12-01,373,Ocasional
14143.0,134,1,115.8,100-150,0-5,0-2000,CMP008,409.05,-0.7169,-293.25,2011-07-28,134,Regular
14145.0,47,4,3742.2,0-50,0-5,2000-4000,CMP035,1415.25,1.6442,2326.95,2011-10-23,47,Regular
14146.0,9,5,4191.0,0-50,5-10,4000-6000,CMP046,1856.27,1.2578,2334.73,2011-11-30,9,Regular
14147.0,78,2,483.4,50-100,0-5,0-2000,CMP013,809.51,-0.4028,-326.11,2011-09-22,78,Regular
14148.0,234,1,157.2,200-250,0-5,0-2000,CMP018,643.37,-0.7557,-486.17,2011-04-19,234,Ocasional
14149.0,221,1,446.62,200-250,0-5,0-2000,CMP026,1285.33,-0.6525,-838.71,2011-05-02,221,Ocasional
14150.0,36,2,658.64,0-50,0-5,0-2000,CMP029,1146.55,-0.4255,-487.91,2011-11-03,36,Regular
14152.0,75,2,621.29,50-100,0-5,0-2000,CMP010,360.67,0.7226,260.62,2011-09-25,75,Regular
14154.0,239,2,1345.62,200-250,0-5,0-2000,CMP029,1146.55,0.1736,199.07,2011-04-14,239,Ocasional
14155.0,266,1,118.75,250-300,0-5,0-2000,CMP041,1369.84,-0.9133,-1251.09,2011-03-18,266,Ocasional
14157.0,20,2,424.89,0-50,0-5,0-2000,CMP012,440.78,-0.036,-15.89,2011-11-19,20,Regular
14158.0,40,1,507.66,0-50,0-5,0-2000,CMP013,809.51,-0.3729,-301.85,2011-10-30,40,Regular
14159.0,20,11,4627.98,0-50,10-15,4000-6000,CMP048,1728.05,1.6782,2899.93,2011-11-19,20,Engajado
14161.0,216,3,1097.62,200-250,0-5,0-2000,CMP012,440.78,1.4902,656.84,2011-05-07,216,Ocasional
14162.0,174,2,289.36,150-200,0-5,0-2000,CMP037,1534.16,-0.8114,-1244.8,2011-06-18,174,Ocasional
14163.0,87,4,2445.91,50-100,0-5,2000-4000,CMP032,842.78,1.9022,1603.13,2011-09-13,87,Regular
14164.0,71,2,1631.77,50-100,0-5,0-2000,CMP024,557.84,1.9252,1073.93,2011-09-29,71,Regular
14165.0,276,1,120.44,250-300,0-5,0-2000,CMP038,1347.91,-0.9106,-1227.47,2011-03-08,276,Ocasional
14167.0,39,4,562.59,0-50,0-5,0-2000,CMP020,517.27,0.0876,45.32,2011-10-31,39,Regular
14171.0,98,1,363.79,50-100,0-5,0-2000,CMP022,435.33,-0.1643,-71.54,2011-09-02,98,Regular
14173.0,11,4,450.84,0-50,0-5,0-2000,CMP017,524.29,-0.1401,-73.45,2011-11-28,11,Regular
14174.0,33,1,134.46,0-50,0-5,0-2000,CMP016,459.04,-0.7071,-324.58,2011-11-06,33,Regular
14175.0,60,3,3222.3,50-100,0-5,2000-4000,CMP016,459.04,6.0196,2763.26,2011-10-10,60,Regular
14176.0,297,4,576.9000000000001,250-300,0-5,0-2000,CMP018,643.37,-0.1033,-66.47,2011-02-15,297,Ocasional
14177.0,86,4,549.46,50-100,0-5,0-2000,CMP046,1856.27,-0.704,-1306.81,2011-09-14,86,Regular
14178.0,9,7,1580.26,0-50,5-10,0-2000,CMP014,474.66,2.3292,1105.6,2011-11-30,9,Regular
14179.0,41,2,701.57,0-50,0-5,0-2000,CMP027,863.77,-0.1878,-162.2,2011-10-29,41,Regular
14180.0,11,25,4748.52,0-50,25-30,4000-6000,CMP027,863.77,4.4974,3884.75,2011-11-28,11,Engajado
14184.0,67,1,452.89,50-100,0-5,0-2000,CMP031,1157.44,-0.6087,-704.55,2011-10-03,67,Regular
14185.0,331,1,197.65,300-350,0-5,0-2000,CMP004,327.19,-0.3959,-129.54,2011-01-12,331,Ocasional
14188.0,31,6,2054.36,0-50,5-10,2000-4000,CMP048,1728.05,0.1888,326.31,2011-11-08,31,Regular
14189.0,2,15,4654.08,0-50,15-20,4000-6000,CMP031,1157.44,3.021,3496.64,2011-12-07,2,Engajado
14191.0,2,13,4684.76,0-50,10-15,4000-6000,CMP023,517.75,8.0483,4167.01,2011-12-07,2,Engajado
14193.0,68,2,853.39,50-100,0-5,0-2000,CMP008,409.05,1.0863,444.34,2011-10-02,68,Regular
14194.0,5,21,11349.52,0-50,20-25,10000-12000,CMP017,524.29,20.6474,10825.23,2011-12-04,5,Engajado
14195.0,202,2,1012.0,200-250,0-5,0-2000,CMP022,435.33,1.3247,576.67,2011-05-21,202,Ocasional
14196.0,107,1,335.52,100-150,0-5,0-2000,CMP017,524.29,-0.36,-188.77,2011-08-24,107,Regular
14198.0,18,4,701.4,0-50,0-5,0-2000,CMP032,842.78,-0.1678,-141.38,2011-11-21,18,Regular
14199.0,218,1,185.4,200-250,0-5,0-2000,CMP012,440.78,-0.5794,-255.38,2011-05-05,218,Ocasional
14201.0,60,7,747.44,50-100,5-10,0-2000,CMP014,474.66,0.5747,272.78,2011-10-10,60,Regular
14204.0,2,1,150.61,0-50,0-5,0-2000,CMP018,643.37,-0.7659,-492.76,2011-12-07,2,Regular
14205.0,17,2,466.7,0-50,0-5,0-2000,CMP028,1090.24,-0.5719,-623.54,2011-11-22,17,Regular
14206.0,239,1,328.16,200-250,0-5,0-2000,CMP011,150.3,1.1834,177.86,2011-04-14,239,Ocasional
14208.0,95,1,151.74,50-100,0-5,0-2000,CMP005,191.74,-0.2086,-40.0,2011-09-05,95,Regular
14209.0,11,6,2073.43,0-50,5-10,2000-4000,CMP004,327.19,5.3371,1746.24,2011-11-28,11,Regular
14210.0,106,6,1905.84,100-150,5-10,0-2000,CMP040,1656.14,0.1508,249.7,2011-08-25,106,Regular
14211.0,53,9,2241.1,50-100,5-10,2000-4000,CMP038,1347.91,0.6626,893.19,2011-10-17,53,Regular
14212.0,90,1,1070.48,50-100,0-5,0-2000,CMP021,690.41,0.5505,380.07,2011-09-10,90,Regular
14214.0,31,5,1004.38,0-50,5-10,0-2000,CMP034,1403.19,-0.2842,-398.81,2011-11-08,31,Regular
14215.0,12,6,1789.72,0-50,5-10,0-2000,CMP042,1705.66,0.0493,84.06,2011-11-27,12,Regular
14216.0,3,4,1839.3,0-50,0-5,0-2000,CMP035,1415.25,0.2996,424.05,2011-12-06,3,Regular
14217.0,2,17,2004.98,0-50,15-20,2000-4000,CMP044,2078.39,-0.0353,-73.41,2011-12-07,2,Engajado
14218.0,43,1,169.48000000000002,0-50,0-5,0-2000,CMP006,191.74,-0.1161,-22.26,2011-10-27,43,Regular
14219.0,4,1,89.94,0-50,0-5,0-2000,CMP003,367.99,-0.7556,-278.05,2011-12-05,4,Regular
14220.0,247,2,632.4000000000001,200-250,0-5,0-2000,CMP014,474.66,0.3323,157.74,2011-04-06,247,Ocasional
14221.0,42,9,3432.8,0-50,5-10,2000-4000,CMP006,191.74,16.9034,3241.06,2011-10-28,42,Regular
14222.0,177,1,683.17,150-200,0-5,0-2000,CMP023,517.75,0.3195,165.42,2011-06-15,177,Ocasional
14223.0,92,3,991.13,50-100,0-5,0-2000,CMP042,1705.66,-0.4189,-714.53,2011-09-08,92,Regular
14224.0,110,4,1009.73,100-150,0-5,0-2000,CMP004,327.19,2.0861,682.54,2011-08-21,110,Regular
14226.0,29,5,2214.79,0-50,5-10,2000-4000,CMP012,440.78,4.0247,1774.01,2011-11-10,29,Regular
14227.0,26,10,3350.96,0-50,10-15,2000-4000,CMP031,1157.44,1.8951,2193.52,2011-11-13,26,Regular
14229.0,52,3,1547.2,50-100,0-5,0-2000,CMP042,1705.66,-0.0929,-158.46,2011-10-18,52,Regular
14231.0,184,3,925.71,150-200,0-5,0-2000,CMP016,459.04,1.0166,466.67,2011-06-08,184,Ocasional
14232.0,43,5,2048.07,0-50,5-10,2000-4000,CMP033,766.84,1.6708,1281.23,2011-10-27,43,Regular
14233.0,49,4,1462.72,0-50,0-5,0-2000,CMP004,327.19,3.4706,1135.53,2011-10-21,49,Regular
14234.0,22,4,754.12,0-50,0-5,0-2000,CMP011,150.3,4.0174,603.82,2011-11-17,22,Regular
14235.0,75,5,3144.86,50-100,5-10,2000-4000,CMP048,1728.05,0.8199,1416.81,2011-09-25,75,Regular
14236.0,81,2,490.86,50-100,0-5,0-2000,CMP045,1492.9,-0.6712,-1002.04,2011-09-19,81,Regular
14237.0,373,1,161.0,350-400,0-5,0-2000,CMP001,258.61,-0.3774,-97.61,2010-12-01,373,Ocasional
14238.0,326,1,146.85,300-350,0-5,0-2000,CMP045,1492.9,-0.9016,-1346.05,2011-01-17,326,Ocasional
14239.0,43,11,2380.85,0-50,10-15,2000-4000,CMP037,1534.16,0.5519,846.69,2011-10-27,43,Regular
14240.0,30,2,890.34,0-50,0-5,0-2000,CMP036,1302.05,-0.3162,-411.71,2011-11-09,30,Regular
14241.0,184,1,213.7,150-200,0-5,0-2000,CMP013,809.51,-0.736,-595.81,2011-06-08,184,Ocasional
14242.0,235,2,280.55,200-250,0-5,0-2000,CMP014,474.66,-0.4089,-194.11,2011-04-18,235,Ocasional
14243.0,9,10,2588.77,0-50,10-15,2000-4000,CMP032,842.78,2.0717,1745.99,2011-11-30,9,Regular
14245.0,220,2,1693.45,200-250,0-5,0-2000,CMP038,1347.91,0.2564,345.54,2011-05-03,220,Ocasional
14246.0,111,3,1474.06,100-150,0-5,0-2000,CMP010,360.67,3.087,1113.39,2011-08-20,111,Regular
14247.0,278,1,136.77,250-300,0-5,0-2000,CMP001,258.61,-0.4711,-121.84,2011-03-06,278,Ocasional
14248.0,318,1,302.58,300-350,0-5,0-2000,CMP016,459.04,-0.3408,-156.46,2011-01-25,318,Ocasional
14250.0,7,3,1904.05,0-50,0-5,0-2000,CMP039,1875.82,0.015,28.23,2011-12-02,7,Regular
14251.0,2,5,2879.7000000000003,0-50,5-10,2000-4000,CMP020,517.27,4.5671,2362.43,2011-12-07,2,Regular
14256.0,260,2,969.06,250-300,0-5,0-2000,CMP027,863.77,0.1219,105.29,2011-03-24,260,Ocasional
14257.0,64,5,3099.7200000000003,50-100,5-10,2000-4000,CMP048,1728.05,0.7938,1371.67,2011-10-06,64,Regular
14258.0,9,9,12669.98,0-50,5-10,10000-12000,CMP010,360.67,34.129,12309.31,2011-11-30,9,Engajado
14259.0,142,1,120.0,100-150,0-5,0-2000,CMP022,435.33,-0.7243,-315.33,2011-07-20,142,Ocasional
14261.0,51,2,1163.45,50-100,0-5,0-2000,CMP020,517.27,1.2492,646.18,2011-10-19,51,Regular
14262.0,8,8,2618.23,0-50,5-10,2000-4000,CMP044,2078.39,0.2597,539.84,2011-12-01,8,Regular
14264.0,155,2,333.97,150-200,0-5,0-2000,CMP012,440.78,-0.2423,-106.81,2011-07-07,155,Ocasional
14265.0,109,2,530.18,100-150,0-5,0-2000,CMP028,1090.24,-0.5137,-560.06,2011-08-22,109,Regular
14267.0,163,3,1516.24,150-200,0-5,0-2000,CMP033,766.84,0.9773,749.4,2011-06-29,163,Ocasional
14270.0,332,1,492.65,300-350,0-5,0-2000,CMP043,1290.94,-0.6184,-798.29,2011-01-11,332,Ocasional
14271.0,226,1,112.32,200-250,0-5,0-2000,CMP023,517.75,-0.7831,-405.43,2011-04-27,226,Ocasional
14272.0,74,2,437.96,50-100,0-5,0-2000,CMP022,435.33,0.006,2.63,2011-09-26,74,Regular
14273.0,51,4,559.97,50-100,0-5,0-2000,CMP026,1285.33,-0.5643,-725.36,2011-10-19,51,Regular
14276.0,99,3,1119.74,50-100,0-5,0-2000,CMP036,1302.05,-0.14,-182.31,2011-09-01,99,Regular
14277.0,15,3,4152.0,0-50,0-5,4000-6000,CMP035,1415.25,1.9338,2736.75,2011-11-24,15,Regular
14280.0,197,1,134.04,150-200,0-5,0-2000,CMP001,258.61,-0.4817,-124.57,2011-05-26,197,Ocasional
14282.0,3,15,3701.44,0-50,15-20,2000-4000,CMP046,1856.27,0.994,1845.17,2011-12-06,3,Engajado
14284.0,31,2,595.25,0-50,0-5,0-2000,CMP028,1090.24,-0.454,-494.99,2011-11-08,31,Regular
14285.0,21,4,1910.01,0-50,0-5,0-2000,CMP038,1347.91,0.417,562.1,2011-11-18,21,Regular
14286.0,24,3,4628.75,0-50,0-5,4000-6000,CMP021,690.41,5.7043,3938.34,2011-11-15,24,Regular
14287.0,8,3,176.63,0-50,0-5,0-2000,CMP021,690.41,-0.7442,-513.78,2011-12-01,8,Regular
14288.0,213,1,426.6,200-250,0-5,0-2000,CMP018,643.37,-0.3369,-216.77,2011-05-10,213,Ocasional
14289.0,9,6,911.26,0-50,5-10,0-2000,CMP027,863.77,0.055,47.49,2011-11-30,9,Regular
14290.0,11,5,2314.65,0-50,5-10,2000-4000,CMP011,150.3,14.4002,2164.35,2011-11-28,11,Regular
14291.0,2,11,3883.25,0-50,10-15,2000-4000,CMP038,1347.91,1.8809,2535.34,2011-12-07,2,Engajado
14292.0,8,9,4871.93,0-50,5-10,4000-6000,CMP048,1728.05,1.8193,3143.88,2011-12-01,8,Engajado
14293.0,3,4,1046.56,0-50,0-5,0-2000,CMP005,191.74,4.4582,854.82,2011-12-06,3,Regular
14295.0,40,1,166.20000000000002,0-50,0-5,0-2000,CMP047,1540.55,-0.8921,-1374.35,2011-10-30,40,Regular
14297.0,18,4,1305.33,0-50,0-5,0-2000,CMP019,593.24,1.2003,712.09,2011-11-21,18,Regular
14299.0,8,9,3965.62,0-50,5-10,2000-4000,CMP044,2078.39,0.908,1887.23,2011-12-01,8,Regular
14300.0,19,1,43.2,0-50,0-5,0-2000,CMP031,1157.44,-0.9627,-1114.24,2011-11-20,19,Regular
14301.0,117,1,640.14,100-150,0-5,0-2000,CMP024,557.84,0.1475,82.3,2011-08-14,117,Regular
14304.0,223,1,383.45,200-250,0-5,0-2000,CMP029,1146.55,-0.6656,-763.1,2011-04-30,223,Ocasional
14305.0,71,3,1858.96,50-100,0-5,0-2000,CMP045,1492.9,0.2452,366.06,2011-09-29,71,Regular
14306.0,51,2,2093.32,50-100,0-5,2000-4000,CMP029,1146.55,0.8258,946.77,2011-10-19,51,Regular
14307.0,89,6,2995.7200000000003,50-100,5-10,2000-4000,CMP027,863.77,2.4682,2131.95,2011-09-11,89,Regular
14309.0,8,9,2352.53,0-50,5-10,2000-4000,CMP038,1347.91,0.7453,1004.62,2011-12-01,8,Regular
14311.0,243,1,310.26,200-250,0-5,0-2000,CMP032,842.78,-0.6319,-532.52,2011-04-10,243,Ocasional
14312.0,47,6,1611.59,0-50,5-10,0-2000,CMP041,1369.84,0.1765,241.75,2011-10-23,47,Regular
14314.0,107,1,120.0,100-150,0-5,0-2000,CMP032,842.78,-0.8576,-722.78,2011-08-24,107,Regular
14315.0,45,6,2481.13,0-50,5-10,2000-4000,CMP030,753.44,2.2931,1727.69,2011-10-25,45,Regular
14317.0,65,1,508.58,50-100,0-5,0-2000,CMP032,842.78,-0.3965,-334.2,2011-10-05,65,Regular
14320.0,207,2,477.79,200-250,0-5,0-2000,CMP010,360.67,0.3247,117.12,2011-05-16,207,Ocasional
14321.0,11,5,1530.75,0-50,5-10,0-2000,CMP023,517.75,1.9565,1013.0,2011-11-28,11,Regular
14323.0,115,2,605.0600000000001,100-150,0-5,0-2000,CMP001,258.61,1.3397,346.45,2011-08-16,115,Regular
14326.0,242,1,183.85,200-250,0-5,0-2000,CMP009,327.94,-0.4394,-144.09,2011-04-11,242,Ocasional
14327.0,163,1,311.65000000000003,150-200,0-5,0-2000,CMP018,643.37,-0.5156,-331.72,2011-06-29,163,Ocasional
14329.0,17,7,4975.24,0-50,5-10,4000-6000,CMP029,1146.55,3.3393,3828.69,2011-11-22,17,Regular
14331.0,124,2,462.66,100-150,0-5,0-2000,CMP028,1090.24,-0.5756,-627.58,2011-08-07,124,Regular
14332.0,23,3,840.21,0-50,0-5,0-2000,CMP018,643.37,0.306,196.84,2011-11-16,23,Regular
14333.0,68,1,415.2,50-100,0-5,0-2000,CMP020,517.27,-0.1973,-102.07,2011-10-02,68,Regular
14334.0,17,8,2552.21,0-50,5-10,2000-4000,CMP023,517.75,3.9294,2034.46,2011-11-22,17,Regular
14335.0,16,2,454.86,0-50,0-5,0-2000,CMP018,643.37,-0.293,-188.51,2011-11-23,16,Regular
14336.0,17,4,1614.91,0-50,0-5,0-2000,CMP022,435.33,2.7096,1179.58,2011-11-22,17,Regular
14338.0,161,2,588.22,150-200,0-5,0-2000,CMP008,409.05,0.438,179.17,2011-07-01,161,Ocasional
14339.0,243,1,309.52000000000004,200-250,0-5,0-2000,CMP025,1048.37,-0.7048,-738.85,2011-04-10,243,Ocasional
14340.0,219,1,134.7,200-250,0-5,0-2000,CMP022,435.33,-0.6906,-300.63,2011-05-04,219,Ocasional
14341.0,45,8,2166.98,0-50,5-10,2000-4000,CMP036,1302.05,0.6643,864.93,2011-10-25,45,Regular
14342.0,21,4,668.5600000000001,0-50,0-5,0-2000,CMP021,690.41,-0.0316,-21.85,2011-11-18,21,Regular
14344.0,127,8,889.9300000000001,100-150,5-10,0-2000,CMP018,643.37,0.3832,246.56,2011-08-04,127,Regular
14345.0,39,1,108.98,0-50,0-5,0-2000,CMP038,1347.91,-0.9191,-1238.93,2011-10-31,39,Regular
14346.0,121,2,1021.58,100-150,0-5,0-2000,CMP022,435.33,1.3467,586.25,2011-08-10,121,Regular
14348.0,260,1,409.57,250-300,0-5,0-2000,CMP021,690.41,-0.4068,-280.84,2011-03-24,260,Ocasional
14349.0,10,1,133.5,0-50,0-5,0-2000,CMP001,258.61,-0.4838,-125.11,2011-11-29,10,Regular
14350.0,274,1,282.93,250-300,0-5,0-2000,CMP010,360.67,-0.2155,-77.74,2011-03-10,274,Ocasional
14351.0,165,1,51.0,150-200,0-5,0-2000,CMP011,150.3,-0.6607,-99.3,2011-06-27,165,Ocasional
14352.0,157,4,1078.96,150-200,0-5,0-2000,CMP019,593.24,0.8188,485.72,2011-07-05,157,Ocasional
14353.0,215,1,90.6,200-250,0-5,0-2000,CMP016,459.04,-0.8026,-368.44,2011-05-08,215,Ocasional
14354.0,6,2,163.62,0-50,0-5,0-2000,CMP015,458.19,-0.6429,-294.57,2011-12-03,6,Regular
14355.0,366,1,174.4,350-400,0-5,0-2000,CMP017,524.29,-0.6674,-349.89,2010-12-08,366,Ocasional
14356.0,80,2,701.23,50-100,0-5,0-2000,CMP030,753.44,-0.0693,-52.21,2011-09-20,80,Regular
14357.0,43,1,225.12,0-50,0-5,0-2000,CMP034,1403.19,-0.8396,-1178.07,2011-10-27,43,Regular
14359.0,19,3,912.18,0-50,0-5,0-2000,CMP029,1146.55,-0.2044,-234.37,2011-11-20,19,Regular
14360.0,32,4,2118.03,0-50,0-5,2000-4000,CMP047,1540.55,0.3749,577.48,2011-11-07,32,Regular
14362.0,22,1,151.5,0-50,0-5,0-2000,CMP001,258.61,-0.4142,-107.11,2011-11-17,22,Regular
14364.0,109,8,3717.35,100-150,5-10,2000-4000,CMP019,593.24,5.2662,3124.11,2011-08-22,109,Regular
14367.0,8,16,9227.82,0-50,15-20,8000-10000,CMP001,258.61,34.6824,8969.21,2011-12-01,8,Engajado
14368.0,320,1,155.0,300-350,0-5,0-2000,CMP020,517.27,-0.7003,-362.27,2011-01-23,320,Ocasional
14371.0,295,1,100.5,250-300,0-5,0-2000,CMP040,1656.14,-0.9393,-1555.64,2011-02-17,295,Ocasional
14373.0,358,1,76.55,350-400,0-5,0-2000,CMP007,161.77,-0.5268,-85.22,2010-12-16,358,Ocasional
14375.0,185,1,235.56,150-200,0-5,0-2000,CMP043,1290.94,-0.8175,-1055.38,2011-06-07,185,Ocasional
14377.0,191,2,617.05,150-200,0-5,0-2000,CMP006,191.74,2.2182,425.31,2011-06-01,191,Ocasional
14379.0,44,2,348.1,0-50,0-5,0-2000,CMP042,1705.66,-0.7959,-1357.56,2011-10-26,44,Regular
14381.0,52,1,202.68,50-100,0-5,0-2000,CMP010,360.67,-0.438,-157.99,2011-10-18,52,Regular
14382.0,26,1,615.49,0-50,0-5,0-2000,CMP009,327.94,0.8768,287.55,2011-11-13,26,Regular
14383.0,38,3,1247.69,0-50,0-5,0-2000,CMP021,690.41,0.8072,557.28,2011-11-01,38,Regular
14385.0,9,3,202.11,0-50,0-5,0-2000,CMP007,161.77,0.2494,40.34,2011-11-30,9,Regular
14386.0,297,1,142.4,250-300,0-5,0-2000,CMP008,409.05,-0.6519,-266.65,2011-02-15,297,Ocasional
14387.0,33,3,1727.6,0-50,0-5,0-2000,CMP026,1285.33,0.3441,442.27,2011-11-06,33,Regular
14388.0,10,8,3212.84,0-50,5-10,2000-4000,CMP042,1705.66,0.8836,1507.18,2011-11-29,10,Regular
14389.0,65,2,1043.46,50-100,0-5,0-2000,CMP023,517.75,1.0154,525.71,2011-10-05,65,Regular
14390.0,10,9,4642.57,0-50,5-10,4000-6000,CMP026,1285.33,2.612,3357.24,2011-11-29,10,Engajado
14393.0,218,1,67.95,200-250,0-5,0-2000,CMP017,524.29,-0.8704,-456.34,2011-05-05,218,Ocasional
14395.0,2,9,3479.91,0-50,5-10,2000-4000,CMP039,1875.82,0.8551,1604.09,2011-12-07,2,Regular
14396.0,65,2,487.99,50-100,0-5,0-2000,CMP015,458.19,0.065,29.8,2011-10-05,65,Regular
14397.0,3,19,2612.96,0-50,15-20,2000-4000,CMP030,753.44,2.468,1859.52,2011-12-06,3,Engajado
14400.0,149,1,574.7,100-150,0-5,0-2000,CMP010,360.67,0.5934,214.03,2011-07-13,149,Ocasional
14401.0,4,13,4051.48,0-50,10-15,4000-6000,CMP018,643.37,5.2973,3408.11,2011-12-05,4,Engajado
14403.0,130,4,1475.81,100-150,0-5,0-2000,CMP028,1090.24,0.3537,385.57,2011-08-01,130,Regular
14404.0,34,6,1449.32,0-50,5-10,0-2000,CMP012,440.78,2.2881,1008.54,2011-11-05,34,Regular
14406.0,119,1,156.75,100-150,0-5,0-2000,CMP015,458.19,-0.6579,-301.44,2011-08-12,119,Regular
14407.0,107,5,2142.73,100-150,5-10,2000-4000,CMP039,1875.82,0.1423,266.91,2011-08-24,107,Regular
14408.0,11,7,2599.03,0-50,5-10,2000-4000,CMP011,150.3,16.2923,2448.73,2011-11-28,11,Regular
14409.0,71,6,2059.4500000000003,50-100,5-10,2000-4000,CMP035,1415.25,0.4552,644.2,2011-09-29,71,Regular
14410.0,92,9,1099.27,50-100,5-10,0-2000,CMP014,474.66,1.3159,624.61,2011-09-08,92,Regular
14411.0,311,1,1063.0,300-350,0-5,0-2000,CMP045,1492.9,-0.288,-429.9,2011-02-01,311,Ocasional
14412.0,43,2,770.03,0-50,0-5,0-2000,CMP021,690.41,0.1153,79.62,2011-10-27,43,Regular
14413.0,362,1,121.05,350-400,0-5,0-2000,CMP033,766.84,-0.8421,-645.79,2010-12-12,362,Ocasional
14414.0,92,7,1496.98,50-100,5-10,0-2000,CMP023,517.75,1.8913,979.23,2011-09-08,92,Regular
14415.0,1,13,5855.57,0-50,10-15,4000-6000,CMP005,191.74,29.5391,5663.83,2011-12-08,1,Engajado
14416.0,22,2,490.22,0-50,0-5,0-2000,CMP026,1285.33,-0.6186,-795.11,2011-11-17,22,Regular
14418.0,4,3,1937.25,0-50,0-5,0-2000,CMP047,1540.55,0.2575,396.7,2011-12-05,4,Regular
14419.0,11,6,1051.79,0-50,5-10,0-2000,CMP025,1048.37,0.0033,3.42,2011-11-28,11,Regular
14420.0,99,1,387.52,50-100,0-5,0-2000,CMP032,842.78,-0.5402,-455.26,2011-09-01,99,Regular
14421.0,57,2,813.11,50-100,0-5,0-2000,CMP037,1534.16,-0.47,-721.05,2011-10-13,57,Regular
14422.0,1,6,4263.64,0-50,5-10,4000-6000,CMP022,435.33,8.794,3828.31,2011-12-08,1,Regular
14423.0,218,1,265.2,200-250,0-5,0-2000,CMP006,191.74,0.3831,73.46,2011-05-05,218,Ocasional
14424.0,18,1,322.08,0-50,0-5,0-2000,CMP025,1048.37,-0.6928,-726.29,2011-11-21,18,Regular
14426.0,24,10,4481.67,0-50,10-15,4000-6000,CMP030,753.44,4.9483,3728.23,2011-11-15,24,Engajado
14427.0,50,2,363.34,50-100,0-5,0-2000,CMP033,766.84,-0.5262,-403.5,2011-10-20,50,Regular
14428.0,7,5,1224.06,0-50,5-10,0-2000,CMP039,1875.82,-0.3475,-651.76,2011-12-02,7,Regular
14431.0,303,1,470.36,300-350,0-5,0-2000,CMP017,524.29,-0.1029,-53.93,2011-02-09,303,Ocasional
14432.0,10,6,2248.5,0-50,5-10,2000-4000,CMP023,517.75,3.3428,1730.75,2011-11-29,10,Regular
14434.0,22,6,1372.8,0-50,5-10,0-2000,CMP031,1157.44,0.1861,215.36,2011-11-17,22,Regular
14436.0,99,1,89.06,50-100,0-5,0-2000,CMP008,409.05,-0.7823,-319.99,2011-09-01,99,Regular
14437.0,366,1,63.0,350-400,0-5,0-2000,CMP034,1403.19,-0.9551,-1340.19,2010-12-08,366,Ocasional
14438.0,306,1,131.9,300-350,0-5,0-2000,CMP012,440.78,-0.7008,-308.88,2011-02-06,306,Ocasional
14439.0,320,1,2661.24,300-350,0-5,2000-4000,CMP038,1347.91,0.9743,1313.33,2011-01-23,320,Ocasional
14440.0,8,5,2357.68,0-50,5-10,2000-4000,CMP010,360.67,5.5369,1997.01,2011-12-01,8,Regular
14441.0,1,4,1712.89,0-50,0-5,0-2000,CMP036,1302.05,0.3155,410.84,2011-12-08,1,Regular
14442.0,205,2,1589.82,200-250,0-5,0-2000,CMP031,1157.44,0.3736,432.38,2011-05-18,205,Ocasional
14443.0,54,4,1420.2,50-100,0-5,0-2000,CMP025,1048.37,0.3547,371.83,2011-10-16,54,Regular
14446.0,1,4,1005.55,0-50,0-5,0-2000,CMP011,150.3,5.6903,855.25,2011-12-08,1,Regular
14447.0,19,5,1163.23,0-50,5-10,0-2000,CMP029,1146.55,0.0145,16.68,2011-11-20,19,Regular
14448.0,9,2,375.35,0-50,0-5,0-2000,CMP035,1415.25,-0.7348,-1039.9,2011-11-30,9,Regular
14449.0,19,4,885.8,0-50,0-5,0-2000,CMP013,809.51,0.0942,76.29,2011-11-20,19,Regular
14450.0,181,3,483.25,150-200,0-5,0-2000,CMP009,327.94,0.4736,155.31,2011-06-11,181,Ocasional
14451.0,60,2,643.9,50-100,0-5,0-2000,CMP003,367.99,0.7498,275.91,2011-10-10,60,Regular
14452.0,11,2,259.05,0-50,0-5,0-2000,CMP020,517.27,-0.4992,-258.22,2011-11-28,11,Regular
14453.0,190,1,119.93,150-200,0-5,0-2000,CMP017,524.29,-0.7713,-404.36,2011-06-02,190,Ocasional
14456.0,5,9,3014.32,0-50,5-10,2000-4000,CMP034,1403.19,1.1482,1611.13,2011-12-04,5,Regular
14457.0,311,1,113.64,300-350,0-5,0-2000,CMP007,161.77,-0.2975,-48.13,2011-02-01,311,Ocasional
14459.0,155,1,1837.92,150-200,0-5,0-2000,CMP029,1146.55,0.603,691.37,2011-07-07,155,Ocasional
14460.0,110,3,434.34,100-150,0-5,0-2000,CMP025,1048.37,-0.5857,-614.03,2011-08-21,110,Regular
14461.0,148,3,2102.67,100-150,0-5,2000-4000,CMP032,842.78,1.4949,1259.89,2011-07-14,148,Regular
14462.0,66,11,1975.57,50-100,10-15,0-2000,CMP048,1728.05,0.1432,247.52,2011-10-04,66,Regular
14463.0,98,3,529.62,50-100,0-5,0-2000,CMP010,360.67,0.4684,168.95,2011-09-02,98,Regular
14465.0,247,3,1038.44,200-250,0-5,0-2000,CMP028,1090.24,-0.0475,-51.8,2011-04-06,247,Ocasional
14466.0,29,7,2272.4,0-50,5-10,2000-4000,CMP029,1146.55,0.9819,1125.85,2011-11-10,29,Regular
14467.0,18,4,596.26,0-50,0-5,0-2000,CMP020,517.27,0.1527,78.99,2011-11-21,18,Regular
14470.0,12,2,461.19,0-50,0-5,0-2000,CMP029,1146.55,-0.5978,-685.36,2011-11-27,12,Regular
14472.0,104,8,1852.67,100-150,5-10,0-2000,CMP039,1875.82,-0.0123,-23.15,2011-08-27,104,Regular
14473.0,74,2,234.34,50-100,0-5,0-2000,CMP048,1728.05,-0.8644,-1493.71,2011-09-26,74,Regular
14474.0,46,1,547.66,0-50,0-5,0-2000,CMP010,360.67,0.5185,186.99,2011-10-24,46,Regular
14475.0,72,3,925.85,50-100,0-5,0-2000,CMP009,327.94,1.8232,597.91,2011-09-28,72,Regular
14476.0,257,1,193.0,250-300,0-5,0-2000,CMP026,1285.33,-0.8498,-1092.33,2011-03-27,257,Ocasional
14477.0,20,4,1309.6,0-50,0-5,0-2000,CMP024,557.84,1.3476,751.76,2011-11-19,20,Regular
14479.0,254,2,316.25,250-300,0-5,0-2000,CMP015,458.19,-0.3098,-141.94,2011-03-30,254,Ocasional
14480.0,11,1,279.05,0-50,0-5,0-2000,CMP003,367.99,-0.2417,-88.94,2011-11-28,11,Regular
14481.0,165,2,636.51,150-200,0-5,0-2000,CMP009,327.94,0.9409,308.57,2011-06-27,165,Ocasional
14482.0,18,6,2022.81,0-50,5-10,2000-4000,CMP045,1492.9,0.355,529.91,2011-11-21,18,Regular
14483.0,282,1,137.1,250-300,0-5,0-2000,CMP006,191.74,-0.285,-54.64,2011-03-02,282,Ocasional
14484.0,50,1,321.92,50-100,0-5,0-2000,CMP016,459.04,-0.2987,-137.12,2011-10-20,50,Regular
14485.0,39,1,162.8,0-50,0-5,0-2000,CMP007,161.77,0.0064,1.03,2011-10-31,39,Regular
14487.0,27,6,1165.48,0-50,5-10,0-2000,CMP017,524.29,1.223,641.19,2011-11-12,27,Regular
14488.0,68,1,1064.28,50-100,0-5,0-2000,CMP007,161.77,5.579,902.51,2011-10-02,68,Regular
14489.0,207,1,463.38,200-250,0-5,0-2000,CMP022,435.33,0.0644,28.05,2011-05-16,207,Ocasional
14491.0,175,2,340.93,150-200,0-5,0-2000,CMP007,161.77,1.1075,179.16,2011-06-17,175,Ocasional
14493.0,7,5,2383.24,0-50,5-10,2000-4000,CMP042,1705.66,0.3973,677.58,2011-12-02,7,Regular
14494.0,26,1,139.56,0-50,0-5,0-2000,CMP007,161.77,-0.1373,-22.21,2011-11-13,26,Regular
14495.0,51,2,123.8,50-100,0-5,0-2000,CMP015,458.19,-0.7298,-334.39,2011-10-19,51,Regular
14496.0,312,2,538.8100000000001,300-350,0-5,0-2000,CMP037,1534.16,-0.6488,-995.35,2011-01-31,312,Ocasional
14497.0,309,1,475.37,300-350,0-5,0-2000,CMP027,863.77,-0.4497,-388.4,2011-02-03,309,Ocasional
14498.0,43,5,1957.32,0-50,5-10,0-2000,CMP034,1403.19,0.3949,554.13,2011-10-27,43,Regular
14499.0,26,3,808.44,0-50,0-5,0-2000,CMP016,459.04,0.7612,349.4,2011-11-13,26,Regular
14500.0,88,3,356.85,50-100,0-5,0-2000,CMP016,459.04,-0.2226,-102.19,2011-09-12,88,Regular
14501.0,184,2,251.21,150-200,0-5,0-2000,CMP022,435.33,-0.4229,-184.12,2011-06-08,184,Ocasional
14502.0,20,11,2426.79,0-50,10-15,2000-4000,CMP048,1728.05,0.4044,698.74,2011-11-19,20,Regular
14503.0,3,6,3543.26,0-50,5-10,2000-4000,CMP038,1347.91,1.6287,2195.35,2011-12-06,3,Regular
14504.0,47,4,673.26,0-50,0-5,0-2000,CMP024,557.84,0.2069,115.42,2011-10-23,47,Regular
14505.0,17,8,5859.43,0-50,5-10,4000-6000,CMP040,1656.14,2.538,4203.29,2011-11-22,17,Engajado
14506.0,17,5,1960.65,0-50,5-10,0-2000,CMP031,1157.44,0.694,803.21,2011-11-22,17,Regular
14507.0,24,6,1367.88,0-50,5-10,0-2000,CMP006,191.74,6.134,1176.14,2011-11-15,24,Regular
14508.0,22,2,268.05,0-50,0-5,0-2000,CMP015,458.19,-0.415,-190.14,2011-11-17,22,Regular
14511.0,11,5,1314.81,0-50,5-10,0-2000,CMP044,2078.39,-0.3674,-763.58,2011-11-28,11,Regular
14512.0,188,2,275.28,150-200,0-5,0-2000,CMP005,191.74,0.4357,83.54,2011-06-04,188,Ocasional
14513.0,101,3,455.59,100-150,0-5,0-2000,CMP028,1090.24,-0.5821,-634.65,2011-08-30,101,Regular
14514.0,61,3,990.2,50-100,0-5,0-2000,CMP012,440.78,1.2465,549.42,2011-10-09,61,Regular
14515.0,18,6,2076.89,0-50,5-10,2000-4000,CMP034,1403.19,0.4801,673.7,2011-11-21,18,Regular
14517.0,33,2,330.45,0-50,0-5,0-2000,CMP009,327.94,0.0077,2.51,2011-11-06,33,Regular
14518.0,64,1,174.37,50-100,0-5,0-2000,CMP013,809.51,-0.7846,-635.14,2011-10-06,64,Regular
14520.0,2,2,270.6,0-50,0-5,0-2000,CMP029,1146.55,-0.764,-875.95,2011-12-07,2,Regular
14522.0,24,4,974.54,0-50,0-5,0-2000,CMP017,524.29,0.8588,450.25,2011-11-15,24,Regular
14523.0,108,1,241.09,100-150,0-5,0-2000,CMP022,435.33,-0.4462,-194.24,2011-08-23,108,Regular
14524.0,32,9,1843.83,0-50,5-10,0-2000,CMP042,1705.66,0.081,138.17,2011-11-07,32,Regular
14525.0,20,9,4215.9,0-50,5-10,4000-6000,CMP046,1856.27,1.2712,2359.63,2011-11-19,20,Regular
14528.0,37,1,364.22,0-50,0-5,0-2000,CMP013,809.51,-0.5501,-445.29,2011-11-02,37,Regular
14529.0,60,3,578.61,50-100,0-5,0-2000,CMP019,593.24,-0.0247,-14.63,2011-10-10,60,Regular
14530.0,26,6,2862.11,0-50,5-10,2000-4000,CMP015,458.19,5.2466,2403.92,2011-11-13,26,Regular
14532.0,236,4,932.85,200-250,0-5,0-2000,CMP048,1728.05,-0.4602,-795.2,2011-04-17,236,Ocasional
14533.0,25,7,1949.72,0-50,5-10,0-2000,CMP046,1856.27,0.0503,93.45,2011-11-14,25,Regular
14534.0,3,18,4395.65,0-50,15-20,4000-6000,CMP034,1403.19,2.1326,2992.46,2011-12-06,3,Engajado
14535.0,60,3,2854.84,50-100,0-5,2000-4000,CMP043,1290.94,1.2114,1563.9,2011-10-10,60,Regular
14536.0,260,1,170.95,250-300,0-5,0-2000,CMP014,474.66,-0.6398,-303.71,2011-03-24,260,Ocasional
14537.0,58,1,355.56,50-100,0-5,0-2000,CMP026,1285.33,-0.7234,-929.77,2011-10-12,58,Regular
14538.0,65,2,388.25,50-100,0-5,0-2000,CMP009,327.94,0.1839,60.31,2011-10-05,65,Regular
14539.0,16,2,537.48,0-50,0-5,0-2000,CMP030,753.44,-0.2866,-215.96,2011-11-23,16,Regular
14540.0,10,3,952.66,0-50,0-5,0-2000,CMP010,360.67,1.6414,591.99,2011-11-29,10,Regular
14541.0,59,8,1453.35,50-100,5-10,0-2000,CMP032,842.78,0.7245,610.57,2011-10-11,59,Regular
14542.0,186,1,103.25,150-200,0-5,0-2000,CMP031,1157.44,-0.9108,-1054.19,2011-06-06,186,Ocasional
14543.0,29,16,3560.08,0-50,15-20,2000-4000,CMP039,1875.82,0.8979,1684.26,2011-11-10,29,Engajado
14544.0,24,2,2004.3,0-50,0-5,2000-4000,CMP004,327.19,5.1258,1677.11,2011-11-15,24,Regular
14546.0,5,5,2573.93,0-50,5-10,2000-4000,CMP026,1285.33,1.0025,1288.6,2011-12-04,5,Regular
14547.0,4,8,3974.75,0-50,5-10,2000-4000,CMP025,1048.37,2.7914,2926.38,2011-12-05,4,Regular
14548.0,151,2,652.8,150-200,0-5,0-2000,CMP017,524.29,0.2451,128.51,2011-07-11,151,Ocasional
14549.0,311,1,289.24,300-350,0-5,0-2000,CMP003,367.99,-0.214,-78.75,2011-02-01,311,Ocasional
14550.0,11,2,757.37,0-50,0-5,0-2000,CMP042,1705.66,-0.556,-948.29,2011-11-28,11,Regular
14551.0,18,2,186.23,0-50,0-5,0-2000,CMP015,458.19,-0.5936,-271.96,2011-11-21,18,Regular
14552.0,152,1,164.22,150-200,0-5,0-2000,CMP009,327.94,-0.4992,-163.72,2011-07-10,152,Ocasional
14553.0,19,5,859.27,0-50,5-10,0-2000,CMP019,593.24,0.4484,266.03,2011-11-20,19,Regular
14554.0,10,4,2279.49,0-50,0-5,2000-4000,CMP031,1157.44,0.9694,1122.05,2011-11-29,10,Regular
14555.0,57,2,312.54,50-100,0-5,0-2000,CMP025,1048.37,-0.7019,-735.83,2011-10-13,57,Regular
14557.0,85,1,788.38,50-100,0-5,0-2000,CMP022,435.33,0.811,353.05,2011-09-15,85,Regular
14560.0,7,22,2237.77,0-50,20-25,2000-4000,CMP046,1856.27,0.2055,381.5,2011-12-02,7,Engajado
14561.0,76,3,1080.76,50-100,0-5,0-2000,CMP022,435.33,1.4826,645.43,2011-09-24,76,Regular
14562.0,4,18,5006.77,0-50,15-20,4000-6000,CMP048,1728.05,1.8974,3278.72,2011-12-05,4,Engajado
14565.0,96,4,2949.12,50-100,0-5,2000-4000,CMP044,2078.39,0.4189,870.73,2011-09-04,96,Regular
14566.0,111,1,1432.0,100-150,0-5,0-2000,CMP013,809.51,0.769,622.49,2011-08-20,111,Regular
14567.0,57,2,1530.36,50-100,0-5,0-2000,CMP042,1705.66,-0.1028,-175.3,2011-10-13,57,Regular
14569.0,1,1,227.39,0-50,0-5,0-2000,CMP004,327.19,-0.305,-99.8,2011-12-08,1,Regular
14570.0,281,2,217.21,250-300,0-5,0-2000,CMP034,1403.19,-0.8452,-1185.98,2011-03-03,281,Ocasional
14572.0,3,7,2804.54,0-50,5-10,2000-4000,CMP029,1146.55,1.4461,1657.99,2011-12-06,3,Regular
14573.0,180,9,1639.82,150-200,5-10,0-2000,CMP045,1492.9,0.0984,146.92,2011-06-12,180,Regular
14576.0,372,1,35.400000000000006,350-400,0-5,0-2000,CMP038,1347.91,-0.9737,-1312.51,2010-12-02,372,Ocasional
14577.0,13,4,859.71,0-50,0-5,0-2000,CMP032,842.78,0.0201,16.93,2011-11-26,13,Regular
14578.0,3,1,168.63,0-50,0-5,0-2000,CMP032,842.78,-0.7999,-674.15,2011-12-06,3,Regular
14581.0,17,1,138.6,0-50,0-5,0-2000,CMP009,327.94,-0.5774,-189.34,2011-11-22,17,Regular
14582.0,41,1,114.11,0-50,0-5,0-2000,CMP003,367.99,-0.6899,-253.88,2011-10-29,41,Regular
14583.0,6,5,986.96,0-50,5-10,0-2000,CMP019,593.24,0.6637,393.72,2011-12-03,6,Regular
14584.0,169,4,1033.06,150-200,0-5,0-2000,CMP011,150.3,5.8733,882.76,2011-06-23,169,Ocasional
14585.0,50,1,157.05,50-100,0-5,0-2000,CMP024,557.84,-0.7185,-400.79,2011-10-20,50,Regular
14586.0,277,1,237.36,250-300,0-5,0-2000,CMP010,360.67,-0.3419,-123.31,2011-03-07,277,Ocasional
14587.0,19,9,1580.29,0-50,5-10,0-2000,CMP046,1856.27,-0.1487,-275.98,2011-11-20,19,Regular
14589.0,372,1,39.75,350-400,0-5,0-2000,CMP020,517.27,-0.9232,-477.52,2010-12-02,372,Ocasional
14591.0,15,4,1320.21,0-50,0-5,0-2000,CMP032,842.78,0.5665,477.43,2011-11-24,15,Regular
14592.0,35,3,557.94,0-50,0-5,0-2000,CMP010,360.67,0.547,197.27,2011-11-04,35,Regular
14593.0,22,3,617.15,0-50,0-5,0-2000,CMP035,1415.25,-0.5639,-798.1,2011-11-17,22,Regular
14594.0,7,2,363.33,0-50,0-5,0-2000,CMP041,1369.84,-0.7348,-1006.51,2011-12-02,7,Regular
14595.0,20,6,1740.6,0-50,5-10,0-2000,CMP032,842.78,1.0653,897.82,2011-11-19,20,Regular
14597.0,11,2,866.24,0-50,0-5,0-2000,CMP025,1048.37,-0.1737,-182.13,2011-11-28,11,Regular
14598.0,44,1,221.97,0-50,0-5,0-2000,CMP030,753.44,-0.7054,-531.47,2011-10-26,44,Regular
14600.0,306,1,393.33,300-350,0-5,0-2000,CMP011,150.3,1.617,243.03,2011-02-06,306,Ocasional
14601.0,11,1,213.96,0-50,0-5,0-2000,CMP014,474.66,-0.5492,-260.7,2011-11-28,11,Regular
14603.0,275,1,660.0,250-300,0-5,0-2000,CMP019,593.24,0.1125,66.76,2011-03-09,275,Ocasional
14607.0,16,12,15021.5,0-50,10-15,10000-12000,CMP015,458.19,31.7844,14563.31,2011-11-23,16,Engajado
14608.0,4,4,1785.15,0-50,0-5,0-2000,CMP028,1090.24,0.6374,694.91,2011-12-05,4,Regular
14609.0,72,4,601.56,50-100,0-5,0-2000,CMP007,161.77,2.7186,439.79,2011-09-28,72,Regular
14616.0,243,3,406.08,200-250,0-5,0-2000,CMP003,367.99,0.1035,38.09,2011-04-10,243,Ocasional
14618.0,9,3,553.44,0-50,0-5,0-2000,CMP010,360.67,0.5345,192.77,2011-11-30,9,Regular
14619.0,246,1,394.44,200-250,0-5,0-2000,CMP045,1492.9,-0.7358,-1098.46,2011-04-07,246,Ocasional
14620.0,206,2,412.78,200-250,0-5,0-2000,CMP023,517.75,-0.2027,-104.97,2011-05-17,206,Ocasional
14621.0,1,5,1788.36,0-50,5-10,0-2000,CMP047,1540.55,0.1609,247.81,2011-12-08,1,Regular
14622.0,185,1,320.58000000000004,150-200,0-5,0-2000,CMP020,517.27,-0.3802,-196.69,2011-06-07,185,Ocasional
14623.0,32,5,882.02,0-50,5-10,0-2000,CMP016,459.04,0.9214,422.98,2011-11-07,32,Regular
14624.0,57,2,225.85,50-100,0-5,0-2000,CMP014,474.66,-0.5242,-248.81,2011-10-13,57,Regular
14625.0,196,2,899.63,150-200,0-5,0-2000,CMP020,517.27,0.7392,382.36,2011-05-27,196,Ocasional
14626.0,24,4,2791.27,0-50,0-5,2000-4000,CMP011,150.3,17.5713,2640.97,2011-11-15,24,Regular
14628.0,91,2,671.96,50-100,0-5,0-2000,CMP026,1285.33,-0.4772,-613.37,2011-09-09,91,Regular
14629.0,4,2,955.26,0-50,0-5,0-2000,CMP013,809.51,0.18,145.75,2011-12-05,4,Regular
14631.0,51,3,1006.98,50-100,0-5,0-2000,CMP026,1285.33,-0.2166,-278.35,2011-10-19,51,Regular
14632.0,263,1,114.56,250-300,0-5,0-2000,CMP021,690.41,-0.8341,-575.85,2011-03-21,263,Ocasional
14633.0,266,1,344.90000000000003,250-300,0-5,0-2000,CMP011,150.3,1.2947,194.6,2011-03-18,266,Ocasional
14636.0,36,2,609.85,0-50,0-5,0-2000,CMP006,191.74,2.1806,418.11,2011-11-03,36,Regular
14638.0,51,1,443.6,50-100,0-5,0-2000,CMP031,1157.44,-0.6167,-713.84,2011-10-19,51,Regular
14639.0,52,6,2984.49,50-100,5-10,2000-4000,CMP031,1157.44,1.5785,1827.05,2011-10-18,52,Regular
14640.0,24,6,2107.38,0-50,5-10,2000-4000,CMP006,191.74,9.9908,1915.64,2011-11-15,24,Regular
14641.0,22,1,110.46,0-50,0-5,0-2000,CMP048,1728.05,-0.9361,-1617.59,2011-11-17,22,Regular
14642.0,59,1,96.12,50-100,0-5,0-2000,CMP002,434.92,-0.779,-338.8,2011-10-11,59,Regular
14643.0,170,2,693.8100000000001,150-200,0-5,0-2000,CMP028,1090.24,-0.3636,-396.43,2011-06-22,170,Ocasional
14644.0,68,2,830.76,50-100,0-5,0-2000,CMP047,1540.55,-0.4607,-709.79,2011-10-02,68,Regular
14645.0,157,2,597.09,150-200,0-5,0-2000,CMP013,809.51,-0.2624,-212.42,2011-07-05,157,Ocasional
14647.0,201,1,236.04,200-250,0-5,0-2000,CMP004,327.19,-0.2786,-91.15,2011-05-22,201,Ocasional
14649.0,5,4,1402.59,0-50,0-5,0-2000,CMP010,360.67,2.8888,1041.92,2011-12-04,5,Regular
14651.0,67,2,653.75,50-100,0-5,0-2000,CMP016,459.04,0.4242,194.71,2011-10-03,67,Regular
14652.0,77,1,114.18,50-100,0-5,0-2000,CMP003,367.99,-0.6897,-253.81,2011-09-23,77,Regular
14653.0,1,7,1916.7,0-50,5-10,0-2000,CMP039,1875.82,0.0218,40.88,2011-12-08,1,Regular
14655.0,8,4,1932.23,0-50,0-5,0-2000,CMP006,191.74,9.0773,1740.49,2011-12-01,8,Regular
14656.0,169,2,291.05,150-200,0-5,0-2000,CMP014,474.66,-0.3868,-183.61,2011-06-23,169,Ocasional
14657.0,18,4,848.22,0-50,0-5,0-2000,CMP048,1728.05,-0.5091,-879.83,2011-11-21,18,Regular
14658.0,5,2,247.15,0-50,0-5,0-2000,CMP034,1403.19,-0.8239,-1156.04,2011-12-04,5,Regular
14659.0,9,9,2529.93,0-50,5-10,2000-4000,CMP036,1302.05,0.943,1227.88,2011-11-30,9,Regular
14660.0,87,2,285.74,50-100,0-5,0-2000,CMP009,327.94,-0.1287,-42.2,2011-09-13,87,Regular
14661.0,27,1,107.95,0-50,0-5,0-2000,CMP018,643.37,-0.8322,-535.42,2011-11-12,27,Regular
14662.0,29,4,741.37,0-50,0-5,0-2000,CMP023,517.75,0.4319,223.62,2011-11-10,29,Regular
14664.0,20,2,636.24,0-50,0-5,0-2000,CMP019,593.24,0.0725,43.0,2011-11-19,20,Regular
14665.0,61,5,1835.7,50-100,5-10,0-2000,CMP013,809.51,1.2677,1026.19,2011-10-09,61,Regular
14666.0,24,1,179.95,0-50,0-5,0-2000,CMP039,1875.82,-0.9041,-1695.87,2011-11-15,24,Regular
14667.0,11,25,9170.79,0-50,25-30,8000-10000,CMP031,1157.44,6.9233,8013.35,2011-11-28,11,Engajado
14669.0,242,3,1259.24,200-250,0-5,0-2000,CMP012,440.78,1.8568,818.46,2011-04-11,242,Ocasional
14670.0,280,2,392.86,250-300,0-5,0-2000,CMP018,643.37,-0.3894,-250.51,2011-03-04,280,Ocasional
14672.0,235,2,765.5500000000001,200-250,0-5,0-2000,CMP019,593.24,0.2905,172.31,2011-04-18,235,Ocasional
14673.0,3,5,1736.4,0-50,5-10,0-2000,CMP043,1290.94,0.3451,445.46,2011-12-06,3,Regular
14675.0,16,1,596.36,0-50,0-5,0-2000,CMP029,1146.55,-0.4799,-550.19,2011-11-23,16,Regular
14676.0,31,6,2548.24,0-50,5-10,2000-4000,CMP041,1369.84,0.8602,1178.4,2011-11-08,31,Regular
14681.0,71,3,498.95,50-100,0-5,0-2000,CMP002,434.92,0.1472,64.03,2011-09-29,71,Regular
14682.0,188,2,52.0,150-200,0-5,0-2000,CMP012,440.78,-0.882,-388.78,2011-06-04,188,Ocasional
14684.0,26,5,1201.51,0-50,5-10,0-2000,CMP021,690.41,0.7403,511.1,2011-11-13,26,Regular
14687.0,107,1,628.38,100-150,0-5,0-2000,CMP002,434.92,0.4448,193.46,2011-08-24,107,Regular
14688.0,8,21,5579.1,0-50,20-25,4000-6000,CMP025,1048.37,4.3217,4530.73,2011-12-01,8,Engajado
14689.0,209,1,112.8,200-250,0-5,0-2000,CMP029,1146.55,-0.9016,-1033.75,2011-05-14,209,Ocasional
14690.0,44,2,355.05,0-50,0-5,0-2000,CMP010,360.67,-0.0156,-5.62,2011-10-26,44,Regular
14691.0,31,5,2114.33,0-50,5-10,2000-4000,CMP034,1403.19,0.5068,711.14,2011-11-08,31,Regular
14692.0,137,4,591.55,100-150,0-5,0-2000,CMP013,809.51,-0.2692,-217.96,2011-07-25,137,Regular
14693.0,265,1,172.9,250-300,0-5,0-2000,CMP001,258.61,-0.3314,-85.71,2011-03-19,265,Ocasional
14696.0,4,7,2078.95,0-50,5-10,2000-4000,CMP024,557.84,2.7268,1521.11,2011-12-05,4,Regular
14697.0,218,2,188.61,200-250,0-5,0-2000,CMP047,1540.55,-0.8776,-1351.94,2011-05-05,218,Ocasional
14698.0,2,5,1217.27,0-50,5-10,0-2000,CMP031,1157.44,0.0517,59.83,2011-12-07,2,Regular
14699.0,214,1,109.13,200-250,0-5,0-2000,CMP045,1492.9,-0.9269,-1383.77,2011-05-09,214,Ocasional
14700.0,32,3,2195.1,0-50,0-5,2000-4000,CMP032,842.78,1.6046,1352.32,2011-11-07,32,Regular
14701.0,11,9,2526.09,0-50,5-10,2000-4000,CMP011,150.3,15.807,2375.79,2011-11-28,11,Regular
14702.0,1,17,3251.79,0-50,15-20,2000-4000,CMP034,1403.19,1.3174,1848.6,2011-12-08,1,Engajado
14703.0,15,1,318.17,0-50,0-5,0-2000,CMP020,517.27,-0.3849,-199.1,2011-11-24,15,Regular
14704.0,20,7,1461.62,0-50,5-10,0-2000,CMP034,1403.19,0.0416,58.43,2011-11-19,20,Regular
14705.0,199,1,179.0,150-200,0-5,0-2000,CMP003,367.99,-0.5136,-188.99,2011-05-24,199,Ocasional
14708.0,3,3,1126.37,0-50,0-5,0-2000,CMP021,690.41,0.6315,435.96,2011-12-06,3,Regular
14709.0,15,13,4921.04,0-50,10-15,4000-6000,CMP015,458.19,9.7402,4462.85,2011-11-24,15,Engajado
14710.0,14,4,599.48,0-50,0-5,0-2000,CMP016,459.04,0.3059,140.44,2011-11-25,14,Regular
14711.0,10,11,2839.62,0-50,10-15,2000-4000,CMP040,1656.14,0.7146,1183.48,2011-11-29,10,Regular
14712.0,29,3,917.07,0-50,0-5,0-2000,CMP021,690.41,0.3283,226.66,2011-11-10,29,Regular
14713.0,9,11,2662.2,0-50,10-15,2000-4000,CMP029,1146.55,1.3219,1515.65,2011-11-30,9,Regular
14714.0,24,1,160.19,0-50,0-5,0-2000,CMP011,150.3,0.0658,9.89,2011-11-15,24,Regular
14715.0,25,4,867.38,0-50,0-5,0-2000,CMP021,690.41,0.2563,176.97,2011-11-14,25,Regular
14716.0,43,2,307.51,0-50,0-5,0-2000,CMP031,1157.44,-0.7343,-849.93,2011-10-27,43,Regular
14719.0,2,5,1581.84,0-50,5-10,0-2000,CMP038,1347.91,0.1736,233.93,2011-12-07,2,Regular
14720.0,6,3,663.81,0-50,0-5,0-2000,CMP044,2078.39,-0.6806,-1414.58,2011-12-03,6,Regular
14722.0,147,1,180.42,100-150,0-5,0-2000,CMP031,1157.44,-0.8441,-977.02,2011-07-15,147,Ocasional
14723.0,10,6,1120.66,0-50,5-10,0-2000,CMP016,459.04,1.4413,661.62,2011-11-29,10,Regular
14725.0,25,1,655.58,0-50,0-5,0-2000,CMP028,1090.24,-0.3987,-434.66,2011-11-14,25,Regular
14727.0,274,1,268.58,250-300,0-5,0-2000,CMP012,440.78,-0.3907,-172.2,2011-03-10,274,Ocasional
14729.0,374,1,313.49,350-400,0-5,0-2000,CMP014,474.66,-0.3395,-161.17,2010-11-30,374,Ocasional
14730.0,1,8,1897.57,0-50,5-10,0-2000,CMP043,1290.94,0.4699,606.63,2011-12-08,1,Regular
14731.0,47,3,380.02,0-50,0-5,0-2000,CMP004,327.19,0.1615,52.83,2011-10-23,47,Regular
14732.0,8,8,2702.49,0-50,5-10,2000-4000,CMP045,1492.9,0.8102,1209.59,2011-12-01,8,Regular
14733.0,16,12,9585.91,0-50,10-15,8000-10000,CMP031,1157.44,7.282,8428.47,2011-11-23,16,Engajado
14735.0,4,31,6050.6900000000005,0-50,,6000-8000,CMP037,1534.16,2.944,4516.53,2011-12-05,4,Engajado
14737.0,4,3,1164.55,0-50,0-5,0-2000,CMP027,863.77,0.3482,300.78,2011-12-05,4,Regular
14738.0,43,7,1314.45,0-50,5-10,0-2000,CMP038,1347.91,-0.0248,-33.46,2011-10-27,43,Regular
14739.0,4,7,3902.28,0-50,5-10,2000-4000,CMP037,1534.16,1.5436,2368.12,2011-12-05,4,Regular
14740.0,197,3,1448.21,150-200,0-5,0-2000,CMP025,1048.37,0.3814,399.84,2011-05-26,197,Ocasional
14741.0,12,6,1400.34,0-50,5-10,0-2000,CMP007,161.77,7.6564,1238.57,2011-11-27,12,Regular
14744.0,16,7,1099.98,0-50,5-10,0-2000,CMP022,435.33,1.5268,664.65,2011-11-23,16,Regular
14745.0,113,5,1220.26,100-150,5-10,0-2000,CMP011,150.3,7.1188,1069.96,2011-08-18,113,Regular
14747.0,249,1,328.2,200-250,0-5,0-2000,CMP029,1146.55,-0.7137,-818.35,2011-04-04,249,Ocasional
14748.0,29,5,1415.75,0-50,5-10,0-2000,CMP022,435.33,2.2521,980.42,2011-11-10,29,Regular
14752.0,44,1,389.64,0-50,0-5,0-2000,CMP028,1090.24,-0.6426,-700.6,2011-10-26,44,Regular
14753.0,87,1,563.15,50-100,0-5,0-2000,CMP005,191.74,1.9371,371.41,2011-09-13,87,Regular
14754.0,45,2,638.05,0-50,0-5,0-2000,CMP009,327.94,0.9456,310.11,2011-10-25,45,Regular
14755.0,10,11,5010.28,0-50,10-15,4000-6000,CMP039,1875.82,1.671,3134.46,2011-11-29,10,Engajado
14756.0,15,1,738.96,0-50,0-5,0-2000,CMP007,161.77,3.568,577.19,2011-11-24,15,Regular
14757.0,75,1,420.5,50-100,0-5,0-2000,CMP007,161.77,1.5994,258.73,2011-09-25,75,Regular
14758.0,145,4,1484.06,100-150,0-5,0-2000,CMP002,434.92,2.4123,1049.14,2011-07-17,145,Regular
14759.0,5,3,1625.97,0-50,0-5,0-2000,CMP047,1540.55,0.0554,85.42,2011-12-04,5,Regular
14760.0,297,1,89.2,250-300,0-5,0-2000,CMP028,1090.24,-0.9182,-1001.04,2011-02-15,297,Ocasional
14761.0,59,2,255.9,50-100,0-5,0-2000,CMP010,360.67,-0.2905,-104.77,2011-10-11,59,Regular
14762.0,264,1,300.52,250-300,0-5,0-2000,CMP008,409.05,-0.2653,-108.53,2011-03-20,264,Ocasional
14764.0,47,1,278.3,0-50,0-5,0-2000,CMP010,360.67,-0.2284,-82.37,2011-10-23,47,Regular
14765.0,29,3,254.11,0-50,0-5,0-2000,CMP030,753.44,-0.6627,-499.33,2011-11-10,29,Regular
14766.0,8,6,2473.37,0-50,5-10,2000-4000,CMP038,1347.91,0.835,1125.46,2011-12-01,8,Regular
14768.0,17,2,192.6,0-50,0-5,0-2000,CMP005,191.74,0.0045,0.86,2011-11-22,17,Regular
14769.0,3,8,10415.33,0-50,5-10,10000-12000,CMP017,524.29,18.8656,9891.04,2011-12-06,3,Engajado
14770.0,232,2,876.4200000000001,200-250,0-5,0-2000,CMP009,327.94,1.6725,548.48,2011-04-21,232,Ocasional
14772.0,112,1,139.26,100-150,0-5,0-2000,CMP021,690.41,-0.7983,-551.15,2011-08-19,112,Regular
14775.0,58,3,1011.9,50-100,0-5,0-2000,CMP030,753.44,0.343,258.46,2011-10-12,58,Regular
14776.0,51,11,2538.3,50-100,10-15,2000-4000,CMP025,1048.37,1.4212,1489.93,2011-10-19,51,Regular
14778.0,127,2,730.86,100-150,0-5,0-2000,CMP003,367.99,0.9861,362.87,2011-08-04,127,Regular
14779.0,281,3,386.15,250-300,0-5,0-2000,CMP008,409.05,-0.056,-22.9,2011-03-03,281,Ocasional
14780.0,55,2,447.68,50-100,0-5,0-2000,CMP045,1492.9,-0.7001,-1045.22,2011-10-15,55,Regular
14782.0,320,1,200.1,300-350,0-5,0-2000,CMP008,409.05,-0.5108,-208.95,2011-01-23,320,Ocasional
14784.0,26,2,289.99,0-50,0-5,0-2000,CMP030,753.44,-0.6151,-463.45,2011-11-13,26,Regular
14785.0,10,2,77.4,0-50,0-5,0-2000,CMP018,643.37,-0.8797,-565.97,2011-11-29,10,Regular
14788.0,7,2,679.44,0-50,0-5,0-2000,CMP018,643.37,0.0561,36.07,2011-12-02,7,Regular
14789.0,29,1,197.64,0-50,0-5,0-2000,CMP006,191.74,0.0308,5.9,2011-11-10,29,Regular
14790.0,17,4,745.06,0-50,0-5,0-2000,CMP010,360.67,1.0658,384.39,2011-11-22,17,Regular
14792.0,64,1,6.2,50-100,0-5,0-2000,CMP018,643.37,-0.9904,-637.17,2011-10-06,64,Regular
14793.0,21,1,228.99,0-50,0-5,0-2000,CMP030,753.44,-0.6961,-524.45,2011-11-18,21,Regular
14794.0,3,7,1319.91,0-50,5-10,0-2000,CMP026,1285.33,0.0269,34.58,2011-12-06,3,Regular
14795.0,166,1,131.45000000000002,150-200,0-5,0-2000,CMP015,458.19,-0.7131,-326.74,2011-06-26,166,Ocasional
14796.0,1,17,7973.93,0-50,15-20,6000-8000,CMP005,191.74,40.5872,7782.19,2011-12-08,1,Engajado
14798.0,53,3,173.74,50-100,0-5,0-2000,CMP046,1856.27,-0.9064,-1682.53,2011-10-17,53,Regular
14799.0,51,1,157.7,50-100,0-5,0-2000,CMP032,842.78,-0.8129,-685.08,2011-10-19,51,Regular
14800.0,48,12,4331.79,0-50,10-15,4000-6000,CMP026,1285.33,2.3702,3046.46,2011-10-22,48,Engajado
14801.0,61,1,189.34,50-100,0-5,0-2000,CMP047,1540.55,-0.8771,-1351.21,2011-10-09,61,Regular
14803.0,162,3,845.5500000000001,150-200,0-5,0-2000,CMP025,1048.37,-0.1935,-202.82,2011-06-30,162,Ocasional
14804.0,9,1,353.27,0-50,0-5,0-2000,CMP024,557.84,-0.3667,-204.57,2011-11-30,9,Regular
14805.0,15,4,546.4,0-50,0-5,0-2000,CMP030,753.44,-0.2748,-207.04,2011-11-24,15,Regular
14806.0,75,1,193.39,50-100,0-5,0-2000,CMP033,766.84,-0.7478,-573.45,2011-09-25,75,Regular
14808.0,40,8,2718.6,0-50,5-10,2000-4000,CMP038,1347.91,1.0169,1370.69,2011-10-30,40,Regular
14810.0,41,11,2085.33,0-50,10-15,2000-4000,CMP013,809.51,1.576,1275.82,2011-10-29,41,Regular
14813.0,370,2,152.88,350-400,0-5,0-2000,CMP010,360.67,-0.5761,-207.79,2010-12-04,370,Ocasional
14815.0,37,2,778.5,0-50,0-5,0-2000,CMP042,1705.66,-0.5436,-927.16,2011-11-02,37,Regular
14816.0,197,1,271.85,150-200,0-5,0-2000,CMP006,191.74,0.4178,80.11,2011-05-26,197,Ocasional
14817.0,200,2,1010.34,200-250,0-5,0-2000,CMP018,643.37,0.5704,366.97,2011-05-23,200,Ocasional
14818.0,74,3,657.8,50-100,0-5,0-2000,CMP020,517.27,0.2717,140.53,2011-09-26,74,Regular
14819.0,64,2,272.07,50-100,0-5,0-2000,CMP012,440.78,-0.3828,-168.71,2011-10-06,64,Regular
14820.0,21,4,507.29,0-50,0-5,0-2000,CMP025,1048.37,-0.5161,-541.08,2011-11-18,21,Regular
14821.0,367,1,48.8,350-400,0-5,0-2000,CMP044,2078.39,-0.9765,-2029.59,2010-12-07,367,Ocasional
14823.0,180,3,321.43,150-200,0-5,0-2000,CMP014,474.66,-0.3228,-153.23,2011-06-12,180,Ocasional
14824.0,10,4,1127.71,0-50,0-5,0-2000,CMP010,360.67,2.1267,767.04,2011-11-29,10,Regular
14825.0,4,12,2221.01,0-50,10-15,2000-4000,CMP019,593.24,2.7439,1627.77,2011-12-05,4,Regular
14828.0,197,3,2139.76,150-200,0-5,2000-4000,CMP045,1492.9,0.4333,646.86,2011-05-26,197,Ocasional
14829.0,29,4,697.55,0-50,0-5,0-2000,CMP026,1285.33,-0.4573,-587.78,2011-11-10,29,Regular
14830.0,53,1,188.03,50-100,0-5,0-2000,CMP008,409.05,-0.5403,-221.02,2011-10-17,53,Regular
14834.0,18,6,1720.3,0-50,5-10,0-2000,CMP043,1290.94,0.3326,429.36,2011-11-21,18,Regular
14836.0,10,3,102.45,0-50,0-5,0-2000,CMP037,1534.16,-0.9332,-1431.71,2011-11-29,10,Regular
14837.0,90,4,1649.5,50-100,0-5,0-2000,CMP044,2078.39,-0.2064,-428.89,2011-09-10,90,Regular
14840.0,268,1,62.85,250-300,0-5,0-2000,CMP042,1705.66,-0.9632,-1642.81,2011-03-16,268,Ocasional
14841.0,53,6,3295.76,50-100,5-10,2000-4000,CMP025,1048.37,2.1437,2247.39,2011-10-17,53,Regular
14842.0,44,4,2824.69,0-50,0-5,2000-4000,CMP041,1369.84,1.0621,1454.85,2011-10-26,44,Regular
14844.0,64,4,3189.81,50-100,0-5,2000-4000,CMP031,1157.44,1.7559,2032.37,2011-10-06,64,Regular
14847.0,149,1,309.40000000000003,100-150,0-5,0-2000,CMP033,766.84,-0.5965,-457.44,2011-07-13,149,Ocasional
14849.0,22,25,7930.54,0-50,25-30,6000-8000,CMP040,1656.14,3.7886,6274.4,2011-11-17,22,Engajado
14850.0,312,1,325.75,300-350,0-5,0-2000,CMP031,1157.44,-0.7186,-831.69,2011-01-31,312,Ocasional
14851.0,23,2,511.35,0-50,0-5,0-2000,CMP027,863.77,-0.408,-352.42,2011-11-16,23,Regular
14852.0,58,6,2836.69,50-100,5-10,2000-4000,CMP018,643.37,3.4091,2193.32,2011-10-12,58,Regular
14853.0,24,2,475.8,0-50,0-5,0-2000,CMP023,517.75,-0.081,-41.95,2011-11-15,24,Regular
14854.0,78,7,2740.03,50-100,5-10,2000-4000,CMP048,1728.05,0.5856,1011.98,2011-09-22,78,Regular
14855.0,119,2,645.65,100-150,0-5,0-2000,CMP042,1705.66,-0.6215,-1060.01,2011-08-12,119,Regular
14856.0,36,3,1290.53,0-50,0-5,0-2000,CMP005,191.74,5.7306,1098.79,2011-11-03,36,Regular
14857.0,60,2,1173.12,50-100,0-5,0-2000,CMP011,150.3,6.8052,1022.82,2011-10-10,60,Regular
14859.0,13,4,1353.74,0-50,0-5,0-2000,CMP010,360.67,2.7534,993.07,2011-11-26,13,Regular
14860.0,19,1,170.32,0-50,0-5,0-2000,CMP027,863.77,-0.8028,-693.45,2011-11-20,19,Regular
14861.0,52,1,125.79,50-100,0-5,0-2000,CMP034,1403.19,-0.9104,-1277.4,2011-10-18,52,Regular
14862.0,26,2,841.2,0-50,0-5,0-2000,CMP013,809.51,0.0391,31.69,2011-11-13,26,Regular
14863.0,29,1,266.76,0-50,0-5,0-2000,CMP014,474.66,-0.438,-207.9,2011-11-10,29,Regular
14865.0,7,2,52.2,0-50,0-5,0-2000,CMP036,1302.05,-0.9599,-1249.85,2011-12-02,7,Regular
14866.0,11,11,14353.4,0-50,10-15,10000-12000,CMP040,1656.14,7.6668,12697.26,2011-11-28,11,Engajado
14867.0,186,3,710.28,150-200,0-5,0-2000,CMP023,517.75,0.3719,192.53,2011-06-06,186,Ocasional
14868.0,3,8,2953.59,0-50,5-10,2000-4000,CMP035,1415.25,1.087,1538.34,2011-12-06,3,Regular
14869.0,9,2,721.45,0-50,0-5,0-2000,CMP022,435.33,0.6572,286.12,2011-11-30,9,Regular
14870.0,262,1,327.25,250-300,0-5,0-2000,CMP015,458.19,-0.2858,-130.94,2011-03-22,262,Ocasional
14871.0,3,4,501.28,0-50,0-5,0-2000,CMP024,557.84,-0.1014,-56.56,2011-12-06,3,Regular
14873.0,210,1,519.68,200-250,0-5,0-2000,CMP028,1090.24,-0.5233,-570.56,2011-05-13,210,Ocasional
14875.0,108,2,1465.32,100-150,0-5,0-2000,CMP036,1302.05,0.1254,163.27,2011-08-23,108,Regular
14878.0,13,9,1476.09,0-50,5-10,0-2000,CMP026,1285.33,0.1484,190.76,2011-11-26,13,Regular
14880.0,77,3,690.59,50-100,0-5,0-2000,CMP030,753.44,-0.0834,-62.85,2011-09-23,77,Regular
14881.0,20,1,255.4,0-50,0-5,0-2000,CMP005,191.74,0.332,63.66,2011-11-19,20,Regular
14882.0,27,2,589.7,0-50,0-5,0-2000,CMP021,690.41,-0.1459,-100.71,2011-11-12,27,Regular
14883.0,19,6,761.59,0-50,5-10,0-2000,CMP001,258.61,1.9449,502.98,2011-11-20,19,Regular
14885.0,132,1,765.3199999999999,100-150,0-5,0-2000,CMP014,474.66,0.6124,290.66,2011-07-30,132,Regular
14886.0,253,1,364.8,250-300,0-5,0-2000,CMP029,1146.55,-0.6818,-781.75,2011-03-31,253,Ocasional
14887.0,79,1,1862.0,50-100,0-5,0-2000,CMP048,1728.05,0.0775,133.95,2011-09-21,79,Regular
14888.0,207,1,369.2,200-250,0-5,0-2000,CMP009,327.94,0.1258,41.26,2011-05-16,207,Ocasional
14889.0,336,1,135.9,300-350,0-5,0-2000,CMP011,150.3,-0.0958,-14.4,2011-01-07,336,Ocasional
14890.0,254,1,125.65,250-300,0-5,0-2000,CMP033,766.84,-0.8361,-641.19,2011-03-30,254,Ocasional
14891.0,148,2,554.38,100-150,0-5,0-2000,CMP012,440.78,0.2577,113.6,2011-07-14,148,Ocasional
14893.0,10,2,1237.85,0-50,0-5,0-2000,CMP024,557.84,1.219,680.01,2011-11-29,10,Regular
14894.0,85,1,655.75,50-100,0-5,0-2000,CMP029,1146.55,-0.4281,-490.8,2011-09-15,85,Regular
14895.0,8,20,11138.71,0-50,20-25,10000-12000,CMP036,1302.05,7.5547,9836.66,2011-12-01,8,Engajado
14896.0,205,2,468.77,200-250,0-5,0-2000,CMP012,440.78,0.0635,27.99,2011-05-18,205,Ocasional
14897.0,8,4,1366.38,0-50,0-5,0-2000,CMP017,524.29,1.6062,842.09,2011-12-01,8,Regular
14898.0,23,6,1269.31,0-50,5-10,0-2000,CMP031,1157.44,0.0967,111.87,2011-11-16,23,Regular
14901.0,11,9,1421.29,0-50,5-10,0-2000,CMP024,557.84,1.5478,863.45,2011-11-28,11,Regular
14902.0,26,1,332.66,0-50,0-5,0-2000,CMP001,258.61,0.2863,74.05,2011-11-13,26,Regular
14903.0,21,5,2795.33,0-50,5-10,2000-4000,CMP041,1369.84,1.0406,1425.49,2011-11-18,21,Regular
14904.0,2,2,1025.44,0-50,0-5,0-2000,CMP004,327.19,2.1341,698.25,2011-12-07,2,Regular
14905.0,158,2,616.15,150-200,0-5,0-2000,CMP030,753.44,-0.1822,-137.29,2011-07-04,158,Ocasional
14907.0,3,7,3501.1,0-50,5-10,2000-4000,CMP020,517.27,5.7684,2983.83,2011-12-06,3,Regular
14908.0,74,1,277.8,50-100,0-5,0-2000,CMP045,1492.9,-0.8139,-1215.1,2011-09-26,74,Regular
14910.0,3,4,434.35,0-50,0-5,0-2000,CMP018,643.37,-0.3249,-209.02,2011-12-06,3,Regular
14912.0,17,2,867.85,0-50,0-5,0-2000,CMP016,459.04,0.8906,408.81,2011-11-22,17,Regular
14913.0,36,4,1227.43,0-50,0-5,0-2000,CMP011,150.3,7.1665,1077.13,2011-11-03,36,Regular
14915.0,91,2,307.48,50-100,0-5,0-2000,CMP016,459.04,-0.3302,-151.56,2011-09-09,91,Regular
14916.0,71,4,1268.98,50-100,0-5,0-2000,CMP037,1534.16,-0.1729,-265.18,2011-09-29,71,Regular
14918.0,116,2,1610.15,100-150,0-5,0-2000,CMP048,1728.05,-0.0682,-117.9,2011-08-15,116,Regular
14920.0,213,2,977.77,200-250,0-5,0-2000,CMP018,643.37,0.5198,334.4,2011-05-10,213,Ocasional
14921.0,30,2,1316.07,0-50,0-5,0-2000,CMP020,517.27,1.5443,798.8,2011-11-09,30,Regular
14923.0,51,1,749.1,50-100,0-5,0-2000,CMP029,1146.55,-0.3466,-397.45,2011-10-19,51,Regular
14924.0,246,1,310.05,200-250,0-5,0-2000,CMP038,1347.91,-0.77,-1037.86,2011-04-07,246,Ocasional
14929.0,32,1,223.88,0-50,0-5,0-2000,CMP016,459.04,-0.5123,-235.16,2011-11-07,32,Regular
14930.0,109,3,2362.96,100-150,0-5,2000-4000,CMP029,1146.55,1.0609,1216.41,2011-08-22,109,Regular
14931.0,5,4,864.6800000000001,0-50,0-5,0-2000,CMP019,593.24,0.4576,271.44,2011-12-04,5,Regular
14932.0,366,1,313.53,350-400,0-5,0-2000,CMP028,1090.24,-0.7124,-776.71,2010-12-08,366,Ocasional
14934.0,82,2,1890.94,50-100,0-5,0-2000,CMP001,258.61,6.3119,1632.33,2011-09-18,82,Regular
14935.0,297,1,1784.71,250-300,0-5,0-2000,CMP036,1302.05,0.3707,482.66,2011-02-15,297,Ocasional
14936.0,34,8,8137.02,0-50,5-10,8000-10000,CMP028,1090.24,6.4635,7046.78,2011-11-05,34,Engajado
14937.0,57,3,1621.88,50-100,0-5,0-2000,CMP042,1705.66,-0.0491,-83.78,2011-10-13,57,Regular
14944.0,30,12,5900.25,0-50,10-15,4000-6000,CMP009,327.94,16.9919,5572.31,2011-11-09,30,Engajado
14946.0,14,1,100.9,0-50,0-5,0-2000,CMP016,459.04,-0.7802,-358.14,2011-11-25,14,Regular
14947.0,72,2,290.82,50-100,0-5,0-2000,CMP013,809.51,-0.6407,-518.69,2011-09-28,72,Regular
14948.0,23,6,1101.97,0-50,5-10,0-2000,CMP026,1285.33,-0.1427,-183.36,2011-11-16,23,Regular
14950.0,19,1,371.2,0-50,0-5,0-2000,CMP007,161.77,1.2946,209.43,2011-11-20,19,Regular
14951.0,79,1,311.69,50-100,0-5,0-2000,CMP024,557.84,-0.4413,-246.15,2011-09-21,79,Regular
14952.0,60,11,8099.49,50-100,10-15,8000-10000,CMP034,1403.19,4.7722,6696.3,2011-10-10,60,Engajado
14953.0,25,1,285.67,0-50,0-5,0-2000,CMP015,458.19,-0.3765,-172.52,2011-11-14,25,Regular
14954.0,12,1,294.85,0-50,0-5,0-2000,CMP017,524.29,-0.4376,-229.44,2011-11-27,12,Regular
14957.0,253,1,58.49,250-300,0-5,0-2000,CMP023,517.75,-0.887,-459.26,2011-03-31,253,Ocasional
14958.0,147,3,483.73,100-150,0-5,0-2000,CMP032,842.78,-0.426,-359.05,2011-07-15,147,Ocasional
14959.0,64,4,695.42,50-100,0-5,0-2000,CMP014,474.66,0.4651,220.76,2011-10-06,64,Regular
14960.0,8,2,221.27,0-50,0-5,0-2000,CMP035,1415.25,-0.8437,-1193.98,2011-12-01,8,Regular
14961.0,11,9,7044.68,0-50,5-10,6000-8000,CMP032,842.78,7.3589,6201.9,2011-11-28,11,Engajado
14962.0,271,1,126.7,250-300,0-5,0-2000,CMP003,367.99,-0.6557,-241.29,2011-03-13,271,Ocasional
14963.0,10,5,1472.34,0-50,5-10,0-2000,CMP006,191.74,6.6788,1280.6,2011-11-29,10,Regular
14964.0,247,1,206.21,200-250,0-5,0-2000,CMP009,327.94,-0.3712,-121.73,2011-04-06,247,Ocasional
14965.0,96,2,596.09,50-100,0-5,0-2000,CMP031,1157.44,-0.485,-561.35,2011-09-04,96,Regular
14966.0,15,1,183.02,0-50,0-5,0-2000,CMP025,1048.37,-0.8254,-865.35,2011-11-24,15,Regular
14967.0,50,1,463.8,50-100,0-5,0-2000,CMP031,1157.44,-0.5993,-693.64,2011-10-20,50,Regular
14968.0,30,1,147.59,0-50,0-5,0-2000,CMP014,474.66,-0.6891,-327.07,2011-11-09,30,Regular
14970.0,68,4,1592.06,50-100,0-5,0-2000,CMP031,1157.44,0.3755,434.62,2011-10-02,68,Regular
14971.0,35,3,1097.98,0-50,0-5,0-2000,CMP011,150.3,6.3053,947.68,2011-11-04,35,Regular
14972.0,128,1,114.77,100-150,0-5,0-2000,CMP009,327.94,-0.65,-213.17,2011-08-03,128,Regular
14973.0,107,3,1314.45,100-150,0-5,0-2000,CMP020,517.27,1.5411,797.18,2011-08-24,107,Regular
14974.0,37,1,89.94,0-50,0-5,0-2000,CMP003,367.99,-0.7556,-278.05,2011-11-02,37,Regular
14975.0,57,1,279.94,50-100,0-5,0-2000,CMP006,191.74,0.46,88.2,2011-10-13,57,Regular
14976.0,57,6,774.86,50-100,5-10,0-2000,CMP025,1048.37,-0.2609,-273.51,2011-10-13,57,Regular
14978.0,72,5,1921.37,50-100,5-10,0-2000,CMP040,1656.14,0.1601,265.23,2011-09-28,72,Regular
14981.0,246,1,102.12,200-250,0-5,0-2000,CMP048,1728.05,-0.9409,-1625.93,2011-04-07,246,Ocasional
14984.0,19,2,202.37,0-50,0-5,0-2000,CMP043,1290.94,-0.8432,-1088.57,2011-11-20,19,Regular
14985.0,198,2,292.01,150-200,0-5,0-2000,CMP020,517.27,-0.4355,-225.26,2011-05-25,198,Ocasional
14987.0,16,2,326.4,0-50,0-5,0-2000,CMP019,593.24,-0.4498,-266.84,2011-11-23,16,Regular
14988.0,212,1,334.54,200-250,0-5,0-2000,CMP026,1285.33,-0.7397,-950.79,2011-05-11,212,Ocasional
14995.0,39,2,231.98,0-50,0-5,0-2000,CMP031,1157.44,-0.7996,-925.46,2011-10-31,39,Regular
14997.0,46,3,546.1999999999999,0-50,0-5,0-2000,CMP010,360.67,0.5144,185.53,2011-10-24,46,Regular
14998.0,170,2,414.87,150-200,0-5,0-2000,CMP019,593.24,-0.3007,-178.37,2011-06-22,170,Ocasional
15000.0,48,1,490.52,0-50,0-5,0-2000,CMP033,766.84,-0.3603,-276.32,2011-10-22,48,Regular
15002.0,116,4,1641.76,100-150,0-5,0-2000,CMP029,1146.55,0.4319,495.21,2011-08-15,116,Regular
15004.0,147,1,1220.38,100-150,0-5,0-2000,CMP024,557.84,1.1877,662.54,2011-07-15,147,Ocasional
15005.0,16,28,6293.67,0-50,25-30,6000-8000,CMP035,1415.25,3.447,4878.42,2011-11-23,16,Engajado
15006.0,51,1,475.43,50-100,0-5,0-2000,CMP012,440.78,0.0786,34.65,2011-10-19,51,Regular
15007.0,159,1,156.91,150-200,0-5,0-2000,CMP010,360.67,-0.5649,-203.76,2011-07-03,159,Ocasional
15009.0,12,3,1259.43,0-50,0-5,0-2000,CMP017,524.29,1.4022,735.14,2011-11-27,12,Regular
15010.0,36,1,308.94,0-50,0-5,0-2000,CMP003,367.99,-0.1605,-59.05,2011-11-03,36,Regular
15012.0,54,2,405.04,50-100,0-5,0-2000,CMP003,367.99,0.1007,37.05,2011-10-16,54,Regular
15014.0,43,2,257.67,0-50,0-5,0-2000,CMP035,1415.25,-0.8179,-1157.58,2011-10-27,43,Regular
15016.0,173,1,170.04,150-200,0-5,0-2000,CMP008,409.05,-0.5843,-239.01,2011-06-19,173,Ocasional
15017.0,34,1,125.58,0-50,0-5,0-2000,CMP014,474.66,-0.7354,-349.08,2011-11-05,34,Regular
15018.0,39,3,496.21,0-50,0-5,0-2000,CMP015,458.19,0.083,38.02,2011-10-31,39,Regular
15019.0,267,1,252.81,250-300,0-5,0-2000,CMP044,2078.39,-0.8784,-1825.58,2011-03-17,267,Ocasional
15021.0,9,9,1871.77,0-50,5-10,0-2000,CMP025,1048.37,0.7854,823.4,2011-11-30,9,Regular
15022.0,12,4,852.39,0-50,0-5,0-2000,CMP020,517.27,0.6479,335.12,2011-11-27,12,Regular
15023.0,3,11,6701.51,0-50,10-15,6000-8000,CMP044,2078.39,2.2244,4623.12,2011-12-06,3,Engajado
15024.0,10,10,1636.43,0-50,10-15,0-2000,CMP043,1290.94,0.2676,345.49,2011-11-29,10,Regular
15025.0,33,1,361.96,0-50,0-5,0-2000,CMP012,440.78,-0.1788,-78.82,2011-11-06,33,Regular
15026.0,80,3,464.2,50-100,0-5,0-2000,CMP032,842.78,-0.4492,-378.58,2011-09-20,80,Regular
15027.0,31,4,1066.15,0-50,0-5,0-2000,CMP020,517.27,1.0611,548.88,2011-11-08,31,Regular
15028.0,8,4,627.13,0-50,0-5,0-2000,CMP021,690.41,-0.0917,-63.28,2011-12-01,8,Regular
15030.0,72,2,518.28,50-100,0-5,0-2000,CMP010,360.67,0.437,157.61,2011-09-28,72,Regular
15031.0,4,4,653.19,0-50,0-5,0-2000,CMP008,409.05,0.5968,244.14,2011-12-05,4,Regular
15032.0,256,3,4959.1,250-300,0-5,4000-6000,CMP040,1656.14,1.9944,3302.96,2011-03-28,256,Ocasional
15033.0,5,10,2553.88,0-50,10-15,2000-4000,CMP032,842.78,2.0303,1711.1,2011-12-04,5,Regular
15034.0,16,8,4274.16,0-50,5-10,4000-6000,CMP030,753.44,4.6729,3520.72,2011-11-23,16,Regular
15035.0,90,1,252.73,50-100,0-5,0-2000,CMP027,863.77,-0.7074,-611.04,2011-09-10,90,Regular
15036.0,72,3,429.56,50-100,0-5,0-2000,CMP030,753.44,-0.4299,-323.88,2011-09-28,72,Regular
15038.0,59,6,685.74,50-100,5-10,0-2000,CMP011,150.3,3.5625,535.44,2011-10-11,59,Regular
15041.0,170,1,179.93,150-200,0-5,0-2000,CMP017,524.29,-0.6568,-344.36,2011-06-22,170,Ocasional
15042.0,199,1,135.93,150-200,0-5,0-2000,CMP004,327.19,-0.5846,-191.26,2011-05-24,199,Ocasional
15043.0,31,1,537.0,0-50,0-5,0-2000,CMP030,753.44,-0.2873,-216.44,2011-11-08,31,Regular
15044.0,19,17,7634.73,0-50,15-20,6000-8000,CMP038,1347.91,4.6641,6286.82,2011-11-20,19,Engajado
15045.0,152,2,735.66,150-200,0-5,0-2000,CMP044,2078.39,-0.646,-1342.73,2011-07-10,152,Ocasional
15046.0,9,15,5071.47,0-50,15-20,4000-6000,CMP007,161.77,30.3499,4909.7,2011-11-30,9,Engajado
15047.0,270,1,343.62,250-300,0-5,0-2000,CMP006,191.74,0.7921,151.88,2011-03-14,270,Ocasional
15048.0,65,4,381.0,50-100,0-5,0-2000,CMP015,458.19,-0.1685,-77.19,2011-10-05,65,Regular
15049.0,274,1,121.17000000000002,250-300,0-5,0-2000,CMP007,161.77,-0.251,-40.6,2011-03-10,274,Ocasional
15050.0,25,3,1737.69,0-50,0-5,0-2000,CMP024,557.84,2.115,1179.85,2011-11-14,25,Regular
15051.0,23,3,1383.36,0-50,0-5,0-2000,CMP040,1656.14,-0.1647,-272.78,2011-11-16,23,Regular
15052.0,319,1,207.73,300-350,0-5,0-2000,CMP007,161.77,0.2841,45.96,2011-01-24,319,Ocasional
15053.0,5,3,693.95,0-50,0-5,0-2000,CMP015,458.19,0.5145,235.76,2011-12-04,5,Regular
15054.0,12,2,302.1,0-50,0-5,0-2000,CMP029,1146.55,-0.7365,-844.45,2011-11-27,12,Regular
15057.0,275,2,1489.5,250-300,0-5,0-2000,CMP020,517.27,1.8795,972.23,2011-03-09,275,Ocasional
15058.0,25,11,2102.54,0-50,10-15,2000-4000,CMP041,1369.84,0.5349,732.7,2011-11-14,25,Regular
15059.0,41,9,1337.72,0-50,5-10,0-2000,CMP007,161.77,7.2693,1175.95,2011-10-29,41,Regular
15060.0,8,4,293.0,0-50,0-5,0-2000,CMP014,474.66,-0.3827,-181.66,2011-12-01,8,Regular
15062.0,71,4,987.86,50-100,0-5,0-2000,CMP004,327.19,2.0192,660.67,2011-09-29,71,Regular
15063.0,213,1,370.8,200-250,0-5,0-2000,CMP007,161.77,1.2921,209.03,2011-05-10,213,Ocasional
15065.0,38,4,3158.13,0-50,0-5,2000-4000,CMP046,1856.27,0.7013,1301.86,2011-11-01,38,Regular
15066.0,53,1,893.59,50-100,0-5,0-2000,CMP010,360.67,1.4776,532.92,2011-10-17,53,Regular
15067.0,78,3,1744.76,50-100,0-5,0-2000,CMP034,1403.19,0.2434,341.57,2011-09-22,78,Regular
15068.0,46,2,553.36,0-50,0-5,0-2000,CMP019,593.24,-0.0672,-39.88,2011-10-24,46,Regular
15069.0,179,1,1109.53,150-200,0-5,0-2000,CMP017,524.29,1.1163,585.24,2011-06-13,179,Ocasional
15070.0,373,1,106.2,350-400,0-5,0-2000,CMP040,1656.14,-0.9359,-1549.94,2010-12-01,373,Ocasional
15071.0,94,2,982.07,50-100,0-5,0-2000,CMP003,367.99,1.6687,614.08,2011-09-06,94,Regular
15073.0,10,3,1043.41,0-50,0-5,0-2000,CMP027,863.77,0.208,179.64,2011-11-29,10,Regular
15074.0,105,1,735.67,100-150,0-5,0-2000,CMP045,1492.9,-0.5072,-757.23,2011-08-26,105,Regular
15075.0,78,1,773.03,50-100,0-5,0-2000,CMP024,557.84,0.3858,215.19,2011-09-22,78,Regular
15076.0,173,1,880.85,150-200,0-5,0-2000,CMP042,1705.66,-0.4836,-824.81,2011-06-19,173,Ocasional
15078.0,7,32,9743.11,0-50,,8000-10000,CMP006,191.74,49.8142,9551.37,2011-12-02,7,Engajado
15079.0,213,4,895.61,200-250,0-5,0-2000,CMP019,593.24,0.5097,302.37,2011-05-10,213,Ocasional
15081.0,22,5,504.8,0-50,5-10,0-2000,CMP014,474.66,0.0635,30.14,2011-11-17,22,Regular
15083.0,257,1,88.2,250-300,0-5,0-2000,CMP027,863.77,-0.8979,-775.57,2011-03-27,257,Ocasional
15087.0,282,1,306.94,250-300,0-5,0-2000,CMP047,1540.55,-0.8008,-1233.61,2011-03-02,282,Ocasional
15088.0,21,2,1160.07,0-50,0-5,0-2000,CMP014,474.66,1.444,685.41,2011-11-18,21,Regular
15089.0,10,6,2420.84,0-50,5-10,2000-4000,CMP037,1534.16,0.578,886.68,2011-11-29,10,Regular
15090.0,308,1,381.32,300-350,0-5,0-2000,CMP012,440.78,-0.1349,-59.46,2011-02-04,308,Ocasional
15091.0,68,1,480.71,50-100,0-5,0-2000,CMP024,557.84,-0.1383,-77.13,2011-10-02,68,Regular
15092.0,215,2,457.81,200-250,0-5,0-2000,CMP021,690.41,-0.3369,-232.6,2011-05-08,215,Ocasional
15093.0,18,6,4597.02,0-50,5-10,4000-6000,CMP048,1728.05,1.6602,2868.97,2011-11-21,18,Regular
15095.0,104,4,1370.6,100-150,0-5,0-2000,CMP025,1048.37,0.3074,322.23,2011-08-27,104,Regular
15096.0,43,1,219.39,0-50,0-5,0-2000,CMP010,360.67,-0.3917,-141.28,2011-10-27,43,Regular
15097.0,4,1,248.08,0-50,0-5,0-2000,CMP004,327.19,-0.2418,-79.11,2011-12-05,4,Regular
15099.0,84,1,410.48,50-100,0-5,0-2000,CMP011,150.3,1.7311,260.18,2011-09-16,84,Regular
15100.0,334,3,876.0,300-350,0-5,0-2000,CMP013,809.51,0.0821,66.49,2011-01-09,334,Ocasional
15101.0,9,2,317.53000000000003,0-50,0-5,0-2000,CMP014,474.66,-0.331,-157.13,2011-11-30,9,Regular
15103.0,31,2,703.36,0-50,0-5,0-2000,CMP034,1403.19,-0.4987,-699.83,2011-11-08,31,Regular
15104.0,197,2,993.54,150-200,0-5,0-2000,CMP024,557.84,0.781,435.7,2011-05-26,197,Ocasional
15105.0,18,7,2298.93,0-50,5-10,2000-4000,CMP033,766.84,1.9979,1532.09,2011-11-21,18,Regular
15106.0,18,5,1422.52,0-50,5-10,0-2000,CMP010,360.67,2.9441,1061.85,2011-11-21,18,Regular
15107.0,311,6,319.5,300-350,5-10,0-2000,CMP035,1415.25,-0.7742,-1095.75,2011-02-01,311,Ocasional
15108.0,142,3,1159.25,100-150,0-5,0-2000,CMP029,1146.55,0.0111,12.7,2011-07-20,142,Regular
15109.0,246,1,484.95,200-250,0-5,0-2000,CMP007,161.77,1.9978,323.18,2011-04-07,246,Ocasional
15110.0,24,4,996.1,0-50,0-5,0-2000,CMP028,1090.24,-0.0863,-94.14,2011-11-15,24,Regular
15111.0,29,3,1567.48,0-50,0-5,0-2000,CMP023,517.75,2.0275,1049.73,2011-11-10,29,Regular
15113.0,10,3,3509.04,0-50,0-5,2000-4000,CMP008,409.05,7.5785,3099.99,2011-11-29,10,Regular
15114.0,30,10,2760.56,0-50,10-15,2000-4000,CMP031,1157.44,1.3851,1603.12,2011-11-09,30,Regular
15115.0,18,1,340.11,0-50,0-5,0-2000,CMP021,690.41,-0.5074,-350.3,2011-11-21,18,Regular
15116.0,18,4,1352.75,0-50,0-5,0-2000,CMP011,150.3,8.0003,1202.45,2011-11-21,18,Regular
15117.0,15,5,1551.78,0-50,5-10,0-2000,CMP043,1290.94,0.2021,260.84,2011-11-24,15,Regular
15118.0,134,1,244.8,100-150,0-5,0-2000,CMP036,1302.05,-0.812,-1057.25,2011-07-28,134,Regular
15119.0,246,1,266.4,200-250,0-5,0-2000,CMP022,435.33,-0.3881,-168.93,2011-04-07,246,Ocasional
15120.0,134,1,358.82,100-150,0-5,0-2000,CMP021,690.41,-0.4803,-331.59,2011-07-28,134,Regular
15121.0,50,2,457.72,50-100,0-5,0-2000,CMP019,593.24,-0.2284,-135.52,2011-10-20,50,Regular
15122.0,114,3,1633.78,100-150,0-5,0-2000,CMP037,1534.16,0.0649,99.62,2011-08-17,114,Regular
15123.0,7,2,2199.31,0-50,0-5,2000-4000,CMP034,1403.19,0.5674,796.12,2011-12-02,7,Regular
15124.0,23,2,184.19,0-50,0-5,0-2000,CMP002,434.92,-0.5765,-250.73,2011-11-16,23,Regular
15125.0,25,15,11528.48,0-50,15-20,10000-12000,CMP033,766.84,14.0337,10761.64,2011-11-14,25,Engajado
15127.0,66,1,406.53,50-100,0-5,0-2000,CMP032,842.78,-0.5176,-436.25,2011-10-04,66,Regular
15128.0,60,4,1471.0,50-100,0-5,0-2000,CMP021,690.41,1.1306,780.59,2011-10-10,60,Regular
15129.0,50,11,3447.4,50-100,10-15,2000-4000,CMP005,191.74,16.9796,3255.66,2011-10-20,50,Regular
15130.0,170,1,330.11,150-200,0-5,0-2000,CMP031,1157.44,-0.7148,-827.33,2011-06-22,170,Ocasional
15132.0,18,5,977.93,0-50,5-10,0-2000,CMP012,440.78,1.2186,537.15,2011-11-21,18,Regular
15133.0,128,3,982.42,100-150,0-5,0-2000,CMP014,474.66,1.0697,507.76,2011-08-03,128,Regular
15134.0,15,8,1387.99,0-50,5-10,0-2000,CMP011,150.3,8.2348,1237.69,2011-11-24,15,Regular
15135.0,239,1,139.05,200-250,0-5,0-2000,CMP009,327.94,-0.576,-188.89,2011-04-14,239,Ocasional
15136.0,3,4,1286.7,0-50,0-5,0-2000,CMP030,753.44,0.7078,533.26,2011-12-06,3,Regular
15139.0,240,2,178.96,200-250,0-5,0-2000,CMP014,474.66,-0.623,-295.7,2011-04-13,240,Ocasional
15140.0,52,7,2354.25,50-100,5-10,2000-4000,CMP020,517.27,3.5513,1836.98,2011-10-18,52,Regular
15142.0,46,1,498.74,0-50,0-5,0-2000,CMP037,1534.16,-0.6749,-1035.42,2011-10-24,46,Regular
15143.0,226,1,259.45,200-250,0-5,0-2000,CMP039,1875.82,-0.8617,-1616.37,2011-04-27,226,Ocasional
15144.0,8,17,6580.4400000000005,0-50,15-20,6000-8000,CMP044,2078.39,2.1661,4502.05,2011-12-01,8,Engajado
15145.0,4,4,1194.73,0-50,0-5,0-2000,CMP013,809.51,0.4759,385.22,2011-12-05,4,Regular
15146.0,165,2,1327.16,150-200,0-5,0-2000,CMP020,517.27,1.5657,809.89,2011-06-27,165,Ocasional
15147.0,240,1,623.5,200-250,0-5,0-2000,CMP047,1540.55,-0.5953,-917.05,2011-04-13,240,Ocasional
15148.0,11,1,301.29,0-50,0-5,0-2000,CMP030,753.44,-0.6001,-452.15,2011-11-28,11,Regular
15149.0,134,1,520.8000000000001,100-150,0-5,0-2000,CMP003,367.99,0.4153,152.81,2011-07-28,134,Regular
15150.0,17,10,5291.33,0-50,10-15,4000-6000,CMP007,161.77,31.709,5129.56,2011-11-22,17,Engajado
15152.0,10,13,4745.69,0-50,10-15,4000-6000,CMP031,1157.44,3.1002,3588.25,2011-11-29,10,Engajado
15153.0,31,1,329.25,0-50,0-5,0-2000,CMP040,1656.14,-0.8012,-1326.89,2011-11-08,31,Regular
15154.0,75,1,254.28,50-100,0-5,0-2000,CMP015,458.19,-0.445,-203.91,2011-09-25,75,Regular
15156.0,1,3,961.49,0-50,0-5,0-2000,CMP022,435.33,1.2086,526.16,2011-12-08,1,Regular
15157.0,4,3,1936.07,0-50,0-5,0-2000,CMP011,150.3,11.8814,1785.77,2011-12-05,4,Regular
15158.0,45,1,401.4,0-50,0-5,0-2000,CMP027,863.77,-0.5353,-462.37,2011-10-25,45,Regular
15159.0,2,30,18641.01,0-50,,10000-12000,CMP043,1290.94,13.4399,17350.07,2011-12-07,2,Engajado
15160.0,357,1,158.16,350-400,0-5,0-2000,CMP011,150.3,0.0523,7.86,2010-12-17,357,Ocasional
15163.0,18,2,304.47,0-50,0-5,0-2000,CMP031,1157.44,-0.7369,-852.97,2011-11-21,18,Regular
15164.0,69,3,824.58,50-100,0-5,0-2000,CMP045,1492.9,-0.4477,-668.32,2011-10-01,69,Regular
15165.0,373,1,487.75,350-400,0-5,0-2000,CMP012,440.78,0.1066,46.97,2010-12-01,373,Ocasional
15167.0,321,1,158.8,300-350,0-5,0-2000,CMP014,474.66,-0.6654,-315.86,2011-01-22,321,Ocasional
15168.0,26,1,106.56,0-50,0-5,0-2000,CMP008,409.05,-0.7395,-302.49,2011-11-13,26,Regular
15171.0,331,1,1289.5,300-350,0-5,0-2000,CMP031,1157.44,0.1141,132.06,2011-01-12,331,Ocasional
15172.0,9,5,1624.05,0-50,5-10,0-2000,CMP035,1415.25,0.1475,208.8,2011-11-30,9,Regular
15174.0,323,1,135.75,300-350,0-5,0-2000,CMP019,593.24,-0.7712,-457.49,2011-01-20,323,Ocasional
15175.0,72,1,224.14,50-100,0-5,0-2000,CMP032,842.78,-0.734,-618.64,2011-09-28,72,Regular
15178.0,260,1,40.5,250-300,0-5,0-2000,CMP011,150.3,-0.7305,-109.8,2011-03-24,260,Ocasional
15179.0,18,5,2206.9500000000003,0-50,5-10,2000-4000,CMP046,1856.27,0.1889,350.68,2011-11-21,18,Regular
15180.0,367,1,87.5,350-400,0-5,0-2000,CMP015,458.19,-0.809,-370.69,2010-12-07,367,Ocasional
15181.0,66,3,689.48,50-100,0-5,0-2000,CMP011,150.3,3.5874,539.18,2011-10-04,66,Regular
15182.0,154,2,622.85,150-200,0-5,0-2000,CMP028,1090.24,-0.4287,-467.39,2011-07-08,154,Ocasional
15184.0,29,2,402.2,0-50,0-5,0-2000,CMP031,1157.44,-0.6525,-755.24,2011-11-10,29,Regular
15185.0,70,1,310.62,50-100,0-5,0-2000,CMP016,459.04,-0.3233,-148.42,2011-09-30,70,Regular
15186.0,14,2,411.41,0-50,0-5,0-2000,CMP035,1415.25,-0.7093,-1003.84,2011-11-25,14,Regular
15187.0,2,15,4762.18,0-50,15-20,4000-6000,CMP045,1492.9,2.1899,3269.28,2011-12-07,2,Engajado
15189.0,1,41,16225.39,0-50,,10000-12000,CMP025,1048.37,14.4768,15177.02,2011-12-08,1,Engajado
15192.0,120,3,1044.32,100-150,0-5,0-2000,CMP047,1540.55,-0.3221,-496.23,2011-08-11,120,Regular
15193.0,61,1,499.32,50-100,0-5,0-2000,CMP010,360.67,0.3844,138.65,2011-10-09,61,Regular
15194.0,3,15,7616.53,0-50,15-20,6000-8000,CMP020,517.27,13.7245,7099.26,2011-12-06,3,Engajado
15195.0,3,1,3861.0,0-50,0-5,2000-4000,CMP018,643.37,5.0012,3217.63,2011-12-06,3,Regular
15197.0,11,3,1079.61,0-50,0-5,0-2000,CMP038,1347.91,-0.199,-268.3,2011-11-28,11,Regular
15198.0,92,2,193.64,50-100,0-5,0-2000,CMP021,690.41,-0.7195,-496.77,2011-09-08,92,Regular
15199.0,59,4,1268.7,50-100,0-5,0-2000,CMP011,150.3,7.4411,1118.4,2011-10-11,59,Regular
15201.0,87,5,1236.54,50-100,5-10,0-2000,CMP020,517.27,1.3905,719.27,2011-09-13,87,Regular
15203.0,26,6,1827.8,0-50,5-10,0-2000,CMP036,1302.05,0.4038,525.75,2011-11-13,26,Regular
15204.0,357,1,316.58,350-400,0-5,0-2000,CMP009,327.94,-0.0346,-11.36,2010-12-17,357,Ocasional
15205.0,85,2,653.24,50-100,0-5,0-2000,CMP037,1534.16,-0.5742,-880.92,2011-09-15,85,Regular
15206.0,10,4,420.3,0-50,0-5,0-2000,CMP032,842.78,-0.5013,-422.48,2011-11-29,10,Regular
15208.0,1,5,870.12,0-50,5-10,0-2000,CMP022,435.33,0.9988,434.79,2011-12-08,1,Regular
15210.0,225,1,331.18,200-250,0-5,0-2000,CMP045,1492.9,-0.7782,-1161.72,2011-04-28,225,Ocasional
15211.0,60,2,894.4100000000001,50-100,0-5,0-2000,CMP019,593.24,0.5077,301.17,2011-10-10,60,Regular
15212.0,241,1,101.8,200-250,0-5,0-2000,CMP047,1540.55,-0.9339,-1438.75,2011-04-12,241,Ocasional
15213.0,319,2,328.35,300-350,0-5,0-2000,CMP027,863.77,-0.6199,-535.42,2011-01-24,319,Ocasional
15214.0,2,8,1661.44,0-50,5-10,0-2000,CMP037,1534.16,0.083,127.28,2011-12-07,2,Regular
15215.0,47,3,734.94,0-50,0-5,0-2000,CMP011,150.3,3.8898,584.64,2011-10-23,47,Regular
15216.0,88,1,96.6,50-100,0-5,0-2000,CMP039,1875.82,-0.9485,-1779.22,2011-09-12,88,Regular
15218.0,11,11,5756.89,0-50,10-15,4000-6000,CMP030,753.44,6.6408,5003.45,2011-11-28,11,Engajado
15219.0,176,1,305.75,150-200,0-5,0-2000,CMP011,150.3,1.0343,155.45,2011-06-16,176,Ocasional
15220.0,52,6,1778.96,50-100,5-10,0-2000,CMP002,434.92,3.0903,1344.04,2011-10-18,52,Regular
15221.0,366,1,403.25,350-400,0-5,0-2000,CMP024,557.84,-0.2771,-154.59,2010-12-08,366,Ocasional
15222.0,319,1,585.0,300-350,0-5,0-2000,CMP023,517.75,0.1299,67.25,2011-01-24,319,Ocasional
15223.0,226,2,755.75,200-250,0-5,0-2000,CMP029,1146.55,-0.3408,-390.8,2011-04-27,226,Ocasional
15224.0,358,2,322.08,350-400,0-5,0-2000,CMP038,1347.91,-0.7611,-1025.83,2010-12-16,358,Ocasional
15225.0,234,1,409.4,200-250,0-5,0-2000,CMP008,409.05,0.0009,0.35,2011-04-19,234,Ocasional
15226.0,311,1,154.41,300-350,0-5,0-2000,CMP027,863.77,-0.8212,-709.36,2011-02-01,311,Ocasional
15227.0,37,5,1219.4,0-50,5-10,0-2000,CMP012,440.78,1.7665,778.62,2011-11-02,37,Regular
15228.0,66,4,3386.71,50-100,0-5,2000-4000,CMP044,2078.39,0.6295,1308.32,2011-10-04,66,Regular
15230.0,239,2,429.6,200-250,0-5,0-2000,CMP032,842.78,-0.4903,-413.18,2011-04-14,239,Ocasional
15232.0,113,2,612.06,100-150,0-5,0-2000,CMP023,517.75,0.1822,94.31,2011-08-18,113,Regular
15234.0,277,1,197.0,250-300,0-5,0-2000,CMP025,1048.37,-0.8121,-851.37,2011-03-07,277,Ocasional
15235.0,218,12,2247.51,200-250,10-15,2000-4000,CMP027,863.77,1.602,1383.74,2011-05-05,218,Ocasional
15236.0,299,1,321.05,250-300,0-5,0-2000,CMP021,690.41,-0.535,-369.36,2011-02-13,299,Ocasional
15237.0,2,4,1412.32,0-50,0-5,0-2000,CMP032,842.78,0.6758,569.54,2011-12-07,2,Regular
15238.0,29,3,1071.99,0-50,0-5,0-2000,CMP021,690.41,0.5527,381.58,2011-11-10,29,Regular
15239.0,10,2,780.59,0-50,0-5,0-2000,CMP017,524.29,0.4889,256.3,2011-11-29,10,Regular
15240.0,45,5,1706.57,0-50,5-10,0-2000,CMP032,842.78,1.0249,863.79,2011-10-25,45,Regular
15241.0,67,8,1756.44,50-100,5-10,0-2000,CMP043,1290.94,0.3606,465.5,2011-10-03,67,Regular
15243.0,74,1,316.68,50-100,0-5,0-2000,CMP017,524.29,-0.396,-207.61,2011-09-26,74,Regular
15244.0,65,2,631.57,50-100,0-5,0-2000,CMP011,150.3,3.2021,481.27,2011-10-05,65,Regular
15245.0,134,3,2515.84,100-150,0-5,2000-4000,CMP039,1875.82,0.3412,640.02,2011-07-28,134,Regular
15246.0,238,2,514.15,200-250,0-5,0-2000,CMP032,842.78,-0.3899,-328.63,2011-04-15,238,Ocasional
15247.0,122,1,356.0,100-150,0-5,0-2000,CMP009,327.94,0.0856,28.06,2011-08-09,122,Regular
15249.0,32,13,6688.46,0-50,10-15,6000-8000,CMP024,557.84,10.9899,6130.62,2011-11-07,32,Engajado
15251.0,9,11,10484.99,0-50,10-15,10000-12000,CMP014,474.66,21.0895,10010.33,2011-11-30,9,Engajado
15252.0,36,2,740.78,0-50,0-5,0-2000,CMP017,524.29,0.4129,216.49,2011-11-03,36,Regular
15253.0,16,5,918.2,0-50,5-10,0-2000,CMP020,517.27,0.7751,400.93,2011-11-23,16,Regular
15254.0,127,1,300.36,100-150,0-5,0-2000,CMP028,1090.24,-0.7245,-789.88,2011-08-04,127,Regular
15255.0,67,1,890.85,50-100,0-5,0-2000,CMP027,863.77,0.0314,27.08,2011-10-03,67,Regular
15256.0,149,1,98.45,100-150,0-5,0-2000,CMP018,643.37,-0.847,-544.92,2011-07-13,149,Ocasional
15257.0,283,1,317.15,250-300,0-5,0-2000,CMP017,524.29,-0.3951,-207.14,2011-03-01,283,Ocasional
15258.0,169,2,623.16,150-200,0-5,0-2000,CMP033,766.84,-0.1874,-143.68,2011-06-23,169,Ocasional
15260.0,100,7,1810.77,100-150,5-10,0-2000,CMP032,842.78,1.1486,967.99,2011-08-31,100,Regular
15261.0,135,1,254.82,100-150,0-5,0-2000,CMP047,1540.55,-0.8346,-1285.73,2011-07-27,135,Regular
15262.0,324,1,178.95000000000002,300-350,0-5,0-2000,CMP019,593.24,-0.6984,-414.29,2011-01-19,324,Ocasional
15263.0,107,1,156.51,100-150,0-5,0-2000,CMP004,327.19,-0.5217,-170.68,2011-08-24,107,Regular
15264.0,64,1,393.74,50-100,0-5,0-2000,CMP027,863.77,-0.5442,-470.03,2011-10-06,64,Regular
15265.0,151,2,1506.12,150-200,0-5,0-2000,CMP016,459.04,2.281,1047.08,2011-07-11,151,Ocasional
15266.0,338,1,119.3,300-350,0-5,0-2000,CMP023,517.75,-0.7696,-398.45,2011-01-05,338,Ocasional
15267.0,22,5,1717.36,0-50,5-10,0-2000,CMP007,161.77,9.6161,1555.59,2011-11-17,22,Regular
15269.0,24,1,408.8,0-50,0-5,0-2000,CMP011,150.3,1.7199,258.5,2011-11-15,24,Regular
15270.0,16,7,2379.49,0-50,5-10,2000-4000,CMP044,2078.39,0.1449,301.1,2011-11-23,16,Regular
15271.0,7,15,2493.34,0-50,15-20,2000-4000,CMP022,435.33,4.7275,2058.01,2011-12-02,7,Engajado
15272.0,57,2,721.94,50-100,0-5,0-2000,CMP033,766.84,-0.0586,-44.9,2011-10-13,57,Regular
15274.0,4,2,716.57,0-50,0-5,0-2000,CMP015,458.19,0.5639,258.38,2011-12-05,4,Regular
15275.0,38,1,615.14,0-50,0-5,0-2000,CMP026,1285.33,-0.5214,-670.19,2011-11-01,38,Regular
15276.0,66,1,128.63,50-100,0-5,0-2000,CMP024,557.84,-0.7694,-429.21,2011-10-04,66,Regular
15277.0,47,1,255.9,0-50,0-5,0-2000,CMP014,474.66,-0.4609,-218.76,2011-10-23,47,Regular
15279.0,355,1,290.51,350-400,0-5,0-2000,CMP009,327.94,-0.1141,-37.43,2010-12-19,355,Ocasional
15280.0,172,1,113.12,150-200,0-5,0-2000,CMP006,191.74,-0.41,-78.62,2011-06-20,172,Ocasional
15281.0,59,9,2332.15,50-100,5-10,2000-4000,CMP004,327.19,6.1278,2004.96,2011-10-11,59,Regular
15286.0,50,1,240.55,50-100,0-5,0-2000,CMP009,327.94,-0.2665,-87.39,2011-10-20,50,Regular
15287.0,22,2,486.69,0-50,0-5,0-2000,CMP027,863.77,-0.4366,-377.08,2011-11-17,22,Regular
15288.0,43,5,2306.52,0-50,5-10,2000-4000,CMP047,1540.55,0.4972,765.97,2011-10-27,43,Regular
15289.0,29,3,939.78,0-50,0-5,0-2000,CMP036,1302.05,-0.2782,-362.27,2011-11-10,29,Regular
15290.0,5,18,7943.22,0-50,15-20,6000-8000,CMP041,1369.84,4.7986,6573.38,2011-12-04,5,Engajado
15291.0,26,14,4623.3,0-50,10-15,4000-6000,CMP042,1705.66,1.7106,2917.64,2011-11-13,26,Engajado
15292.0,201,1,178.39,200-250,0-5,0-2000,CMP022,435.33,-0.5902,-256.94,2011-05-22,201,Ocasional
15296.0,51,6,3672.86,50-100,5-10,2000-4000,CMP025,1048.37,2.5034,2624.49,2011-10-19,51,Regular
15297.0,10,3,641.94,0-50,0-5,0-2000,CMP040,1656.14,-0.6124,-1014.2,2011-11-29,10,Regular
15298.0,2,12,4799.9,0-50,10-15,4000-6000,CMP038,1347.91,2.561,3451.99,2011-12-07,2,Engajado
15299.0,67,6,3907.01,50-100,5-10,2000-4000,CMP034,1403.19,1.7844,2503.82,2011-10-03,67,Regular
15300.0,64,1,496.44,50-100,0-5,0-2000,CMP009,327.94,0.5138,168.5,2011-10-06,64,Regular
15301.0,51,12,5049.95,50-100,10-15,4000-6000,CMP031,1157.44,3.363,3892.51,2011-10-19,51,Engajado
15303.0,290,1,574.02,250-300,0-5,0-2000,CMP021,690.41,-0.1686,-116.39,2011-02-22,290,Ocasional
15304.0,61,8,694.4,50-100,5-10,0-2000,CMP035,1415.25,-0.5093,-720.85,2011-10-09,61,Regular
15306.0,64,3,1174.35,50-100,0-5,0-2000,CMP023,517.75,1.2682,656.6,2011-10-06,64,Regular
15307.0,96,1,205.3,50-100,0-5,0-2000,CMP011,150.3,0.3659,55.0,2011-09-04,96,Regular
15308.0,274,1,310.47,250-300,0-5,0-2000,CMP046,1856.27,-0.8327,-1545.8,2011-03-10,274,Ocasional
15312.0,75,4,924.85,50-100,0-5,0-2000,CMP009,327.94,1.8202,596.91,2011-09-25,75,Regular
15313.0,110,1,52.0,100-150,0-5,0-2000,CMP012,440.78,-0.882,-388.78,2011-08-21,110,Regular
15314.0,199,1,327.97,150-200,0-5,0-2000,CMP005,191.74,0.7105,136.23,2011-05-24,199,Ocasional
15315.0,64,2,570.5,50-100,0-5,0-2000,CMP030,753.44,-0.2428,-182.94,2011-10-06,64,Regular
15316.0,327,1,165.0,300-350,0-5,0-2000,CMP042,1705.66,-0.9033,-1540.66,2011-01-16,327,Ocasional
15318.0,4,1,312.62,0-50,0-5,0-2000,CMP015,458.19,-0.3177,-145.57,2011-12-05,4,Regular
15319.0,284,1,204.5,250-300,0-5,0-2000,CMP037,1534.16,-0.8667,-1329.66,2011-02-28,284,Ocasional
15320.0,44,1,267.13,0-50,0-5,0-2000,CMP008,409.05,-0.347,-141.92,2011-10-26,44,Regular
15321.0,71,3,2748.31,50-100,0-5,2000-4000,CMP046,1856.27,0.4806,892.04,2011-09-29,71,Regular
15322.0,86,1,679.68,50-100,0-5,0-2000,CMP030,753.44,-0.0979,-73.76,2011-09-14,86,Regular
15325.0,104,1,161.74,100-150,0-5,0-2000,CMP033,766.84,-0.7891,-605.1,2011-08-27,104,Regular
15326.0,334,1,311.71,300-350,0-5,0-2000,CMP002,434.92,-0.2833,-123.21,2011-01-09,334,Ocasional
15327.0,53,1,208.75,50-100,0-5,0-2000,CMP046,1856.27,-0.8875,-1647.52,2011-10-17,53,Regular
15329.0,39,3,1049.7,0-50,0-5,0-2000,CMP029,1146.55,-0.0845,-96.85,2011-10-31,39,Regular
15330.0,32,2,714.9599999999999,0-50,0-5,0-2000,CMP016,459.04,0.5575,255.92,2011-11-07,32,Regular
15332.0,366,4,1661.06,350-400,0-5,0-2000,CMP043,1290.94,0.2867,370.12,2010-12-08,366,Ocasional
15333.0,208,1,1028.56,200-250,0-5,0-2000,CMP015,458.19,1.2448,570.37,2011-05-15,208,Ocasional
15334.0,157,3,347.87,150-200,0-5,0-2000,CMP036,1302.05,-0.7328,-954.18,2011-07-05,157,Ocasional
15335.0,54,1,170.22,50-100,0-5,0-2000,CMP004,327.19,-0.4798,-156.97,2011-10-16,54,Regular
15339.0,66,2,574.07,50-100,0-5,0-2000,CMP028,1090.24,-0.4734,-516.17,2011-10-04,66,Regular
15341.0,81,1,2020.52,50-100,0-5,2000-4000,CMP034,1403.19,0.4399,617.33,2011-09-19,81,Regular
15342.0,130,1,406.09,100-150,0-5,0-2000,CMP009,327.94,0.2383,78.15,2011-08-01,130,Regular
15343.0,87,1,364.5,50-100,0-5,0-2000,CMP014,474.66,-0.2321,-110.16,2011-09-13,87,Regular
15344.0,1,3,563.94,0-50,0-5,0-2000,CMP002,434.92,0.2967,129.02,2011-12-08,1,Regular
15345.0,46,1,393.54,0-50,0-5,0-2000,CMP021,690.41,-0.43,-296.87,2011-10-24,46,Regular
15346.0,333,1,252.42,300-350,0-5,0-2000,CMP009,327.94,-0.2303,-75.52,2011-01-10,333,Ocasional
15347.0,366,1,201.6,350-400,0-5,0-2000,CMP016,459.04,-0.5608,-257.44,2010-12-08,366,Ocasional
15348.0,72,1,158.04,50-100,0-5,0-2000,CMP008,409.05,-0.6136,-251.01,2011-09-28,72,Regular
15349.0,158,2,463.91,150-200,0-5,0-2000,CMP015,458.19,0.0125,5.72,2011-07-04,158,Ocasional
15350.0,373,1,115.65,350-400,0-5,0-2000,CMP028,1090.24,-0.8939,-974.59,2010-12-01,373,Ocasional
15351.0,12,7,1934.66,0-50,5-10,0-2000,CMP005,191.74,9.09,1742.92,2011-11-27,12,Regular
15353.0,255,2,770.12,250-300,0-5,0-2000,CMP039,1875.82,-0.5894,-1105.7,2011-03-29,255,Ocasional
15355.0,29,2,277.05,0-50,0-5,0-2000,CMP037,1534.16,-0.8194,-1257.11,2011-11-10,29,Regular
15356.0,31,10,2718.03,0-50,10-15,2000-4000,CMP038,1347.91,1.0165,1370.12,2011-11-08,31,Regular
15358.0,5,22,8347.2,0-50,20-25,8000-10000,CMP035,1415.25,4.898,6931.95,2011-12-04,5,Engajado
15360.0,40,1,427.93,0-50,0-5,0-2000,CMP038,1347.91,-0.6825,-919.98,2011-10-30,40,Regular
15361.0,362,1,418.92,350-400,0-5,0-2000,CMP012,440.78,-0.0496,-21.86,2010-12-12,362,Ocasional
15363.0,373,1,326.0,350-400,0-5,0-2000,CMP008,409.05,-0.203,-83.05,2010-12-01,373,Ocasional
15364.0,96,2,913.19,50-100,0-5,0-2000,CMP013,809.51,0.1281,103.68,2011-09-04,96,Regular
15365.0,26,7,2314.32,0-50,5-10,2000-4000,CMP042,1705.66,0.3568,608.66,2011-11-13,26,Regular
15366.0,75,2,602.51,50-100,0-5,0-2000,CMP004,327.19,0.8415,275.32,2011-09-25,75,Regular
15367.0,57,4,1877.59,50-100,0-5,0-2000,CMP035,1415.25,0.3267,462.34,2011-10-13,57,Regular
15368.0,21,1,446.94000000000005,0-50,0-5,0-2000,CMP048,1728.05,-0.7414,-1281.11,2011-11-18,21,Regular
15370.0,41,7,2386.05,0-50,5-10,2000-4000,CMP044,2078.39,0.148,307.66,2011-10-29,41,Regular
15372.0,137,1,2007.4,100-150,0-5,2000-4000,CMP033,766.84,1.6178,1240.56,2011-07-25,137,Regular
15373.0,8,12,2415.91,0-50,10-15,2000-4000,CMP007,161.77,13.9342,2254.14,2011-12-01,8,Regular
15374.0,129,1,168.0,100-150,0-5,0-2000,CMP035,1415.25,-0.8813,-1247.25,2011-08-02,129,Regular
15376.0,40,3,1221.56,0-50,0-5,0-2000,CMP025,1048.37,0.1652,173.19,2011-10-30,40,Regular
15379.0,169,7,3703.29,150-200,5-10,2000-4000,CMP012,440.78,7.4017,3262.51,2011-06-23,169,Regular
15380.0,9,5,1690.26,0-50,5-10,0-2000,CMP010,360.67,3.6864,1329.59,2011-11-30,9,Regular
15381.0,214,2,596.85,200-250,0-5,0-2000,CMP040,1656.14,-0.6396,-1059.29,2011-05-09,214,Ocasional
15382.0,15,6,5955.71,0-50,5-10,4000-6000,CMP038,1347.91,3.4185,4607.8,2011-11-24,15,Engajado
15384.0,170,2,642.41,150-200,0-5,0-2000,CMP032,842.78,-0.2377,-200.37,2011-06-22,170,Ocasional
15385.0,40,1,316.88,0-50,0-5,0-2000,CMP037,1534.16,-0.7935,-1217.28,2011-10-30,40,Regular
15386.0,186,1,394.14,150-200,0-5,0-2000,CMP024,557.84,-0.2935,-163.7,2011-06-06,186,Ocasional
15388.0,270,1,140.54,250-300,0-5,0-2000,CMP014,474.66,-0.7039,-334.12,2011-03-14,270,Ocasional
15389.0,172,1,500.0,150-200,0-5,0-2000,CMP020,517.27,-0.0334,-17.27,2011-06-20,172,Ocasional
15392.0,5,4,1535.53,0-50,0-5,0-2000,CMP016,459.04,2.3451,1076.49,2011-12-04,5,Regular
15393.0,16,2,231.86,0-50,0-5,0-2000,CMP012,440.78,-0.474,-208.92,2011-11-23,16,Regular
15394.0,10,4,2183.54,0-50,0-5,2000-4000,CMP041,1369.84,0.594,813.7,2011-11-29,10,Regular
15395.0,326,1,107.45,300-350,0-5,0-2000,CMP017,524.29,-0.7951,-416.84,2011-01-17,326,Ocasional
15396.0,113,1,288.18,100-150,0-5,0-2000,CMP040,1656.14,-0.826,-1367.96,2011-08-18,113,Regular
15397.0,290,1,94.0,250-300,0-5,0-2000,CMP012,440.78,-0.7867,-346.78,2011-02-22,290,Ocasional
15398.0,16,2,1345.53,0-50,0-5,0-2000,CMP025,1048.37,0.2834,297.16,2011-11-23,16,Regular
15399.0,1,3,815.77,0-50,0-5,0-2000,CMP026,1285.33,-0.3653,-469.56,2011-12-08,1,Regular
15400.0,92,5,716.2,50-100,5-10,0-2000,CMP025,1048.37,-0.3168,-332.17,2011-09-08,92,Regular
15402.0,149,2,626.35,100-150,0-5,0-2000,CMP028,1090.24,-0.4255,-463.89,2011-07-13,149,Ocasional
15405.0,189,1,349.1,150-200,0-5,0-2000,CMP013,809.51,-0.5688,-460.41,2011-06-03,189,Ocasional
15406.0,31,2,510.71,0-50,0-5,0-2000,CMP022,435.33,0.1732,75.38,2011-11-08,31,Regular
15407.0,34,4,1046.74,0-50,0-5,0-2000,CMP009,327.94,2.1919,718.8,2011-11-05,34,Regular
15408.0,264,1,267.18,250-300,0-5,0-2000,CMP011,150.3,0.7776,116.88,2011-03-20,264,Ocasional
15410.0,84,8,3450.84,50-100,5-10,2000-4000,CMP032,842.78,3.0946,2608.06,2011-09-16,84,Regular
15411.0,26,4,1348.93,0-50,0-5,0-2000,CMP027,863.77,0.5617,485.16,2011-11-13,26,Regular
15412.0,171,1,190.53,150-200,0-5,0-2000,CMP045,1492.9,-0.8724,-1302.37,2011-06-21,171,Ocasional
15414.0,10,3,774.9000000000001,0-50,0-5,0-2000,CMP025,1048.37,-0.2609,-273.47,2011-11-29,10,Regular
15415.0,313,1,559.61,300-350,0-5,0-2000,CMP030,753.44,-0.2573,-193.83,2011-01-30,313,Ocasional
15416.0,65,4,3984.32,50-100,0-5,2000-4000,CMP033,766.84,4.1958,3217.48,2011-10-05,65,Regular
15417.0,85,1,508.8,50-100,0-5,0-2000,CMP026,1285.33,-0.6041,-776.53,2011-09-15,85,Regular
15419.0,25,1,135.86,0-50,0-5,0-2000,CMP002,434.92,-0.6876,-299.06,2011-11-14,25,Regular
15421.0,59,4,950.36,50-100,0-5,0-2000,CMP014,474.66,1.0022,475.7,2011-10-11,59,Regular
15422.0,323,2,97.7,300-350,0-5,0-2000,CMP010,360.67,-0.7291,-262.97,2011-01-20,323,Ocasional
15423.0,38,1,43.5,0-50,0-5,0-2000,CMP013,809.51,-0.9463,-766.01,2011-11-01,38,Regular
15424.0,254,2,383.34,250-300,0-5,0-2000,CMP005,191.74,0.9993,191.6,2011-03-30,254,Ocasional
15426.0,19,5,1404.07,0-50,5-10,0-2000,CMP010,360.67,2.8929,1043.4,2011-11-20,19,Regular
15427.0,33,3,1430.54,0-50,0-5,0-2000,CMP015,458.19,2.1222,972.35,2011-11-06,33,Regular
15428.0,15,1,93.78,0-50,0-5,0-2000,CMP046,1856.27,-0.9495,-1762.49,2011-11-24,15,Regular
15429.0,27,2,397.35,0-50,0-5,0-2000,CMP016,459.04,-0.1344,-61.69,2011-11-12,27,Regular
15432.0,23,1,171.19000000000003,0-50,0-5,0-2000,CMP013,809.51,-0.7885,-638.32,2011-11-16,23,Regular
15433.0,214,2,533.3,200-250,0-5,0-2000,CMP012,440.78,0.2099,92.52,2011-05-09,214,Ocasional
15434.0,8,5,1041.48,0-50,5-10,0-2000,CMP025,1048.37,-0.0066,-6.89,2011-12-01,8,Regular
15435.0,22,1,149.29,0-50,0-5,0-2000,CMP008,409.05,-0.635,-259.76,2011-11-17,22,Regular
15436.0,12,3,1067.75,0-50,0-5,0-2000,CMP012,440.78,1.4224,626.97,2011-11-27,12,Regular
15437.0,262,1,200.16,250-300,0-5,0-2000,CMP014,474.66,-0.5783,-274.5,2011-03-22,262,Ocasional
15438.0,131,1,156.57999999999998,100-150,0-5,0-2000,CMP001,258.61,-0.3945,-102.03,2011-07-31,131,Regular
15440.0,55,3,383.68,50-100,0-5,0-2000,CMP001,258.61,0.4836,125.07,2011-10-15,55,Regular
15442.0,249,1,594.0,200-250,0-5,0-2000,CMP013,809.51,-0.2662,-215.51,2011-04-04,249,Ocasional
15443.0,2,7,3213.59,0-50,5-10,2000-4000,CMP004,327.19,8.8218,2886.4,2011-12-07,2,Regular
15444.0,9,2,1411.21,0-50,0-5,0-2000,CMP009,327.94,3.3033,1083.27,2011-11-30,9,Regular
15445.0,264,1,113.5,250-300,0-5,0-2000,CMP010,360.67,-0.6853,-247.17,2011-03-20,264,Ocasional
15447.0,331,1,155.17000000000002,300-350,0-5,0-2000,CMP033,766.84,-0.7977,-611.67,2011-01-12,331,Ocasional
15448.0,313,1,494.64,300-350,0-5,0-2000,CMP024,557.84,-0.1133,-63.2,2011-01-30,313,Ocasional
15449.0,26,3,974.52,0-50,0-5,0-2000,CMP022,435.33,1.2386,539.19,2011-11-13,26,Regular
15450.0,30,1,429.84,0-50,0-5,0-2000,CMP015,458.19,-0.0619,-28.35,2011-11-09,30,Regular
15452.0,30,3,528.48,0-50,0-5,0-2000,CMP042,1705.66,-0.6902,-1177.18,2011-11-09,30,Regular
15453.0,2,7,1371.77,0-50,5-10,0-2000,CMP019,593.24,1.3123,778.53,2011-12-07,2,Regular
15454.0,362,1,179.1,350-400,0-5,0-2000,CMP003,367.99,-0.5133,-188.89,2010-12-12,362,Ocasional
15456.0,283,3,434.59,250-300,0-5,0-2000,CMP026,1285.33,-0.6619,-850.74,2011-03-01,283,Ocasional
15457.0,262,1,237.07,250-300,0-5,0-2000,CMP004,327.19,-0.2754,-90.12,2011-03-22,262,Ocasional
15458.0,25,1,161.64,0-50,0-5,0-2000,CMP010,360.67,-0.5518,-199.03,2011-11-14,25,Regular
15460.0,354,1,214.26,350-400,0-5,0-2000,CMP014,474.66,-0.5486,-260.4,2010-12-20,354,Ocasional
15462.0,94,3,234.6,50-100,0-5,0-2000,CMP038,1347.91,-0.826,-1113.31,2011-09-06,94,Regular
15463.0,29,1,126.14,0-50,0-5,0-2000,CMP014,474.66,-0.7343,-348.52,2011-11-10,29,Regular
15464.0,338,1,1044.65,300-350,0-5,0-2000,CMP028,1090.24,-0.0418,-45.59,2011-01-05,338,Ocasional
15465.0,20,18,7354.62,0-50,15-20,6000-8000,CMP048,1728.05,3.256,5626.57,2011-11-19,20,Engajado
15466.0,85,1,334.53,50-100,0-5,0-2000,CMP010,360.67,-0.0725,-26.14,2011-09-15,85,Regular
15467.0,9,3,524.88,0-50,0-5,0-2000,CMP015,458.19,0.1456,66.69,2011-11-30,9,Regular
15468.0,51,2,467.51,50-100,0-5,0-2000,CMP018,643.37,-0.2733,-175.86,2011-10-19,51,Regular
15469.0,50,2,538.55,50-100,0-5,0-2000,CMP019,593.24,-0.0922,-54.69,2011-10-20,50,Regular
15471.0,2,1,454.48,0-50,0-5,0-2000,CMP019,593.24,-0.2339,-138.76,2011-12-07,2,Regular
15472.0,113,1,371.56,100-150,0-5,0-2000,CMP040,1656.14,-0.7756,-1284.58,2011-08-18,113,Regular
15473.0,14,7,1771.2,0-50,5-10,0-2000,CMP039,1875.82,-0.0558,-104.62,2011-11-25,14,Regular
15475.0,77,1,454.11,50-100,0-5,0-2000,CMP025,1048.37,-0.5668,-594.26,2011-09-23,77,Regular
15478.0,40,2,1399.92,0-50,0-5,0-2000,CMP016,459.04,2.0497,940.88,2011-10-30,40,Regular
15480.0,116,1,905.5,100-150,0-5,0-2000,CMP032,842.78,0.0744,62.72,2011-08-15,116,Regular
15482.0,16,11,10839.76,0-50,10-15,10000-12000,CMP047,1540.55,6.0363,9299.21,2011-11-23,16,Engajado
15483.0,161,4,225.26,150-200,0-5,0-2000,CMP034,1403.19,-0.8395,-1177.93,2011-07-01,161,Ocasional
15484.0,1,4,3590.41,0-50,0-5,2000-4000,CMP001,258.61,12.8835,3331.8,2011-12-08,1,Regular
15485.0,30,3,2564.5,0-50,0-5,2000-4000,CMP037,1534.16,0.6716,1030.34,2011-11-09,30,Regular
15488.0,93,1,91.32,50-100,0-5,0-2000,CMP002,434.92,-0.79,-343.6,2011-09-07,93,Regular
15489.0,23,3,1134.28,0-50,0-5,0-2000,CMP014,474.66,1.3897,659.62,2011-11-16,23,Regular
15491.0,95,6,3100.09,50-100,5-10,2000-4000,CMP006,191.74,15.1682,2908.35,2011-09-05,95,Regular
15492.0,28,2,659.46,0-50,0-5,0-2000,CMP025,1048.37,-0.371,-388.91,2011-11-11,28,Regular
15493.0,33,5,1953.41,0-50,5-10,0-2000,CMP038,1347.91,0.4492,605.5,2011-11-06,33,Regular
15494.0,21,2,1280.58,0-50,0-5,0-2000,CMP009,327.94,2.9049,952.64,2011-11-18,21,Regular
15497.0,18,2,1262.2,0-50,0-5,0-2000,CMP018,643.37,0.9619,618.83,2011-11-21,18,Regular
15498.0,3,27,13316.4,0-50,25-30,10000-12000,CMP031,1157.44,10.505,12158.96,2011-12-06,3,Engajado
15500.0,8,4,1131.56,0-50,0-5,0-2000,CMP018,643.37,0.7588,488.19,2011-12-01,8,Regular
15502.0,16,10,6923.98,0-50,10-15,6000-8000,CMP012,440.78,14.7085,6483.2,2011-11-23,16,Engajado
15503.0,363,1,141.04,350-400,0-5,0-2000,CMP012,440.78,-0.68,-299.74,2010-12-11,363,Ocasional
15504.0,81,1,52.83,50-100,0-5,0-2000,CMP029,1146.55,-0.9539,-1093.72,2011-09-19,81,Regular
15505.0,53,5,3610.96,50-100,5-10,2000-4000,CMP007,161.77,21.3216,3449.19,2011-10-17,53,Regular
15506.0,23,3,972.08,0-50,0-5,0-2000,CMP008,409.05,1.3764,563.03,2011-11-16,23,Regular
15507.0,172,1,475.86,150-200,0-5,0-2000,CMP017,524.29,-0.0924,-48.43,2011-06-20,172,Ocasional
15508.0,189,6,1000.27,150-200,5-10,0-2000,CMP043,1290.94,-0.2252,-290.67,2011-06-03,189,Ocasional
15510.0,331,1,250.0,300-350,0-5,0-2000,CMP022,435.33,-0.4257,-185.33,2011-01-12,331,Ocasional
15511.0,12,5,900.53,0-50,5-10,0-2000,CMP028,1090.24,-0.174,-189.71,2011-11-27,12,Regular
15512.0,156,2,121.0,150-200,0-5,0-2000,CMP010,360.67,-0.6645,-239.67,2011-07-06,156,Ocasional
15513.0,33,19,14758.22,0-50,15-20,10000-12000,CMP035,1415.25,9.428,13342.97,2011-11-06,33,Engajado
15514.0,12,11,4023.72,0-50,10-15,4000-6000,CMP001,258.61,14.559,3765.11,2011-11-27,12,Engajado
15516.0,45,3,62.43,0-50,0-5,0-2000,CMP019,593.24,-0.8948,-530.81,2011-10-25,45,Regular
15517.0,233,1,267.03,200-250,0-5,0-2000,CMP042,1705.66,-0.8434,-1438.63,2011-04-20,233,Ocasional
15518.0,64,8,1921.55,50-100,5-10,0-2000,CMP036,1302.05,0.4758,619.5,2011-10-06,64,Regular
15520.0,2,1,343.5,0-50,0-5,0-2000,CMP036,1302.05,-0.7362,-958.55,2011-12-07,2,Regular
15521.0,40,8,3000.2,0-50,5-10,2000-4000,CMP040,1656.14,0.8116,1344.06,2011-10-30,40,Regular
15522.0,33,2,397.99,0-50,0-5,0-2000,CMP010,360.67,0.1035,37.32,2011-11-06,33,Regular
15523.0,84,1,412.0100000000001,50-100,0-5,0-2000,CMP039,1875.82,-0.7804,-1463.81,2011-09-16,84,Regular
15524.0,25,1,440.0,0-50,0-5,0-2000,CMP007,161.77,1.7199,278.23,2011-11-14,25,Regular
15525.0,2,3,731.87,0-50,0-5,0-2000,CMP023,517.75,0.4136,214.12,2011-12-07,2,Regular
15526.0,33,2,148.44,0-50,0-5,0-2000,CMP004,327.19,-0.5463,-178.75,2011-11-06,33,Regular
15527.0,19,8,2428.53,0-50,5-10,2000-4000,CMP002,434.92,4.5839,1993.61,2011-11-20,19,Regular
15528.0,254,1,229.33,250-300,0-5,0-2000,CMP012,440.78,-0.4797,-211.45,2011-03-30,254,Ocasional
15529.0,23,11,3960.05,0-50,10-15,2000-4000,CMP026,1285.33,2.081,2674.72,2011-11-16,23,Engajado
15530.0,22,4,1497.31,0-50,0-5,0-2000,CMP021,690.41,1.1687,806.9,2011-11-17,22,Regular
15531.0,8,2,1972.39,0-50,0-5,0-2000,CMP035,1415.25,0.3937,557.14,2011-12-01,8,Regular
15532.0,25,4,1554.83,0-50,0-5,0-2000,CMP005,191.74,7.1091,1363.09,2011-11-14,25,Regular
15533.0,19,3,807.57,0-50,0-5,0-2000,CMP010,360.67,1.2391,446.9,2011-11-20,19,Regular
15535.0,173,4,502.9,150-200,0-5,0-2000,CMP024,557.84,-0.0985,-54.94,2011-06-19,173,Ocasional
15537.0,163,1,110.92,150-200,0-5,0-2000,CMP010,360.67,-0.6925,-249.75,2011-06-29,163,Ocasional
15539.0,7,1,538.46,0-50,0-5,0-2000,CMP029,1146.55,-0.5304,-608.09,2011-12-02,7,Regular
15540.0,11,1,213.3,0-50,0-5,0-2000,CMP021,690.41,-0.6911,-477.11,2011-11-28,11,Regular
15541.0,114,1,85.13000000000001,100-150,0-5,0-2000,CMP036,1302.05,-0.9346,-1216.92,2011-08-17,114,Regular
15543.0,288,1,127.86,250-300,0-5,0-2000,CMP024,557.84,-0.7708,-429.98,2011-02-24,288,Ocasional
15544.0,9,9,3546.71,0-50,5-10,2000-4000,CMP030,753.44,3.7074,2793.27,2011-11-30,9,Regular
15545.0,54,2,288.97,50-100,0-5,0-2000,CMP022,435.33,-0.3362,-146.36,2011-10-16,54,Regular
15547.0,7,14,4910.6,0-50,10-15,4000-6000,CMP025,1048.37,3.684,3862.23,2011-12-02,7,Engajado
15549.0,77,3,1677.71,50-100,0-5,0-2000,CMP026,1285.33,0.3053,392.38,2011-09-23,77,Regular
15550.0,4,4,575.63,0-50,0-5,0-2000,CMP031,1157.44,-0.5027,-581.81,2011-12-05,4,Regular
15551.0,37,1,436.06,0-50,0-5,0-2000,CMP020,517.27,-0.157,-81.21,2011-11-02,37,Regular
15552.0,217,1,90.12,200-250,0-5,0-2000,CMP032,842.78,-0.8931,-752.66,2011-05-06,217,Ocasional
15553.0,60,1,428.93,50-100,0-5,0-2000,CMP032,842.78,-0.4911,-413.85,2011-10-10,60,Regular
15554.0,278,1,217.2,250-300,0-5,0-2000,CMP037,1534.16,-0.8584,-1316.96,2011-03-06,278,Ocasional
15555.0,12,16,4791.87,0-50,15-20,4000-6000,CMP046,1856.27,1.5815,2935.6,2011-11-27,12,Engajado
15556.0,24,1,279.77,0-50,0-5,0-2000,CMP012,440.78,-0.3653,-161.01,2011-11-15,24,Regular
15557.0,29,1,468.91,0-50,0-5,0-2000,CMP016,459.04,0.0215,9.87,2011-11-10,29,Regular
15561.0,12,4,800.5899999999999,0-50,0-5,0-2000,CMP024,557.84,0.4352,242.75,2011-11-27,12,Regular
15562.0,352,1,134.55,350-400,0-5,0-2000,CMP010,360.67,-0.6269,-226.12,2010-12-22,352,Ocasional
15563.0,22,3,1361.44,0-50,0-5,0-2000,CMP025,1048.37,0.2986,313.07,2011-11-17,22,Regular
15565.0,50,2,173.16000000000005,50-100,0-5,0-2000,CMP025,1048.37,-0.8348,-875.21,2011-10-20,50,Regular
15567.0,19,1,186.01,0-50,0-5,0-2000,CMP024,557.84,-0.6666,-371.83,2011-11-20,19,Regular
15568.0,3,3,758.29,0-50,0-5,0-2000,CMP018,643.37,0.1786,114.92,2011-12-06,3,Regular
15569.0,104,5,1375.71,100-150,5-10,0-2000,CMP011,150.3,8.1531,1225.41,2011-08-27,104,Regular
15570.0,7,12,4148.82,0-50,10-15,4000-6000,CMP030,753.44,4.5065,3395.38,2011-12-02,7,Engajado
15571.0,12,4,650.4300000000001,0-50,0-5,0-2000,CMP010,360.67,0.8034,289.76,2011-11-27,12,Regular
15572.0,5,7,2533.42,0-50,5-10,2000-4000,CMP045,1492.9,0.697,1040.52,2011-12-04,5,Regular
15573.0,32,2,583.24,0-50,0-5,0-2000,CMP017,524.29,0.1124,58.95,2011-11-07,32,Regular
15574.0,178,4,675.64,150-200,0-5,0-2000,CMP011,150.3,3.4953,525.34,2011-06-14,178,Ocasional
15576.0,38,1,921.37,0-50,0-5,0-2000,CMP003,367.99,1.5038,553.38,2011-11-01,38,Regular
15577.0,151,3,258.88,150-200,0-5,0-2000,CMP020,517.27,-0.4995,-258.39,2011-07-11,151,Ocasional
15578.0,162,1,127.1,150-200,0-5,0-2000,CMP019,593.24,-0.7858,-466.14,2011-06-30,162,Ocasional
15579.0,69,2,327.6,50-100,0-5,0-2000,CMP017,524.29,-0.3752,-196.69,2011-10-01,69,Regular
15581.0,156,10,717.4300000000001,150-200,10-15,0-2000,CMP007,161.77,3.4349,555.66,2011-07-06,156,Regular
15582.0,25,3,682.9100000000001,0-50,0-5,0-2000,CMP019,593.24,0.1512,89.67,2011-11-14,25,Regular
15584.0,24,4,720.86,0-50,0-5,0-2000,CMP016,459.04,0.5704,261.82,2011-11-15,24,Regular
15585.0,177,1,455.3,150-200,0-5,0-2000,CMP028,1090.24,-0.5824,-634.94,2011-06-15,177,Ocasional
15587.0,50,4,913.68,50-100,0-5,0-2000,CMP025,1048.37,-0.1285,-134.69,2011-10-20,50,Regular
15589.0,256,3,478.53,250-300,0-5,0-2000,CMP018,643.37,-0.2562,-164.84,2011-03-28,256,Ocasional
15592.0,47,1,388.58,0-50,0-5,0-2000,CMP013,809.51,-0.52,-420.93,2011-10-23,47,Regular
15593.0,71,1,199.8,50-100,0-5,0-2000,CMP048,1728.05,-0.8844,-1528.25,2011-09-29,71,Regular
15594.0,16,5,1771.78,0-50,5-10,0-2000,CMP031,1157.44,0.5308,614.34,2011-11-23,16,Regular
15596.0,101,5,1406.59,100-150,5-10,0-2000,CMP028,1090.24,0.2902,316.35,2011-08-30,101,Regular
15597.0,35,1,324.57,0-50,0-5,0-2000,CMP010,360.67,-0.1001,-36.1,2011-11-04,35,Regular
15598.0,53,1,240.68,50-100,0-5,0-2000,CMP013,809.51,-0.7027,-568.83,2011-10-17,53,Regular
15599.0,27,2,761.74,0-50,0-5,0-2000,CMP003,367.99,1.07,393.75,2011-11-12,27,Regular
15601.0,11,14,6776.56,0-50,10-15,6000-8000,CMP033,766.84,7.837,6009.72,2011-11-28,11,Engajado
15602.0,8,9,1297.87,0-50,5-10,0-2000,CMP045,1492.9,-0.1306,-195.03,2011-12-01,8,Regular
15603.0,79,1,48.48,50-100,0-5,0-2000,CMP011,150.3,-0.6774,-101.82,2011-09-21,79,Regular
15604.0,52,1,216.39,50-100,0-5,0-2000,CMP002,434.92,-0.5025,-218.53,2011-10-18,52,Regular
15605.0,36,5,1198.23,0-50,5-10,0-2000,CMP003,367.99,2.2561,830.24,2011-11-03,36,Regular
15606.0,61,9,2920.16,50-100,5-10,2000-4000,CMP029,1146.55,1.5469,1773.61,2011-10-09,61,Regular
15607.0,337,1,104.76,300-350,0-5,0-2000,CMP005,191.74,-0.4536,-86.98,2011-01-06,337,Ocasional
15608.0,28,4,1093.68,0-50,0-5,0-2000,CMP003,367.99,1.972,725.69,2011-11-11,28,Regular
15609.0,184,1,298.48,150-200,0-5,0-2000,CMP029,1146.55,-0.7397,-848.07,2011-06-08,184,Ocasional
15610.0,52,1,112.46,50-100,0-5,0-2000,CMP013,809.51,-0.8611,-697.05,2011-10-18,52,Regular
15611.0,10,11,1570.45,0-50,10-15,0-2000,CMP015,458.19,2.4275,1112.26,2011-11-29,10,Regular
15612.0,36,2,195.15,0-50,0-5,0-2000,CMP041,1369.84,-0.8575,-1174.69,2011-11-03,36,Regular
15615.0,10,23,10399.74,0-50,20-25,10000-12000,CMP012,440.78,22.5939,9958.96,2011-11-29,10,Engajado
15618.0,33,4,776.85,0-50,0-5,0-2000,CMP044,2078.39,-0.6262,-1301.54,2011-11-06,33,Regular
15619.0,11,1,336.4,0-50,0-5,0-2000,CMP016,459.04,-0.2672,-122.64,2011-11-28,11,Regular
15620.0,57,3,1553.18,50-100,0-5,0-2000,CMP038,1347.91,0.1523,205.27,2011-10-13,57,Regular
15621.0,4,4,1293.03,0-50,0-5,0-2000,CMP025,1048.37,0.2334,244.66,2011-12-05,4,Regular
15622.0,43,9,3709.56,0-50,5-10,2000-4000,CMP043,1290.94,1.8735,2418.62,2011-10-27,43,Regular
15623.0,141,1,301.03000000000003,100-150,0-5,0-2000,CMP047,1540.55,-0.8046,-1239.52,2011-07-21,141,Ocasional
15624.0,117,4,588.13,100-150,0-5,0-2000,CMP015,458.19,0.2836,129.94,2011-08-14,117,Regular
15625.0,104,4,1534.26,100-150,0-5,0-2000,CMP045,1492.9,0.0277,41.36,2011-08-27,104,Regular
15626.0,75,2,675.8,50-100,0-5,0-2000,CMP018,643.37,0.0504,32.43,2011-09-25,75,Regular
15628.0,5,9,2870.24,0-50,5-10,2000-4000,CMP029,1146.55,1.5034,1723.69,2011-12-04,5,Regular
15630.0,45,2,1186.35,0-50,0-5,0-2000,CMP017,524.29,1.2628,662.06,2011-10-25,45,Regular
15632.0,16,8,3285.31,0-50,5-10,2000-4000,CMP034,1403.19,1.3413,1882.12,2011-11-23,16,Regular
15634.0,17,1,243.55,0-50,0-5,0-2000,CMP005,191.74,0.2702,51.81,2011-11-22,17,Regular
15636.0,90,2,724.76,50-100,0-5,0-2000,CMP024,557.84,0.2992,166.92,2011-09-10,90,Regular
15637.0,53,1,223.36,50-100,0-5,0-2000,CMP015,458.19,-0.5125,-234.83,2011-10-17,53,Regular
15639.0,134,1,425.32,100-150,0-5,0-2000,CMP030,753.44,-0.4355,-328.12,2011-07-28,134,Regular
15640.0,4,15,12416.11,0-50,15-20,10000-12000,CMP043,1290.94,8.6179,11125.17,2011-12-05,4,Engajado
15641.0,105,4,1887.2,100-150,0-5,0-2000,CMP031,1157.44,0.6305,729.76,2011-08-26,105,Regular
15643.0,192,3,664.0,150-200,0-5,0-2000,CMP016,459.04,0.4465,204.96,2011-05-31,192,Ocasional
15644.0,166,4,803.54,150-200,0-5,0-2000,CMP014,474.66,0.6929,328.88,2011-06-26,166,Ocasional
15645.0,19,1,611.59,0-50,0-5,0-2000,CMP012,440.78,0.3875,170.81,2011-11-20,19,Regular
15646.0,158,3,447.64,150-200,0-5,0-2000,CMP006,191.74,1.3346,255.9,2011-07-04,158,Ocasional
15648.0,204,2,639.5,200-250,0-5,0-2000,CMP017,524.29,0.2197,115.21,2011-05-19,204,Ocasional
15649.0,336,2,816.0,300-350,0-5,0-2000,CMP014,474.66,0.7191,341.34,2011-01-07,336,Ocasional
15651.0,37,3,646.3,0-50,0-5,0-2000,CMP045,1492.9,-0.5671,-846.6,2011-11-02,37,Regular
15652.0,91,1,337.74,50-100,0-5,0-2000,CMP024,557.84,-0.3946,-220.1,2011-09-09,91,Regular
15653.0,93,2,877.44,50-100,0-5,0-2000,CMP017,524.29,0.6736,353.15,2011-09-07,93,Regular
15654.0,9,2,922.53,0-50,0-5,0-2000,CMP024,557.84,0.6538,364.69,2011-11-30,9,Regular
15655.0,243,1,560.6700000000001,200-250,0-5,0-2000,CMP010,360.67,0.5545,200.0,2011-04-10,243,Ocasional
15656.0,45,4,748.5,0-50,0-5,0-2000,CMP020,517.27,0.447,231.23,2011-10-25,45,Regular
15657.0,23,1,30.0,0-50,0-5,0-2000,CMP019,593.24,-0.9494,-563.24,2011-11-16,23,Regular
15658.0,190,5,1024.1,150-200,5-10,0-2000,CMP021,690.41,0.4833,333.69,2011-06-02,190,Ocasional
15659.0,44,1,306.45,0-50,0-5,0-2000,CMP019,593.24,-0.4834,-286.79,2011-10-26,44,Regular
15660.0,25,9,1600.86,0-50,5-10,0-2000,CMP048,1728.05,-0.0736,-127.19,2011-11-14,25,Regular
15661.0,317,2,309.8,300-350,0-5,0-2000,CMP037,1534.16,-0.7981,-1224.36,2011-01-26,317,Ocasional
15663.0,106,1,138.14,100-150,0-5,0-2000,CMP018,643.37,-0.7853,-505.23,2011-08-25,106,Regular
15664.0,51,1,386.43,50-100,0-5,0-2000,CMP024,557.84,-0.3073,-171.41,2011-10-19,51,Regular
15665.0,168,2,2222.21,150-200,0-5,2000-4000,CMP036,1302.05,0.7067,920.16,2011-06-24,168,Ocasional
15667.0,40,1,301.32000000000005,0-50,0-5,0-2000,CMP006,191.74,0.5715,109.58,2011-10-30,40,Regular
15668.0,218,1,76.32000000000001,200-250,0-5,0-2000,CMP011,150.3,-0.4922,-73.98,2011-05-05,218,Ocasional
15669.0,40,4,684.34,0-50,0-5,0-2000,CMP004,327.19,1.0916,357.15,2011-10-30,40,Regular
15670.0,297,1,173.05,250-300,0-5,0-2000,CMP013,809.51,-0.7862,-636.46,2011-02-15,297,Ocasional
15671.0,19,7,2657.13,0-50,5-10,2000-4000,CMP034,1403.19,0.8936,1253.94,2011-11-20,19,Regular
15673.0,88,4,2726.23,50-100,0-5,2000-4000,CMP022,435.33,5.2624,2290.9,2011-09-12,88,Regular
15674.0,73,4,2111.89,50-100,0-5,2000-4000,CMP047,1540.55,0.3709,571.34,2011-09-27,73,Regular
15675.0,81,3,323.69,50-100,0-5,0-2000,CMP040,1656.14,-0.8046,-1332.45,2011-09-19,81,Regular
15676.0,19,3,3435.76,0-50,0-5,2000-4000,CMP040,1656.14,1.0746,1779.62,2011-11-20,19,Regular
15677.0,49,1,657.23,0-50,0-5,0-2000,CMP023,517.75,0.2694,139.48,2011-10-21,49,Regular
15678.0,53,1,352.7,50-100,0-5,0-2000,CMP036,1302.05,-0.7291,-949.35,2011-10-17,53,Regular
15679.0,24,4,781.28,0-50,0-5,0-2000,CMP010,360.67,1.1662,420.61,2011-11-15,24,Regular
15680.0,9,3,1333.68,0-50,0-5,0-2000,CMP031,1157.44,0.1523,176.24,2011-11-30,9,Regular
15681.0,25,5,1426.16,0-50,5-10,0-2000,CMP010,360.67,2.9542,1065.49,2011-11-14,25,Regular
15683.0,117,1,193.75,100-150,0-5,0-2000,CMP032,842.78,-0.7701,-649.03,2011-08-14,117,Regular
15687.0,9,9,2993.1,0-50,5-10,2000-4000,CMP025,1048.37,1.855,1944.73,2011-11-30,9,Regular
15689.0,120,2,254.1,100-150,0-5,0-2000,CMP039,1875.82,-0.8645,-1621.72,2011-08-11,120,Regular
15690.0,4,2,239.76,0-50,0-5,0-2000,CMP044,2078.39,-0.8846,-1838.63,2011-12-05,4,Regular
15691.0,252,1,136.8,250-300,0-5,0-2000,CMP004,327.19,-0.5819,-190.39,2011-04-01,252,Ocasional
15692.0,28,1,191.04,0-50,0-5,0-2000,CMP013,809.51,-0.764,-618.47,2011-11-11,28,Regular
15694.0,1,13,6464.4,0-50,10-15,6000-8000,CMP048,1728.05,2.7409,4736.35,2011-12-08,1,Engajado
15695.0,267,2,409.98,250-300,0-5,0-2000,CMP021,690.41,-0.4062,-280.43,2011-03-17,267,Ocasional
15696.0,33,8,2711.11,0-50,5-10,2000-4000,CMP044,2078.39,0.3044,632.72,2011-11-06,33,Regular
15699.0,18,1,309.65,0-50,0-5,0-2000,CMP025,1048.37,-0.7046,-738.72,2011-11-21,18,Regular
15700.0,172,2,696.68,150-200,0-5,0-2000,CMP018,643.37,0.0829,53.31,2011-06-20,172,Ocasional
15701.0,2,4,1529.0,0-50,0-5,0-2000,CMP015,458.19,2.337,1070.81,2011-12-07,2,Regular
15703.0,265,1,211.5,250-300,0-5,0-2000,CMP006,191.74,0.1031,19.76,2011-03-19,265,Ocasional
15704.0,140,4,2293.62,100-150,0-5,2000-4000,CMP041,1369.84,0.6744,923.78,2011-07-22,140,Regular
15705.0,201,1,143.1,200-250,0-5,0-2000,CMP011,150.3,-0.0479,-7.2,2011-05-22,201,Ocasional
15706.0,64,4,1060.56,50-100,0-5,0-2000,CMP022,435.33,1.4362,625.23,2011-10-06,64,Regular
15707.0,35,4,916.98,0-50,0-5,0-2000,CMP022,435.33,1.1064,481.65,2011-11-04,35,Regular
15708.0,41,7,3235.25,0-50,5-10,2000-4000,CMP035,1415.25,1.286,1820.0,2011-10-29,41,Regular
15709.0,284,1,133.25,250-300,0-5,0-2000,CMP038,1347.91,-0.9011,-1214.66,2011-02-28,284,Ocasional
15712.0,9,5,1072.36,0-50,5-10,0-2000,CMP047,1540.55,-0.3039,-468.19,2011-11-30,9,Regular
15713.0,143,2,356.7,100-150,0-5,0-2000,CMP019,593.24,-0.3987,-236.54,2011-07-19,143,Ocasional
15714.0,12,2,330.03000000000003,0-50,0-5,0-2000,CMP032,842.78,-0.6084,-512.75,2011-11-27,12,Regular
15716.0,146,4,1101.11,100-150,0-5,0-2000,CMP030,753.44,0.4614,347.67,2011-07-16,146,Regular
15717.0,234,1,150.3,200-250,0-5,0-2000,CMP016,459.04,-0.6726,-308.74,2011-04-19,234,Ocasional
15719.0,33,13,5028.42,0-50,10-15,4000-6000,CMP047,1540.55,2.264,3487.87,2011-11-06,33,Engajado
15720.0,24,1,598.73,0-50,0-5,0-2000,CMP012,440.78,0.3583,157.95,2011-11-15,24,Regular
15721.0,12,1,471.4,0-50,0-5,0-2000,CMP009,327.94,0.4375,143.46,2011-11-27,12,Regular
15722.0,36,5,2211.21,0-50,5-10,2000-4000,CMP044,2078.39,0.0639,132.82,2011-11-03,36,Regular
15723.0,365,1,190.7,350-400,0-5,0-2000,CMP012,440.78,-0.5674,-250.08,2010-12-09,365,Ocasional
15724.0,201,2,218.25,200-250,0-5,0-2000,CMP036,1302.05,-0.8324,-1083.8,2011-05-22,201,Ocasional
15725.0,15,1,415.25,0-50,0-5,0-2000,CMP038,1347.91,-0.6919,-932.66,2011-11-24,15,Regular
15727.0,17,7,5159.06,0-50,5-10,4000-6000,CMP006,191.74,25.9065,4967.32,2011-11-22,17,Regular
15729.0,213,1,85.0,200-250,0-5,0-2000,CMP039,1875.82,-0.9547,-1790.82,2011-05-10,213,Ocasional
15730.0,66,3,1120.88,50-100,0-5,0-2000,CMP020,517.27,1.1669,603.61,2011-10-04,66,Regular
15732.0,212,2,294.12,200-250,0-5,0-2000,CMP014,474.66,-0.3804,-180.54,2011-05-11,212,Ocasional
15733.0,283,1,162.3,250-300,0-5,0-2000,CMP019,593.24,-0.7264,-430.94,2011-03-01,283,Ocasional
15734.0,115,2,1339.45,100-150,0-5,0-2000,CMP041,1369.84,-0.0222,-30.39,2011-08-16,115,Regular
15737.0,15,8,1188.12,0-50,5-10,0-2000,CMP002,434.92,1.7318,753.2,2011-11-24,15,Regular
15738.0,19,16,4812.42,0-50,15-20,4000-6000,CMP032,842.78,4.7102,3969.64,2011-11-20,19,Engajado
15739.0,66,1,449.12,50-100,0-5,0-2000,CMP028,1090.24,-0.5881,-641.12,2011-10-04,66,Regular
15740.0,49,1,154.88,0-50,0-5,0-2000,CMP026,1285.33,-0.8795,-1130.45,2011-10-21,49,Regular
15743.0,16,4,775.96,0-50,0-5,0-2000,CMP028,1090.24,-0.2883,-314.28,2011-11-23,16,Regular
15744.0,78,1,34.8,50-100,0-5,0-2000,CMP004,327.19,-0.8936,-292.39,2011-09-22,78,Regular
15745.0,19,4,1094.59,0-50,0-5,0-2000,CMP015,458.19,1.3889,636.4,2011-11-20,19,Regular
15746.0,134,1,196.88,100-150,0-5,0-2000,CMP010,360.67,-0.4541,-163.79,2011-07-28,134,Regular
15747.0,13,3,946.64,0-50,0-5,0-2000,CMP032,842.78,0.1232,103.86,2011-11-26,13,Regular
15748.0,40,1,144.36,0-50,0-5,0-2000,CMP008,409.05,-0.6471,-264.69,2011-10-30,40,Regular
15750.0,3,8,2463.05,0-50,5-10,2000-4000,CMP021,690.41,2.5675,1772.64,2011-12-06,3,Regular
15752.0,40,7,2626.6,0-50,5-10,2000-4000,CMP047,1540.55,0.705,1086.05,2011-10-30,40,Regular
15753.0,305,1,79.2,300-350,0-5,0-2000,CMP001,258.61,-0.6937,-179.41,2011-02-07,305,Ocasional
15754.0,51,3,458.57,50-100,0-5,0-2000,CMP048,1728.05,-0.7346,-1269.48,2011-10-19,51,Regular
15755.0,10,6,2364.25,0-50,5-10,2000-4000,CMP038,1347.91,0.754,1016.34,2011-11-29,10,Regular
15756.0,61,4,528.01,50-100,0-5,0-2000,CMP032,842.78,-0.3735,-314.77,2011-10-09,61,Regular
15757.0,66,2,714.42,50-100,0-5,0-2000,CMP015,458.19,0.5592,256.23,2011-10-04,66,Regular
15758.0,25,1,205.25,0-50,0-5,0-2000,CMP001,258.61,-0.2063,-53.36,2011-11-14,25,Regular
15759.0,218,3,253.04,200-250,0-5,0-2000,CMP028,1090.24,-0.7679,-837.2,2011-05-05,218,Ocasional
15762.0,65,2,583.75,50-100,0-5,0-2000,CMP033,766.84,-0.2388,-183.09,2011-10-05,65,Regular
15763.0,32,2,1086.92,0-50,0-5,0-2000,CMP030,753.44,0.4426,333.48,2011-11-07,32,Regular
15764.0,88,6,3279.9700000000003,50-100,5-10,2000-4000,CMP014,474.66,5.9101,2805.31,2011-09-12,88,Regular
15766.0,64,1,315.06,50-100,0-5,0-2000,CMP030,753.44,-0.5818,-438.38,2011-10-06,64,Regular
15768.0,116,3,621.83,100-150,0-5,0-2000,CMP030,753.44,-0.1747,-131.61,2011-08-15,116,Regular
15773.0,6,1,635.6800000000001,0-50,0-5,0-2000,CMP027,863.77,-0.2641,-228.09,2011-12-03,6,Regular
15774.0,69,1,270.8,50-100,0-5,0-2000,CMP030,753.44,-0.6406,-482.64,2011-10-01,69,Regular
15775.0,245,1,104.9,200-250,0-5,0-2000,CMP036,1302.05,-0.9194,-1197.15,2011-04-08,245,Ocasional
15776.0,133,1,241.62,100-150,0-5,0-2000,CMP018,643.37,-0.6244,-401.75,2011-07-29,133,Regular
15777.0,241,4,1047.11,200-250,0-5,0-2000,CMP009,327.94,2.193,719.17,2011-04-12,241,Ocasional
15780.0,184,3,475.28,150-200,0-5,0-2000,CMP021,690.41,-0.3116,-215.13,2011-06-08,184,Ocasional
15781.0,25,3,345.46000000000004,0-50,0-5,0-2000,CMP008,409.05,-0.1555,-63.59,2011-11-14,25,Regular
15782.0,10,3,2614.74,0-50,0-5,2000-4000,CMP030,753.44,2.4704,1861.3,2011-11-29,10,Regular
15783.0,11,1,246.3,0-50,0-5,0-2000,CMP011,150.3,0.6387,96.0,2011-11-28,11,Regular
15785.0,33,5,2328.9700000000003,0-50,5-10,2000-4000,CMP007,161.77,13.3968,2167.2,2011-11-06,33,Regular
15786.0,46,3,4919.0,0-50,0-5,4000-6000,CMP028,1090.24,3.5119,3828.76,2011-10-24,46,Regular
15787.0,26,3,933.26,0-50,0-5,0-2000,CMP009,327.94,1.8458,605.32,2011-11-13,26,Regular
15789.0,358,1,351.3,350-400,0-5,0-2000,CMP032,842.78,-0.5832,-491.48,2010-12-16,358,Ocasional
15790.0,10,1,218.75,0-50,0-5,0-2000,CMP044,2078.39,-0.8948,-1859.64,2011-11-29,10,Regular
15791.0,44,2,1612.69,0-50,0-5,0-2000,CMP007,161.77,8.969,1450.92,2011-10-26,44,Regular
15793.0,15,3,965.61,0-50,0-5,0-2000,CMP044,2078.39,-0.5354,-1112.78,2011-11-24,15,Regular
15795.0,150,1,610.01,150-200,0-5,0-2000,CMP023,517.75,0.1782,92.26,2011-07-12,150,Ocasional
15796.0,1,8,2707.61,0-50,5-10,2000-4000,CMP026,1285.33,1.1065,1422.28,2011-12-08,1,Regular
15797.0,113,3,2192.4,100-150,0-5,2000-4000,CMP008,409.05,4.3597,1783.35,2011-08-18,113,Regular
15799.0,76,3,884.14,50-100,0-5,0-2000,CMP022,435.33,1.031,448.81,2011-09-24,76,Regular
15800.0,107,2,696.89,100-150,0-5,0-2000,CMP031,1157.44,-0.3979,-460.55,2011-08-24,107,Regular
15801.0,46,3,1063.95,0-50,0-5,0-2000,CMP028,1090.24,-0.0241,-26.29,2011-10-24,46,Regular
15803.0,51,1,415.8200000000001,50-100,0-5,0-2000,CMP005,191.74,1.1687,224.08,2011-10-19,51,Regular
15804.0,1,13,4206.39,0-50,10-15,4000-6000,CMP007,161.77,25.0023,4044.62,2011-12-08,1,Engajado
15805.0,23,17,5488.18,0-50,15-20,4000-6000,CMP029,1146.55,3.7867,4341.63,2011-11-16,23,Engajado
15806.0,46,3,784.58,0-50,0-5,0-2000,CMP015,458.19,0.7123,326.39,2011-10-24,46,Regular
15807.0,50,3,903.9,50-100,0-5,0-2000,CMP013,809.51,0.1166,94.39,2011-10-20,50,Regular
15808.0,306,4,3651.27,300-350,0-5,2000-4000,CMP025,1048.37,2.4828,2602.9,2011-02-06,306,Ocasional
15809.0,36,5,515.77,0-50,5-10,0-2000,CMP032,842.78,-0.388,-327.01,2011-11-03,36,Regular
15810.0,79,4,1391.98,50-100,0-5,0-2000,CMP042,1705.66,-0.1839,-313.68,2011-09-21,79,Regular
15811.0,22,6,2218.62,0-50,5-10,2000-4000,CMP029,1146.55,0.935,1072.07,2011-11-17,22,Regular
15812.0,107,5,1801.14,100-150,5-10,0-2000,CMP045,1492.9,0.2065,308.24,2011-08-24,107,Regular
15813.0,208,2,1303.91,200-250,0-5,0-2000,CMP016,459.04,1.8405,844.87,2011-05-15,208,Ocasional
15814.0,17,4,1945.33,0-50,0-5,0-2000,CMP032,842.78,1.3082,1102.55,2011-11-22,17,Regular
15815.0,64,5,2100.6,50-100,5-10,2000-4000,CMP022,435.33,3.8253,1665.27,2011-10-06,64,Regular
15819.0,49,4,1905.45,0-50,0-5,0-2000,CMP037,1534.16,0.242,371.29,2011-10-21,49,Regular
15820.0,320,1,206.98,300-350,0-5,0-2000,CMP047,1540.55,-0.8656,-1333.57,2011-01-23,320,Ocasional
15821.0,44,2,570.96,0-50,0-5,0-2000,CMP025,1048.37,-0.4554,-477.41,2011-10-26,44,Regular
15822.0,3,2,885.47,0-50,0-5,0-2000,CMP017,524.29,0.6889,361.18,2011-12-06,3,Regular
15825.0,172,1,532.94,150-200,0-5,0-2000,CMP027,863.77,-0.383,-330.83,2011-06-20,172,Ocasional
15826.0,56,3,1654.31,50-100,0-5,0-2000,CMP012,440.78,2.7531,1213.53,2011-10-14,56,Regular
15827.0,73,14,1836.09,50-100,10-15,0-2000,CMP045,1492.9,0.2299,343.19,2011-09-27,73,Regular
15829.0,99,2,636.14,50-100,0-5,0-2000,CMP022,435.33,0.4613,200.81,2011-09-01,99,Regular
15830.0,38,1,576.0,0-50,0-5,0-2000,CMP020,517.27,0.1135,58.73,2011-11-01,38,Regular
15831.0,58,3,794.64,50-100,0-5,0-2000,CMP025,1048.37,-0.242,-253.73,2011-10-12,58,Regular
15832.0,254,1,836.79,250-300,0-5,0-2000,CMP026,1285.33,-0.349,-448.54,2011-03-30,254,Ocasional
15834.0,70,4,2222.65,50-100,0-5,2000-4000,CMP007,161.77,12.7396,2060.88,2011-09-30,70,Regular
15835.0,44,4,954.09,0-50,0-5,0-2000,CMP028,1090.24,-0.1249,-136.15,2011-10-26,44,Regular
15836.0,50,1,137.37,50-100,0-5,0-2000,CMP007,161.77,-0.1508,-24.4,2011-10-20,50,Regular
15837.0,65,1,391.98,50-100,0-5,0-2000,CMP029,1146.55,-0.6581,-754.57,2011-10-05,65,Regular
15839.0,33,3,1048.49,0-50,0-5,0-2000,CMP032,842.78,0.2441,205.71,2011-11-06,33,Regular
15840.0,59,2,355.56,50-100,0-5,0-2000,CMP032,842.78,-0.5781,-487.22,2011-10-11,59,Regular
15841.0,73,4,1224.06,50-100,0-5,0-2000,CMP024,557.84,1.1943,666.22,2011-09-27,73,Regular
15843.0,304,1,118.95,300-350,0-5,0-2000,CMP014,474.66,-0.7494,-355.71,2011-02-08,304,Ocasional
15844.0,46,1,130.73999999999998,0-50,0-5,0-2000,CMP004,327.19,-0.6004,-196.45,2011-10-24,46,Regular
15845.0,18,8,3711.77,0-50,5-10,2000-4000,CMP041,1369.84,1.7096,2341.93,2011-11-21,18,Regular
15847.0,38,2,389.27,0-50,0-5,0-2000,CMP015,458.19,-0.1504,-68.92,2011-11-01,38,Regular
15850.0,19,2,234.88,0-50,0-5,0-2000,CMP014,474.66,-0.5052,-239.78,2011-11-20,19,Regular
15852.0,187,2,160.71,150-200,0-5,0-2000,CMP008,409.05,-0.6071,-248.34,2011-06-05,187,Ocasional
15853.0,52,1,110.8,50-100,0-5,0-2000,CMP004,327.19,-0.6614,-216.39,2011-10-18,52,Regular
15854.0,4,12,2969.12,0-50,10-15,2000-4000,CMP037,1534.16,0.9353,1434.96,2011-12-05,4,Engajado
15855.0,137,5,712.24,100-150,5-10,0-2000,CMP006,191.74,2.7146,520.5,2011-07-25,137,Regular
15856.0,4,27,16142.38,0-50,25-30,10000-12000,CMP040,1656.14,8.747,14486.24,2011-12-05,4,Engajado
15857.0,19,1,297.0,0-50,0-5,0-2000,CMP009,327.94,-0.0943,-30.94,2011-11-20,19,Regular
15858.0,16,5,1427.57,0-50,5-10,0-2000,CMP001,258.61,4.5202,1168.96,2011-11-23,16,Regular
15860.0,41,8,965.16,0-50,5-10,0-2000,CMP022,435.33,1.2171,529.83,2011-10-29,41,Regular
15861.0,12,8,3146.92,0-50,5-10,2000-4000,CMP005,191.74,15.4124,2955.18,2011-11-27,12,Regular
15862.0,8,4,832.88,0-50,0-5,0-2000,CMP015,458.19,0.8178,374.69,2011-12-01,8,Regular
15863.0,26,2,68.84,0-50,0-5,0-2000,CMP025,1048.37,-0.9343,-979.53,2011-11-13,26,Regular
15864.0,22,6,1936.32,0-50,5-10,0-2000,CMP007,161.77,10.9696,1774.55,2011-11-17,22,Regular
15865.0,41,3,895.13,0-50,0-5,0-2000,CMP033,766.84,0.1673,128.29,2011-10-29,41,Regular
15866.0,101,1,211.89,100-150,0-5,0-2000,CMP001,258.61,-0.1807,-46.72,2011-08-30,101,Regular
15867.0,5,15,3803.6,0-50,15-20,2000-4000,CMP024,557.84,5.8184,3245.76,2011-12-04,5,Engajado
15869.0,277,2,149.64,250-300,0-5,0-2000,CMP028,1090.24,-0.8627,-940.6,2011-03-07,277,Ocasional
15870.0,33,1,351.44,0-50,0-5,0-2000,CMP016,459.04,-0.2344,-107.6,2011-11-06,33,Regular
15872.0,15,2,316.25,0-50,0-5,0-2000,CMP009,327.94,-0.0356,-11.69,2011-11-24,15,Regular
15874.0,64,7,4405.88,50-100,5-10,4000-6000,CMP028,1090.24,3.0412,3315.64,2011-10-06,64,Regular
15877.0,2,2,490.33,0-50,0-5,0-2000,CMP014,474.66,0.033,15.67,2011-12-07,2,Regular
15880.0,369,1,329.03,350-400,0-5,0-2000,CMP033,766.84,-0.5709,-437.81,2010-12-05,369,Ocasional
15881.0,312,5,501.39,300-350,5-10,0-2000,CMP016,459.04,0.0923,42.35,2011-01-31,312,Ocasional
15882.0,199,4,514.08,150-200,0-5,0-2000,CMP031,1157.44,-0.5558,-643.36,2011-05-24,199,Ocasional
15883.0,2,2,396.48,0-50,0-5,0-2000,CMP038,1347.91,-0.7059,-951.43,2011-12-07,2,Regular
15885.0,93,1,349.35,50-100,0-5,0-2000,CMP020,517.27,-0.3246,-167.92,2011-09-07,93,Regular
15886.0,60,1,181.09,50-100,0-5,0-2000,CMP041,1369.84,-0.8678,-1188.75,2011-10-10,60,Regular
15888.0,81,1,162.64,50-100,0-5,0-2000,CMP011,150.3,0.0821,12.34,2011-09-19,81,Regular
15889.0,157,2,400.77,150-200,0-5,0-2000,CMP045,1492.9,-0.7315,-1092.13,2011-07-05,157,Ocasional
15891.0,227,1,509.13,200-250,0-5,0-2000,CMP009,327.94,0.5525,181.19,2011-04-26,227,Ocasional
15894.0,253,2,257.6,250-300,0-5,0-2000,CMP023,517.75,-0.5025,-260.15,2011-03-31,253,Ocasional
15895.0,150,1,179.17,150-200,0-5,0-2000,CMP014,474.66,-0.6225,-295.49,2011-07-12,150,Ocasional
15897.0,194,2,208.59,150-200,0-5,0-2000,CMP011,150.3,0.3878,58.29,2011-05-29,194,Ocasional
15898.0,1,5,1383.83,0-50,5-10,0-2000,CMP026,1285.33,0.0766,98.5,2011-12-08,1,Regular
15899.0,369,1,56.25,350-400,0-5,0-2000,CMP025,1048.37,-0.9463,-992.12,2010-12-05,369,Ocasional
15900.0,24,1,337.28000000000003,0-50,0-5,0-2000,CMP001,258.61,0.3042,78.67,2011-11-15,24,Regular
15901.0,17,3,349.75,0-50,0-5,0-2000,CMP011,150.3,1.327,199.45,2011-11-22,17,Regular
15903.0,10,7,5126.76,0-50,5-10,4000-6000,CMP039,1875.82,1.7331,3250.94,2011-11-29,10,Regular
15904.0,8,1,164.68,0-50,0-5,0-2000,CMP022,435.33,-0.6217,-270.65,2011-12-01,8,Regular
15906.0,20,7,1567.69,0-50,5-10,0-2000,CMP045,1492.9,0.0501,74.79,2011-11-19,20,Regular
15907.0,4,3,881.87,0-50,0-5,0-2000,CMP030,753.44,0.1705,128.43,2011-12-05,4,Regular
15909.0,174,1,191.94,150-200,0-5,0-2000,CMP045,1492.9,-0.8714,-1300.96,2011-06-18,174,Ocasional
15910.0,1,8,1228.88,0-50,5-10,0-2000,CMP028,1090.24,0.1272,138.64,2011-12-08,1,Regular
15912.0,178,2,264.62,150-200,0-5,0-2000,CMP008,409.05,-0.3531,-144.43,2011-06-14,178,Ocasional
15916.0,16,8,1502.86,0-50,5-10,0-2000,CMP009,327.94,3.5827,1174.92,2011-11-23,16,Regular
15917.0,248,1,123.1,200-250,0-5,0-2000,CMP031,1157.44,-0.8936,-1034.34,2011-04-05,248,Ocasional
15918.0,191,2,334.23,150-200,0-5,0-2000,CMP026,1285.33,-0.74,-951.1,2011-06-01,191,Ocasional
15919.0,20,2,525.69,0-50,0-5,0-2000,CMP005,191.74,1.7417,333.95,2011-11-19,20,Regular
15920.0,154,3,163.55,150-200,0-5,0-2000,CMP010,360.67,-0.5465,-197.12,2011-07-08,154,Ocasional
15921.0,173,1,323.03000000000003,150-200,0-5,0-2000,CMP044,2078.39,-0.8446,-1755.36,2011-06-19,173,Ocasional
15922.0,373,1,369.5,350-400,0-5,0-2000,CMP022,435.33,-0.1512,-65.83,2010-12-01,373,Ocasional
15923.0,373,1,127.08,350-400,0-5,0-2000,CMP012,440.78,-0.7117,-313.7,2010-12-01,373,Ocasional
15925.0,194,1,207.15,150-200,0-5,0-2000,CMP013,809.51,-0.7441,-602.36,2011-05-29,194,Ocasional
15930.0,67,1,426.63,50-100,0-5,0-2000,CMP013,809.51,-0.473,-382.88,2011-10-03,67,Regular
15932.0,4,8,2495.87,0-50,5-10,2000-4000,CMP028,1090.24,1.2893,1405.63,2011-12-05,4,Regular
15933.0,21,3,1107.46,0-50,0-5,0-2000,CMP018,643.37,0.7213,464.09,2011-11-18,21,Regular
15935.0,239,1,108.04,200-250,0-5,0-2000,CMP002,434.92,-0.7516,-326.88,2011-04-14,239,Ocasional
15937.0,64,1,145.35000000000002,50-100,0-5,0-2000,CMP030,753.44,-0.8071,-608.09,2011-10-06,64,Regular
15938.0,112,5,404.58,100-150,5-10,0-2000,CMP019,593.24,-0.318,-188.66,2011-08-19,112,Regular
15939.0,90,14,6100.01,50-100,10-15,6000-8000,CMP043,1290.94,3.7252,4809.07,2011-09-10,90,Engajado
15940.0,311,1,35.8,300-350,0-5,0-2000,CMP037,1534.16,-0.9767,-1498.36,2011-02-01,311,Ocasional
15942.0,134,1,337.44,100-150,0-5,0-2000,CMP013,809.51,-0.5832,-472.07,2011-07-28,134,Regular
15944.0,277,1,325.1,250-300,0-5,0-2000,CMP027,863.77,-0.6236,-538.67,2011-03-07,277,Ocasional
15945.0,365,1,181.0,350-400,0-5,0-2000,CMP013,809.51,-0.7764,-628.51,2010-12-09,365,Ocasional
15947.0,83,1,1708.24,50-100,0-5,0-2000,CMP045,1492.9,0.1442,215.34,2011-09-17,83,Regular
15948.0,8,2,955.24,0-50,0-5,0-2000,CMP013,809.51,0.18,145.73,2011-12-01,8,Regular
15949.0,17,2,364.72,0-50,0-5,0-2000,CMP028,1090.24,-0.6655,-725.52,2011-11-22,17,Regular
15950.0,32,4,1744.71,0-50,0-5,0-2000,CMP036,1302.05,0.34,442.66,2011-11-07,32,Regular
15951.0,9,2,708.22,0-50,0-5,0-2000,CMP015,458.19,0.5457,250.03,2011-11-30,9,Regular
15952.0,34,4,781.91,0-50,0-5,0-2000,CMP010,360.67,1.1679,421.24,2011-11-05,34,Regular
15953.0,15,8,1657.28,0-50,5-10,0-2000,CMP037,1534.16,0.0803,123.12,2011-11-24,15,Regular
15955.0,24,14,4416.26,0-50,10-15,4000-6000,CMP040,1656.14,1.6666,2760.12,2011-11-15,24,Engajado
15957.0,32,1,428.89,0-50,0-5,0-2000,CMP016,459.04,-0.0657,-30.15,2011-11-07,32,Regular
15958.0,74,1,104.35,50-100,0-5,0-2000,CMP020,517.27,-0.7983,-412.92,2011-09-26,74,Regular
15963.0,20,2,470.76,0-50,0-5,0-2000,CMP018,643.37,-0.2683,-172.61,2011-11-19,20,Regular
15965.0,17,4,808.87,0-50,0-5,0-2000,CMP029,1146.55,-0.2945,-337.68,2011-11-22,17,Regular
15967.0,23,2,397.68,0-50,0-5,0-2000,CMP012,440.78,-0.0978,-43.1,2011-11-16,23,Regular
15969.0,3,3,666.1,0-50,0-5,0-2000,CMP038,1347.91,-0.5058,-681.81,2011-12-06,3,Regular
15970.0,304,1,314.1,300-350,0-5,0-2000,CMP015,458.19,-0.3145,-144.09,2011-02-08,304,Ocasional
15971.0,18,12,4194.9,0-50,10-15,4000-6000,CMP028,1090.24,2.8477,3104.66,2011-11-21,18,Engajado
15973.0,367,1,307.82000000000005,350-400,0-5,0-2000,CMP006,191.74,0.6054,116.08,2010-12-07,367,Ocasional
15974.0,39,7,3442.15,0-50,5-10,2000-4000,CMP011,150.3,21.9019,3291.85,2011-10-31,39,Regular
15975.0,84,1,371.01,50-100,0-5,0-2000,CMP022,435.33,-0.1477,-64.32,2011-09-16,84,Regular
15976.0,165,2,427.64,150-200,0-5,0-2000,CMP014,474.66,-0.0991,-47.02,2011-06-27,165,Ocasional
15977.0,17,2,1054.73,0-50,0-5,0-2000,CMP033,766.84,0.3754,287.89,2011-11-22,17,Regular
15978.0,77,1,1098.78,50-100,0-5,0-2000,CMP002,434.92,1.5264,663.86,2011-09-23,77,Regular
15980.0,89,3,2398.86,50-100,0-5,2000-4000,CMP029,1146.55,1.0922,1252.31,2011-09-11,89,Regular
15981.0,25,8,3408.48,0-50,5-10,2000-4000,CMP027,863.77,2.9461,2544.71,2011-11-14,25,Regular
15983.0,22,4,1465.12,0-50,0-5,0-2000,CMP002,434.92,2.3687,1030.2,2011-11-17,22,Regular
15984.0,3,10,2780.63,0-50,10-15,2000-4000,CMP012,440.78,5.3084,2339.85,2011-12-06,3,Regular
15985.0,123,2,1142.42,100-150,0-5,0-2000,CMP019,593.24,0.9257,549.18,2011-08-08,123,Regular
15986.0,30,1,168.12,0-50,0-5,0-2000,CMP014,474.66,-0.6458,-306.54,2011-11-09,30,Regular
15987.0,12,7,1432.77,0-50,5-10,0-2000,CMP019,593.24,1.4152,839.53,2011-11-27,12,Regular
15988.0,19,1,156.78,0-50,0-5,0-2000,CMP015,458.19,-0.6578,-301.41,2011-11-20,19,Regular
15990.0,44,2,792.11,0-50,0-5,0-2000,CMP025,1048.37,-0.2444,-256.26,2011-10-26,44,Regular
15992.0,4,1,41.99,0-50,0-5,0-2000,CMP001,258.61,-0.8376,-216.62,2011-12-05,4,Regular
15993.0,9,7,2768.97,0-50,5-10,2000-4000,CMP031,1157.44,1.3923,1611.53,2011-11-30,9,Regular
15994.0,55,1,414.27,50-100,0-5,0-2000,CMP045,1492.9,-0.7225,-1078.63,2011-10-15,55,Regular
15996.0,88,6,1032.58,50-100,5-10,0-2000,CMP022,435.33,1.3719,597.25,2011-09-12,88,Regular
15998.0,37,5,3080.22,0-50,5-10,2000-4000,CMP038,1347.91,1.2852,1732.31,2011-11-02,37,Regular
16000.0,3,3,12393.7,0-50,0-5,10000-12000,CMP026,1285.33,8.6424,11108.37,2011-12-06,3,Engajado
16003.0,30,5,2735.37,0-50,5-10,2000-4000,CMP041,1369.84,0.9969,1365.53,2011-11-09,30,Regular
16005.0,12,4,578.71,0-50,0-5,0-2000,CMP031,1157.44,-0.5,-578.73,2011-11-27,12,Regular
16006.0,211,1,101.4,200-250,0-5,0-2000,CMP014,474.66,-0.7864,-373.26,2011-05-12,211,Ocasional
16007.0,48,4,1693.81,0-50,0-5,0-2000,CMP048,1728.05,-0.0198,-34.24,2011-10-22,48,Regular
16008.0,24,3,478.78,0-50,0-5,0-2000,CMP010,360.67,0.3275,118.11,2011-11-15,24,Regular
16009.0,22,4,972.11,0-50,0-5,0-2000,CMP002,434.92,1.2351,537.19,2011-11-17,22,Regular
16010.0,246,3,392.4,200-250,0-5,0-2000,CMP030,753.44,-0.4792,-361.04,2011-04-07,246,Ocasional
16011.0,8,16,3352.96,0-50,15-20,2000-4000,CMP042,1705.66,0.9658,1647.3,2011-12-01,8,Engajado
16012.0,35,3,1415.29,0-50,0-5,0-2000,CMP010,360.67,2.9241,1054.62,2011-11-04,35,Regular
16014.0,38,3,646.83,0-50,0-5,0-2000,CMP014,474.66,0.3627,172.17,2011-11-01,38,Regular
16015.0,4,3,704.26,0-50,0-5,0-2000,CMP002,434.92,0.6193,269.34,2011-12-05,4,Regular
16016.0,3,8,1465.51,0-50,5-10,0-2000,CMP015,458.19,2.1985,1007.32,2011-12-06,3,Regular
16017.0,47,1,211.88,0-50,0-5,0-2000,CMP030,753.44,-0.7188,-541.56,2011-10-23,47,Regular
16018.0,39,2,408.9,0-50,0-5,0-2000,CMP022,435.33,-0.0607,-26.43,2011-10-31,39,Regular
16019.0,47,9,3786.24,0-50,5-10,2000-4000,CMP028,1090.24,2.4729,2696.0,2011-10-23,47,Regular
16020.0,17,3,851.01,0-50,0-5,0-2000,CMP018,643.37,0.3227,207.64,2011-11-22,17,Regular
16022.0,260,1,602.63,250-300,0-5,0-2000,CMP001,258.61,1.3303,344.02,2011-03-24,260,Ocasional
16023.0,46,3,719.81,0-50,0-5,0-2000,CMP015,458.19,0.571,261.62,2011-10-24,46,Regular
16024.0,12,1,245.75,0-50,0-5,0-2000,CMP020,517.27,-0.5249,-271.52,2011-11-27,12,Regular
16025.0,30,1,439.66,0-50,0-5,0-2000,CMP046,1856.27,-0.7631,-1416.61,2011-11-09,30,Regular
16026.0,43,1,236.09,0-50,0-5,0-2000,CMP036,1302.05,-0.8187,-1065.96,2011-10-27,43,Regular
16027.0,92,6,934.62,50-100,5-10,0-2000,CMP003,367.99,1.5398,566.63,2011-09-08,92,Regular
16030.0,310,1,331.24,300-350,0-5,0-2000,CMP039,1875.82,-0.8234,-1544.58,2011-02-02,310,Ocasional
16031.0,92,2,547.9,50-100,0-5,0-2000,CMP031,1157.44,-0.5266,-609.54,2011-09-08,92,Regular
16033.0,6,20,8778.82,0-50,20-25,8000-10000,CMP041,1369.84,5.4086,7408.98,2011-12-03,6,Engajado
16034.0,196,3,437.7000000000001,150-200,0-5,0-2000,CMP020,517.27,-0.1538,-79.57,2011-05-27,196,Ocasional
16036.0,87,2,758.9200000000001,50-100,0-5,0-2000,CMP019,593.24,0.2793,165.68,2011-09-13,87,Regular
16037.0,270,3,855.02,250-300,0-5,0-2000,CMP016,459.04,0.8626,395.98,2011-03-14,270,Ocasional
16038.0,8,3,471.78,0-50,0-5,0-2000,CMP007,161.77,1.9164,310.01,2011-12-01,8,Regular
16040.0,65,3,1313.55,50-100,0-5,0-2000,CMP013,809.51,0.6226,504.04,2011-10-05,65,Regular
16041.0,31,3,3166.4,0-50,0-5,2000-4000,CMP024,557.84,4.6762,2608.56,2011-11-08,31,Regular
16042.0,22,5,1177.47,0-50,5-10,0-2000,CMP021,690.41,0.7055,487.06,2011-11-17,22,Regular
16043.0,38,4,773.99,0-50,0-5,0-2000,CMP030,753.44,0.0273,20.55,2011-11-01,38,Regular
16045.0,120,4,1340.7,100-150,0-5,0-2000,CMP021,690.41,0.9419,650.29,2011-08-11,120,Regular
16048.0,373,2,256.44,350-400,0-5,0-2000,CMP002,434.92,-0.4104,-178.48,2010-12-01,373,Ocasional
16049.0,40,3,1074.81,0-50,0-5,0-2000,CMP044,2078.39,-0.4829,-1003.58,2011-10-30,40,Regular
16050.0,174,1,137.9,150-200,0-5,0-2000,CMP044,2078.39,-0.9337,-1940.49,2011-06-18,174,Ocasional
16052.0,54,1,362.06,50-100,0-5,0-2000,CMP031,1157.44,-0.6872,-795.38,2011-10-16,54,Regular
16053.0,33,2,1511.95,0-50,0-5,0-2000,CMP048,1728.05,-0.1251,-216.1,2011-11-06,33,Regular
16054.0,145,1,783.9,100-150,0-5,0-2000,CMP023,517.75,0.5141,266.15,2011-07-17,145,Ocasional
16055.0,221,1,134.8,200-250,0-5,0-2000,CMP046,1856.27,-0.9274,-1721.47,2011-05-02,221,Ocasional
16056.0,45,1,650.75,0-50,0-5,0-2000,CMP008,409.05,0.5909,241.7,2011-10-25,45,Regular
16057.0,16,7,2263.12,0-50,5-10,2000-4000,CMP028,1090.24,1.0758,1172.88,2011-11-23,16,Regular
16059.0,66,6,1453.16,50-100,5-10,0-2000,CMP013,809.51,0.7951,643.65,2011-10-04,66,Regular
16062.0,10,4,1153.62,0-50,0-5,0-2000,CMP012,440.78,1.6172,712.84,2011-11-29,10,Regular
16063.0,260,1,335.32,250-300,0-5,0-2000,CMP010,360.67,-0.0703,-25.35,2011-03-24,260,Ocasional
16065.0,365,1,367.14,350-400,0-5,0-2000,CMP026,1285.33,-0.7144,-918.19,2010-12-09,365,Ocasional
16066.0,17,5,1521.04,0-50,5-10,0-2000,CMP031,1157.44,0.3141,363.6,2011-11-22,17,Regular
16070.0,22,2,852.15,0-50,0-5,0-2000,CMP024,557.84,0.5276,294.31,2011-11-17,22,Regular
16071.0,45,1,326.24,0-50,0-5,0-2000,CMP011,150.3,1.1706,175.94,2011-10-25,45,Regular
16072.0,288,1,584.3199999999999,250-300,0-5,0-2000,CMP032,842.78,-0.3067,-258.46,2011-02-24,288,Ocasional
16073.0,297,1,122.4,250-300,0-5,0-2000,CMP019,593.24,-0.7937,-470.84,2011-02-15,297,Ocasional
16076.0,3,10,2234.73,0-50,10-15,2000-4000,CMP029,1146.55,0.9491,1088.18,2011-12-06,3,Regular
16078.0,284,1,79.2,250-300,0-5,0-2000,CMP022,435.33,-0.8181,-356.13,2011-02-28,284,Ocasional
16079.0,17,3,1352.0,0-50,0-5,0-2000,CMP014,474.66,1.8484,877.34,2011-11-22,17,Regular
16080.0,82,2,217.16,50-100,0-5,0-2000,CMP010,360.67,-0.3979,-143.51,2011-09-18,82,Regular
16081.0,56,5,2799.42,50-100,5-10,2000-4000,CMP046,1856.27,0.5081,943.15,2011-10-14,56,Regular
16083.0,101,2,1317.62,100-150,0-5,0-2000,CMP015,458.19,1.8757,859.43,2011-08-30,101,Regular
16084.0,299,1,436.18,250-300,0-5,0-2000,CMP021,690.41,-0.3682,-254.23,2011-02-13,299,Ocasional
16085.0,23,5,981.51,0-50,5-10,0-2000,CMP038,1347.91,-0.2718,-366.4,2011-11-16,23,Regular
16086.0,59,5,1121.39,50-100,5-10,0-2000,CMP028,1090.24,0.0286,31.15,2011-10-11,59,Regular
16091.0,155,2,315.06,150-200,0-5,0-2000,CMP006,191.74,0.6432,123.32,2011-07-07,155,Ocasional
16092.0,115,3,817.86,100-150,0-5,0-2000,CMP011,150.3,4.4415,667.56,2011-08-16,115,Regular
16093.0,107,1,17.0,100-150,0-5,0-2000,CMP001,258.61,-0.9343,-241.61,2011-08-24,107,Regular
16094.0,12,4,1078.23,0-50,0-5,0-2000,CMP026,1285.33,-0.1611,-207.1,2011-11-27,12,Regular
16096.0,264,1,320.62,250-300,0-5,0-2000,CMP020,517.27,-0.3802,-196.65,2011-03-20,264,Ocasional
16097.0,240,1,185.05,200-250,0-5,0-2000,CMP004,327.19,-0.4344,-142.14,2011-04-13,240,Ocasional
16098.0,88,7,2005.63,50-100,5-10,2000-4000,CMP047,1540.55,0.3019,465.08,2011-09-12,88,Regular
16099.0,50,3,731.9,50-100,0-5,0-2000,CMP023,517.75,0.4136,214.15,2011-10-20,50,Regular
16101.0,71,1,1290.7,50-100,0-5,0-2000,CMP014,474.66,1.7192,816.04,2011-09-29,71,Regular
16102.0,42,3,1842.14,0-50,0-5,0-2000,CMP033,766.84,1.4022,1075.3,2011-10-28,42,Regular
16103.0,7,6,1429.64,0-50,5-10,0-2000,CMP028,1090.24,0.3113,339.4,2011-12-02,7,Regular
16104.0,62,1,298.21,50-100,0-5,0-2000,CMP003,367.99,-0.1896,-69.78,2011-10-08,62,Regular
16105.0,249,1,336.96,200-250,0-5,0-2000,CMP015,458.19,-0.2646,-121.23,2011-04-04,249,Ocasional
16106.0,66,1,108.38,50-100,0-5,0-2000,CMP033,766.84,-0.8587,-658.46,2011-10-04,66,Regular
16107.0,18,7,3204.1600000000003,0-50,5-10,2000-4000,CMP031,1157.44,1.7683,2046.72,2011-11-21,18,Regular
16108.0,85,1,842.5,50-100,0-5,0-2000,CMP023,517.75,0.6272,324.75,2011-09-15,85,Regular
16109.0,219,2,611.88,200-250,0-5,0-2000,CMP020,517.27,0.1829,94.61,2011-05-04,219,Ocasional
16110.0,45,3,1320.95,0-50,0-5,0-2000,CMP005,191.74,5.8893,1129.21,2011-10-25,45,Regular
16112.0,143,4,195.74,100-150,0-5,0-2000,CMP005,191.74,0.0209,4.0,2011-07-19,143,Regular
16113.0,183,1,161.38,150-200,0-5,0-2000,CMP012,440.78,-0.6339,-279.4,2011-06-09,183,Ocasional
16114.0,171,1,135.75000000000003,150-200,0-5,0-2000,CMP006,191.74,-0.292,-55.99,2011-06-21,171,Ocasional
16115.0,10,8,1660.88,0-50,5-10,0-2000,CMP005,191.74,7.6621,1469.14,2011-11-29,10,Regular
16116.0,212,1,612.78,200-250,0-5,0-2000,CMP033,766.84,-0.2009,-154.06,2011-05-11,212,Ocasional
16117.0,190,1,232.21,150-200,0-5,0-2000,CMP047,1540.55,-0.8493,-1308.34,2011-06-02,190,Ocasional
16119.0,8,2,423.36,0-50,0-5,0-2000,CMP031,1157.44,-0.6342,-734.08,2011-12-01,8,Regular
16120.0,59,4,1309.14,50-100,0-5,0-2000,CMP034,1403.19,-0.067,-94.05,2011-10-11,59,Regular
16121.0,57,2,854.66,50-100,0-5,0-2000,CMP014,474.66,0.8006,380.0,2011-10-13,57,Regular
16122.0,73,4,684.42,50-100,0-5,0-2000,CMP045,1492.9,-0.5416,-808.48,2011-09-27,73,Regular
16123.0,52,1,307.78000000000003,50-100,0-5,0-2000,CMP012,440.78,-0.3017,-133.0,2011-10-18,52,Regular
16124.0,317,1,249.0,300-350,0-5,0-2000,CMP045,1492.9,-0.8332,-1243.9,2011-01-26,317,Ocasional
16125.0,367,1,289.35,350-400,0-5,0-2000,CMP048,1728.05,-0.8326,-1438.7,2010-12-07,367,Ocasional
16126.0,29,4,6287.77,0-50,0-5,6000-8000,CMP039,1875.82,2.352,4411.95,2011-11-10,29,Regular
16127.0,39,1,656.25,0-50,0-5,0-2000,CMP047,1540.55,-0.574,-884.3,2011-10-31,39,Regular
16128.0,18,5,1880.22,0-50,5-10,0-2000,CMP035,1415.25,0.3285,464.97,2011-11-21,18,Regular
16131.0,52,6,3506.54,50-100,5-10,2000-4000,CMP025,1048.37,2.3448,2458.17,2011-10-18,52,Regular
16133.0,4,33,14589.04,0-50,,10000-12000,CMP030,753.44,18.3632,13835.6,2011-12-05,4,Engajado
16134.0,22,2,618.09,0-50,0-5,0-2000,CMP025,1048.37,-0.4104,-430.28,2011-11-17,22,Regular
16135.0,263,1,517.55,250-300,0-5,0-2000,CMP008,409.05,0.2652,108.5,2011-03-21,263,Ocasional
16136.0,60,3,709.38,50-100,0-5,0-2000,CMP026,1285.33,-0.4481,-575.95,2011-10-10,60,Regular
16139.0,19,3,635.4100000000001,0-50,0-5,0-2000,CMP047,1540.55,-0.5875,-905.14,2011-11-20,19,Regular
16140.0,66,2,725.1800000000001,50-100,0-5,0-2000,CMP012,440.78,0.6452,284.4,2011-10-04,66,Regular
16141.0,88,1,620.4,50-100,0-5,0-2000,CMP031,1157.44,-0.464,-537.04,2011-09-12,88,Regular
16142.0,250,1,535.34,250-300,0-5,0-2000,CMP040,1656.14,-0.6768,-1120.8,2011-04-03,250,Ocasional
16143.0,3,6,2424.94,0-50,5-10,2000-4000,CMP047,1540.55,0.5741,884.39,2011-12-06,3,Regular
16144.0,247,1,175.2,200-250,0-5,0-2000,CMP045,1492.9,-0.8826,-1317.7,2011-04-06,247,Ocasional
16145.0,9,11,3799.49,0-50,10-15,2000-4000,CMP033,766.84,3.9547,3032.65,2011-11-30,9,Engajado
16146.0,157,3,734.13,150-200,0-5,0-2000,CMP046,1856.27,-0.6045,-1122.14,2011-07-05,157,Ocasional
16147.0,134,1,375.0,100-150,0-5,0-2000,CMP030,753.44,-0.5023,-378.44,2011-07-28,134,Regular
16148.0,296,1,76.32000000000001,250-300,0-5,0-2000,CMP005,191.74,-0.602,-115.42,2011-02-16,296,Ocasional
16149.0,5,2,280.52,0-50,0-5,0-2000,CMP013,809.51,-0.6535,-528.99,2011-12-04,5,Regular
16150.0,43,5,2053.02,0-50,5-10,2000-4000,CMP039,1875.82,0.0945,177.2,2011-10-27,43,Regular
16152.0,269,1,1829.04,250-300,0-5,0-2000,CMP024,557.84,2.2788,1271.2,2011-03-15,269,Ocasional
16153.0,50,5,1824.23,50-100,5-10,0-2000,CMP037,1534.16,0.1891,290.07,2011-10-20,50,Regular
16156.0,9,9,3092.04,0-50,5-10,2000-4000,CMP038,1347.91,1.294,1744.13,2011-11-30,9,Regular
16157.0,16,3,656.69,0-50,0-5,0-2000,CMP011,150.3,3.3692,506.39,2011-11-23,16,Regular
16159.0,282,1,348.2,250-300,0-5,0-2000,CMP024,557.84,-0.3758,-209.64,2011-03-02,282,Ocasional
16160.0,65,2,1025.44,50-100,0-5,0-2000,CMP031,1157.44,-0.114,-132.0,2011-10-05,65,Regular
16161.0,2,19,5533.67,0-50,15-20,4000-6000,CMP032,842.78,5.566,4690.89,2011-12-07,2,Engajado
16162.0,252,1,37.4,250-300,0-5,0-2000,CMP001,258.61,-0.8554,-221.21,2011-04-01,252,Ocasional
16163.0,232,2,856.6,200-250,0-5,0-2000,CMP001,258.61,2.3123,597.99,2011-04-21,232,Ocasional
16164.0,17,3,822.48,0-50,0-5,0-2000,CMP017,524.29,0.5688,298.19,2011-11-22,17,Regular
16168.0,11,27,3787.6,0-50,25-30,2000-4000,CMP046,1856.27,1.0404,1931.33,2011-11-28,11,Engajado
16169.0,8,4,1822.97,0-50,0-5,0-2000,CMP022,435.33,3.1876,1387.64,2011-12-01,8,Regular
16170.0,51,6,1885.05,50-100,5-10,0-2000,CMP037,1534.16,0.2287,350.89,2011-10-19,51,Regular
16171.0,59,1,73.19999999999999,50-100,0-5,0-2000,CMP006,191.74,-0.6182,-118.54,2011-10-11,59,Regular
16172.0,95,5,1140.21,50-100,5-10,0-2000,CMP016,459.04,1.4839,681.17,2011-09-05,95,Regular
16173.0,16,6,1418.32,0-50,5-10,0-2000,CMP034,1403.19,0.0108,15.13,2011-11-23,16,Regular
16174.0,126,3,1009.55,100-150,0-5,0-2000,CMP029,1146.55,-0.1195,-137.0,2011-08-05,126,Regular
16175.0,94,4,1037.59,50-100,0-5,0-2000,CMP009,327.94,2.164,709.65,2011-09-06,94,Regular
16177.0,50,1,331.95,50-100,0-5,0-2000,CMP020,517.27,-0.3583,-185.32,2011-10-20,50,Regular
16178.0,138,1,197.9,100-150,0-5,0-2000,CMP001,258.61,-0.2348,-60.71,2011-07-24,138,Ocasional
16179.0,61,1,215.83,50-100,0-5,0-2000,CMP013,809.51,-0.7334,-593.68,2011-10-09,61,Regular
16180.0,100,8,10254.18,100-150,5-10,10000-12000,CMP038,1347.91,6.6075,8906.27,2011-08-31,100,Engajado
16181.0,73,1,305.54,50-100,0-5,0-2000,CMP010,360.67,-0.1529,-55.13,2011-09-27,73,Regular
16182.0,72,4,6617.65,50-100,0-5,6000-8000,CMP026,1285.33,4.1486,5332.32,2011-09-28,72,Regular
16183.0,67,1,338.71000000000004,50-100,0-5,0-2000,CMP019,593.24,-0.4291,-254.53,2011-10-03,67,Regular
16184.0,64,6,1158.79,50-100,5-10,0-2000,CMP041,1369.84,-0.1541,-211.05,2011-10-06,64,Regular
16185.0,17,2,529.41,0-50,0-5,0-2000,CMP048,1728.05,-0.6936,-1198.64,2011-11-22,17,Regular
16186.0,23,12,4006.94,0-50,10-15,4000-6000,CMP005,191.74,19.8978,3815.2,2011-11-16,23,Engajado
16187.0,32,15,6911.4400000000005,0-50,15-20,6000-8000,CMP041,1369.84,4.0454,5541.6,2011-11-07,32,Engajado
16188.0,45,4,981.86,0-50,0-5,0-2000,CMP018,643.37,0.5261,338.49,2011-10-25,45,Regular
16189.0,16,2,215.48,0-50,0-5,0-2000,CMP011,150.3,0.4337,65.18,2011-11-23,16,Regular
16190.0,40,1,215.08,0-50,0-5,0-2000,CMP029,1146.55,-0.8124,-931.47,2011-10-30,40,Regular
16191.0,3,13,5180.52,0-50,10-15,4000-6000,CMP046,1856.27,1.7908,3324.25,2011-12-06,3,Engajado
16193.0,237,1,314.45,200-250,0-5,0-2000,CMP044,2078.39,-0.8487,-1763.94,2011-04-16,237,Ocasional
16198.0,75,1,400.68,50-100,0-5,0-2000,CMP024,557.84,-0.2817,-157.16,2011-09-25,75,Regular
16200.0,4,2,1068.87,0-50,0-5,0-2000,CMP017,524.29,1.0387,544.58,2011-12-05,4,Regular
16201.0,3,4,1863.47,0-50,0-5,0-2000,CMP042,1705.66,0.0925,157.81,2011-12-06,3,Regular
16202.0,361,1,365.27,350-400,0-5,0-2000,CMP014,474.66,-0.2305,-109.39,2010-12-13,361,Ocasional
16203.0,59,4,592.9,50-100,0-5,0-2000,CMP024,557.84,0.0628,35.06,2011-10-11,59,Regular
16204.0,23,1,384.18,0-50,0-5,0-2000,CMP017,524.29,-0.2672,-140.11,2011-11-16,23,Regular
16205.0,31,4,751.03,0-50,0-5,0-2000,CMP027,863.77,-0.1305,-112.74,2011-11-08,31,Regular
16206.0,55,4,537.0600000000001,50-100,0-5,0-2000,CMP014,474.66,0.1315,62.4,2011-10-15,55,Regular
16207.0,25,1,394.38,0-50,0-5,0-2000,CMP012,440.78,-0.1053,-46.4,2011-11-14,25,Regular
16208.0,45,2,664.26,0-50,0-5,0-2000,CMP041,1369.84,-0.5151,-705.58,2011-10-25,45,Regular
16209.0,89,5,2262.62,50-100,5-10,2000-4000,CMP010,360.67,5.2734,1901.95,2011-09-11,89,Regular
16210.0,2,17,21076.3,0-50,15-20,10000-12000,CMP033,766.84,26.4846,20309.46,2011-12-07,2,Engajado
16211.0,89,1,547.02,50-100,0-5,0-2000,CMP013,809.51,-0.3243,-262.49,2011-09-11,89,Regular
16212.0,19,2,690.34,0-50,0-5,0-2000,CMP004,327.19,1.1099,363.15,2011-11-20,19,Regular
16213.0,79,1,159.0,50-100,0-5,0-2000,CMP001,258.61,-0.3852,-99.61,2011-09-21,79,Regular
16214.0,171,3,1062.75,150-200,0-5,0-2000,CMP011,150.3,6.0709,912.45,2011-06-21,171,Ocasional
16215.0,81,1,242.35,50-100,0-5,0-2000,CMP038,1347.91,-0.8202,-1105.56,2011-09-19,81,Regular
16216.0,267,1,914.93,250-300,0-5,0-2000,CMP015,458.19,0.9968,456.74,2011-03-17,267,Ocasional
16217.0,235,2,304.25,200-250,0-5,0-2000,CMP044,2078.39,-0.8536,-1774.14,2011-04-18,235,Ocasional
16218.0,30,7,3084.68,0-50,5-10,2000-4000,CMP035,1415.25,1.1796,1669.43,2011-11-09,30,Regular
16221.0,37,3,860.86,0-50,0-5,0-2000,CMP020,517.27,0.6642,343.59,2011-11-02,37,Regular
16222.0,318,1,773.55,300-350,0-5,0-2000,CMP024,557.84,0.3867,215.71,2011-01-25,318,Ocasional
16224.0,57,4,1295.3,50-100,0-5,0-2000,CMP022,435.33,1.9754,859.97,2011-10-13,57,Regular
16225.0,45,5,1096.32,0-50,5-10,0-2000,CMP030,753.44,0.4551,342.88,2011-10-25,45,Regular
16226.0,203,3,255.12,200-250,0-5,0-2000,CMP008,409.05,-0.3763,-153.93,2011-05-20,203,Ocasional
16227.0,225,1,314.22,200-250,0-5,0-2000,CMP017,524.29,-0.4007,-210.07,2011-04-28,225,Ocasional
16229.0,87,2,1010.6,50-100,0-5,0-2000,CMP038,1347.91,-0.2502,-337.31,2011-09-13,87,Regular
16230.0,190,2,542.03,150-200,0-5,0-2000,CMP043,1290.94,-0.5801,-748.91,2011-06-02,190,Ocasional
16232.0,44,4,990.88,0-50,0-5,0-2000,CMP038,1347.91,-0.2649,-357.03,2011-10-26,44,Regular
16233.0,71,3,536.6800000000001,50-100,0-5,0-2000,CMP019,593.24,-0.0953,-56.56,2011-09-29,71,Regular
16235.0,41,4,857.3100000000001,0-50,0-5,0-2000,CMP031,1157.44,-0.2593,-300.13,2011-10-29,41,Regular
16236.0,78,1,432.2,50-100,0-5,0-2000,CMP021,690.41,-0.374,-258.21,2011-09-22,78,Regular
16239.0,57,2,414.2,50-100,0-5,0-2000,CMP022,435.33,-0.0485,-21.13,2011-10-13,57,Regular
16240.0,24,2,3718.8,0-50,0-5,2000-4000,CMP020,517.27,6.1893,3201.53,2011-11-15,24,Regular
16241.0,10,13,2590.31,0-50,10-15,2000-4000,CMP035,1415.25,0.8303,1175.06,2011-11-29,10,Engajado
16242.0,8,7,3579.86,0-50,5-10,2000-4000,CMP018,643.37,4.5642,2936.49,2011-12-01,8,Regular
16243.0,34,2,409.1,0-50,0-5,0-2000,CMP016,459.04,-0.1088,-49.94,2011-11-05,34,Regular
16244.0,212,2,1522.75,200-250,0-5,0-2000,CMP035,1415.25,0.076,107.5,2011-05-11,212,Ocasional
16245.0,24,3,1413.66,0-50,0-5,0-2000,CMP012,440.78,2.2072,972.88,2011-11-15,24,Regular
16247.0,170,1,114.56,150-200,0-5,0-2000,CMP002,434.92,-0.7366,-320.36,2011-06-22,170,Ocasional
16248.0,62,1,152.94,50-100,0-5,0-2000,CMP002,434.92,-0.6483,-281.98,2011-10-08,62,Regular
16249.0,53,5,1800.07,50-100,5-10,0-2000,CMP047,1540.55,0.1685,259.52,2011-10-17,53,Regular
16250.0,261,2,389.44,250-300,0-5,0-2000,CMP022,435.33,-0.1054,-45.89,2011-03-23,261,Ocasional
16253.0,67,2,3683.86,50-100,0-5,2000-4000,CMP030,753.44,3.8894,2930.42,2011-10-03,67,Regular
16255.0,17,8,2619.91,0-50,5-10,2000-4000,CMP042,1705.66,0.536,914.25,2011-11-22,17,Regular
16256.0,267,1,752.4300000000001,250-300,0-5,0-2000,CMP033,766.84,-0.0188,-14.41,2011-03-17,267,Ocasional
16257.0,177,1,21.95,150-200,0-5,0-2000,CMP009,327.94,-0.9331,-305.99,2011-06-15,177,Ocasional
16258.0,45,5,5203.51,0-50,5-10,4000-6000,CMP039,1875.82,1.774,3327.69,2011-10-25,45,Regular
16260.0,51,1,1035.45,50-100,0-5,0-2000,CMP031,1157.44,-0.1054,-121.99,2011-10-19,51,Regular
16261.0,17,4,728.54,0-50,0-5,0-2000,CMP027,863.77,-0.1566,-135.23,2011-11-22,17,Regular
16265.0,9,9,5347.0,0-50,5-10,4000-6000,CMP015,458.19,10.6698,4888.81,2011-11-30,9,Engajado
16266.0,74,7,861.89,50-100,5-10,0-2000,CMP037,1534.16,-0.4382,-672.27,2011-09-26,74,Regular
16268.0,71,2,617.65,50-100,0-5,0-2000,CMP023,517.75,0.193,99.9,2011-09-29,71,Regular
16270.0,353,1,1141.24,350-400,0-5,0-2000,CMP015,458.19,1.4908,683.05,2010-12-21,353,Ocasional
16271.0,16,4,1389.64,0-50,0-5,0-2000,CMP019,593.24,1.3425,796.4,2011-11-23,16,Regular
16272.0,117,1,411.7,100-150,0-5,0-2000,CMP004,327.19,0.2583,84.51,2011-08-14,117,Regular
16274.0,373,1,331.55,350-400,0-5,0-2000,CMP010,360.67,-0.0807,-29.12,2010-12-01,373,Ocasional
16275.0,197,1,559.87,150-200,0-5,0-2000,CMP030,753.44,-0.2569,-193.57,2011-05-26,197,Ocasional
16276.0,177,1,810.6,150-200,0-5,0-2000,CMP001,258.61,2.1344,551.99,2011-06-15,177,Ocasional
16278.0,100,1,566.38,100-150,0-5,0-2000,CMP019,593.24,-0.0453,-26.86,2011-08-31,100,Regular
16279.0,21,3,1502.78,0-50,0-5,0-2000,CMP023,517.75,1.9025,985.03,2011-11-18,21,Regular
16281.0,72,1,2062.06,50-100,0-5,2000-4000,CMP006,191.74,9.7545,1870.32,2011-09-28,72,Regular
16282.0,340,1,168.3,300-350,0-5,0-2000,CMP046,1856.27,-0.9093,-1687.97,2011-01-03,340,Ocasional
16283.0,6,5,1569.11,0-50,5-10,0-2000,CMP013,809.51,0.9383,759.6,2011-12-03,6,Regular
16284.0,31,2,812.68,0-50,0-5,0-2000,CMP016,459.04,0.7704,353.64,2011-11-08,31,Regular
16287.0,170,1,142.5,150-200,0-5,0-2000,CMP009,327.94,-0.5655,-185.44,2011-06-22,170,Ocasional
16292.0,122,1,302.25,100-150,0-5,0-2000,CMP013,809.51,-0.6266,-507.26,2011-08-09,122,Regular
16293.0,22,10,2248.99,0-50,10-15,2000-4000,CMP001,258.61,7.6965,1990.38,2011-11-17,22,Regular
16295.0,10,4,1328.55,0-50,0-5,0-2000,CMP029,1146.55,0.1587,182.0,2011-11-29,10,Regular
16297.0,269,1,301.9,250-300,0-5,0-2000,CMP046,1856.27,-0.8374,-1554.37,2011-03-15,269,Ocasional
16298.0,23,3,598.2,0-50,0-5,0-2000,CMP013,809.51,-0.261,-211.31,2011-11-16,23,Regular
16302.0,127,1,233.22,100-150,0-5,0-2000,CMP022,435.33,-0.4643,-202.11,2011-08-04,127,Regular
16303.0,26,3,5360.63,0-50,0-5,4000-6000,CMP040,1656.14,2.2368,3704.49,2011-11-13,26,Regular
16305.0,139,1,361.22,100-150,0-5,0-2000,CMP034,1403.19,-0.7426,-1041.97,2011-07-23,139,Ocasional
16306.0,214,6,632.27,200-250,5-10,0-2000,CMP019,593.24,0.0658,39.03,2011-05-09,214,Ocasional
16308.0,38,4,2560.0,0-50,0-5,2000-4000,CMP026,1285.33,0.9917,1274.67,2011-11-01,38,Regular
16309.0,106,2,706.57,100-150,0-5,0-2000,CMP016,459.04,0.5392,247.53,2011-08-25,106,Regular
16311.0,18,2,616.26,0-50,0-5,0-2000,CMP029,1146.55,-0.4625,-530.29,2011-11-21,18,Regular
16313.0,3,2,274.15000000000003,0-50,0-5,0-2000,CMP034,1403.19,-0.8046,-1129.04,2011-12-06,3,Regular
16315.0,331,1,226.37,300-350,0-5,0-2000,CMP005,191.74,0.1806,34.63,2011-01-12,331,Ocasional
16316.0,64,8,2938.91,50-100,5-10,2000-4000,CMP028,1090.24,1.6957,1848.67,2011-10-06,64,Regular
16317.0,120,3,1341.65,100-150,0-5,0-2000,CMP039,1875.82,-0.2848,-534.17,2011-08-11,120,Regular
16318.0,35,1,328.15000000000003,0-50,0-5,0-2000,CMP032,842.78,-0.6106,-514.63,2011-11-04,35,Regular
16319.0,218,1,404.4,200-250,0-5,0-2000,CMP047,1540.55,-0.7375,-1136.15,2011-05-05,218,Ocasional
16320.0,172,2,1038.46,150-200,0-5,0-2000,CMP030,753.44,0.3783,285.02,2011-06-20,172,Ocasional
16321.0,72,5,373.65,50-100,5-10,0-2000,CMP018,643.37,-0.4192,-269.72,2011-09-28,72,Regular
16322.0,1,2,326.75,0-50,0-5,0-2000,CMP025,1048.37,-0.6883,-721.62,2011-12-08,1,Regular
16323.0,196,1,207.50000000000003,150-200,0-5,0-2000,CMP021,690.41,-0.6995,-482.91,2011-05-27,196,Ocasional
16324.0,128,3,408.59,100-150,0-5,0-2000,CMP008,409.05,-0.0011,-0.46,2011-08-03,128,Regular
16325.0,47,3,594.24,0-50,0-5,0-2000,CMP023,517.75,0.1477,76.49,2011-10-23,47,Regular
16326.0,6,14,3039.2200000000003,0-50,10-15,2000-4000,CMP039,1875.82,0.6202,1163.4,2011-12-03,6,Engajado
16327.0,14,6,3789.67,0-50,5-10,2000-4000,CMP017,524.29,6.2282,3265.38,2011-11-25,14,Regular
16330.0,18,3,251.91,0-50,0-5,0-2000,CMP031,1157.44,-0.7824,-905.53,2011-11-21,18,Regular
16332.0,28,7,1582.8,0-50,5-10,0-2000,CMP035,1415.25,0.1184,167.55,2011-11-11,28,Regular
16337.0,37,1,151.05,0-50,0-5,0-2000,CMP045,1492.9,-0.8988,-1341.85,2011-11-02,37,Regular
16338.0,157,1,214.8,150-200,0-5,0-2000,CMP002,434.92,-0.5061,-220.12,2011-07-05,157,Ocasional
16339.0,284,1,94.05,250-300,0-5,0-2000,CMP008,409.05,-0.7701,-315.0,2011-02-28,284,Ocasional
16340.0,107,1,534.31,100-150,0-5,0-2000,CMP025,1048.37,-0.4903,-514.06,2011-08-24,107,Regular
16341.0,25,4,1971.87,0-50,0-5,0-2000,CMP026,1285.33,0.5341,686.54,2011-11-14,25,Regular
16342.0,75,4,322.41,50-100,0-5,0-2000,CMP029,1146.55,-0.7188,-824.14,2011-09-25,75,Regular
16343.0,16,2,328.58,0-50,0-5,0-2000,CMP030,753.44,-0.5639,-424.86,2011-11-23,16,Regular
16344.0,158,1,101.1,150-200,0-5,0-2000,CMP003,367.99,-0.7253,-266.89,2011-07-04,158,Ocasional
16345.0,44,1,565.46,0-50,0-5,0-2000,CMP022,435.33,0.2989,130.13,2011-10-26,44,Regular
16347.0,11,2,847.45,0-50,0-5,0-2000,CMP022,435.33,0.9467,412.12,2011-11-28,11,Regular
16348.0,32,7,1413.31,0-50,5-10,0-2000,CMP018,643.37,1.1967,769.94,2011-11-07,32,Regular
16349.0,291,1,53.5,250-300,0-5,0-2000,CMP043,1290.94,-0.9586,-1237.44,2011-02-21,291,Ocasional
16350.0,21,4,1116.47,0-50,0-5,0-2000,CMP032,842.78,0.3247,273.69,2011-11-18,21,Regular
16351.0,333,1,153.9,300-350,0-5,0-2000,CMP024,557.84,-0.7241,-403.94,2011-01-10,333,Ocasional
16352.0,18,2,494.44,0-50,0-5,0-2000,CMP029,1146.55,-0.5688,-652.11,2011-11-21,18,Regular
16353.0,4,23,6675.71,0-50,20-25,6000-8000,CMP031,1157.44,4.7677,5518.27,2011-12-05,4,Engajado
16354.0,63,2,395.8,50-100,0-5,0-2000,CMP041,1369.84,-0.7111,-974.04,2011-10-07,63,Regular
16356.0,198,3,211.77,150-200,0-5,0-2000,CMP024,557.84,-0.6204,-346.07,2011-05-25,198,Ocasional
16357.0,33,3,658.88,0-50,0-5,0-2000,CMP029,1146.55,-0.4253,-487.67,2011-11-06,33,Regular
16358.0,1,4,2027.5,0-50,0-5,2000-4000,CMP044,2078.39,-0.0245,-50.89,2011-12-08,1,Regular
16359.0,7,9,1750.92,0-50,5-10,0-2000,CMP025,1048.37,0.6701,702.55,2011-12-02,7,Regular
16360.0,5,6,3450.41,0-50,5-10,2000-4000,CMP042,1705.66,1.0229,1744.75,2011-12-04,5,Regular
16361.0,10,4,891.21,0-50,0-5,0-2000,CMP012,440.78,1.0219,450.43,2011-11-29,10,Regular
16362.0,32,5,709.99,0-50,5-10,0-2000,CMP017,524.29,0.3542,185.7,2011-11-07,32,Regular
16363.0,53,1,109.36,50-100,0-5,0-2000,CMP009,327.94,-0.6665,-218.58,2011-10-17,53,Regular
16364.0,12,2,705.79,0-50,0-5,0-2000,CMP046,1856.27,-0.6198,-1150.48,2011-11-27,12,Regular
16365.0,18,9,1540.42,0-50,5-10,0-2000,CMP035,1415.25,0.0884,125.17,2011-11-21,18,Regular
16366.0,19,1,327.3,0-50,0-5,0-2000,CMP028,1090.24,-0.6998,-762.94,2011-11-20,19,Regular
16367.0,37,2,800.67,0-50,0-5,0-2000,CMP029,1146.55,-0.3017,-345.88,2011-11-02,37,Regular
16368.0,2,2,479.91,0-50,0-5,0-2000,CMP024,557.84,-0.1397,-77.93,2011-12-07,2,Regular
16369.0,18,3,1543.33,0-50,0-5,0-2000,CMP043,1290.94,0.1955,252.39,2011-11-21,18,Regular
16370.0,82,4,1301.91,50-100,0-5,0-2000,CMP022,435.33,1.9906,866.58,2011-09-18,82,Regular
16372.0,33,2,355.73,0-50,0-5,0-2000,CMP018,643.37,-0.4471,-287.64,2011-11-06,33,Regular
16374.0,66,2,458.78,50-100,0-5,0-2000,CMP011,150.3,2.0524,308.48,2011-10-04,66,Regular
16376.0,9,2,974.96,0-50,0-5,0-2000,CMP031,1157.44,-0.1577,-182.48,2011-11-30,9,Regular
16377.0,267,1,676.2,250-300,0-5,0-2000,CMP029,1146.55,-0.4102,-470.35,2011-03-17,267,Ocasional
16378.0,247,3,362.95,200-250,0-5,0-2000,CMP018,643.37,-0.4359,-280.42,2011-04-06,247,Ocasional
16379.0,4,4,2157.4,0-50,0-5,2000-4000,CMP003,367.99,4.8627,1789.41,2011-12-05,4,Regular
16380.0,61,1,1743.15,50-100,0-5,0-2000,CMP043,1290.94,0.3503,452.21,2011-10-09,61,Regular
16383.0,75,2,643.76,50-100,0-5,0-2000,CMP002,434.92,0.4802,208.84,2011-09-25,75,Regular
16384.0,90,2,584.5,50-100,0-5,0-2000,CMP028,1090.24,-0.4639,-505.74,2011-09-10,90,Regular
16385.0,60,3,554.86,50-100,0-5,0-2000,CMP046,1856.27,-0.7011,-1301.41,2011-10-10,60,Regular
16386.0,29,2,302.57,0-50,0-5,0-2000,CMP020,517.27,-0.4151,-214.7,2011-11-10,29,Regular
16387.0,323,1,94.36,300-350,0-5,0-2000,CMP007,161.77,-0.4167,-67.41,2011-01-20,323,Ocasional
16389.0,53,4,1382.0700000000002,50-100,0-5,0-2000,CMP028,1090.24,0.2677,291.83,2011-10-17,53,Regular
16392.0,270,1,217.89,250-300,0-5,0-2000,CMP034,1403.19,-0.8447,-1185.3,2011-03-14,270,Ocasional
16393.0,2,13,3040.96,0-50,10-15,2000-4000,CMP034,1403.19,1.1672,1637.77,2011-12-07,2,Engajado
16394.0,57,5,1555.34,50-100,5-10,0-2000,CMP045,1492.9,0.0418,62.44,2011-10-13,57,Regular
16395.0,61,5,1482.06,50-100,5-10,0-2000,CMP005,191.74,6.7295,1290.32,2011-10-09,61,Regular
16398.0,154,2,1705.8,150-200,0-5,0-2000,CMP033,766.84,1.2245,938.96,2011-07-08,154,Ocasional
16399.0,19,2,406.22,0-50,0-5,0-2000,CMP029,1146.55,-0.6457,-740.33,2011-11-20,19,Regular
16400.0,95,1,303.93,50-100,0-5,0-2000,CMP035,1415.25,-0.7852,-1111.32,2011-09-05,95,Regular
16401.0,1,12,4098.32,0-50,10-15,4000-6000,CMP018,643.37,5.3701,3454.95,2011-12-08,1,Engajado
16402.0,265,2,293.45,250-300,0-5,0-2000,CMP033,766.84,-0.6173,-473.39,2011-03-19,265,Ocasional
16403.0,312,1,177.5,300-350,0-5,0-2000,CMP015,458.19,-0.6126,-280.69,2011-01-31,312,Ocasional
16404.0,70,1,443.05,50-100,0-5,0-2000,CMP019,593.24,-0.2532,-150.19,2011-09-30,70,Regular
16405.0,302,2,167.25,300-350,0-5,0-2000,CMP004,327.19,-0.4888,-159.94,2011-02-10,302,Ocasional
16406.0,19,1,154.35,0-50,0-5,0-2000,CMP038,1347.91,-0.8855,-1193.56,2011-11-20,19,Regular
16407.0,13,10,2079.68,0-50,10-15,2000-4000,CMP016,459.04,3.5305,1620.64,2011-11-26,13,Regular
16409.0,36,5,2022.98,0-50,5-10,2000-4000,CMP026,1285.33,0.5739,737.65,2011-11-03,36,Regular
16411.0,19,2,211.7,0-50,0-5,0-2000,CMP008,409.05,-0.4825,-197.35,2011-11-20,19,Regular
16412.0,54,1,135.99,50-100,0-5,0-2000,CMP038,1347.91,-0.8991,-1211.92,2011-10-16,54,Regular
16413.0,57,1,262.2,50-100,0-5,0-2000,CMP022,435.33,-0.3977,-173.13,2011-10-13,57,Regular
16414.0,22,2,126.25,0-50,0-5,0-2000,CMP032,842.78,-0.8502,-716.53,2011-11-17,22,Regular
16415.0,44,1,200.27,0-50,0-5,0-2000,CMP007,161.77,0.238,38.5,2011-10-26,44,Regular
16416.0,27,3,1051.4,0-50,0-5,0-2000,CMP026,1285.33,-0.182,-233.93,2011-11-12,27,Regular
16418.0,45,3,631.12,0-50,0-5,0-2000,CMP024,557.84,0.1314,73.28,2011-10-25,45,Regular
16419.0,113,6,958.71,100-150,5-10,0-2000,CMP032,842.78,0.1376,115.93,2011-08-18,113,Regular
16423.0,25,1,346.12,0-50,0-5,0-2000,CMP039,1875.82,-0.8155,-1529.7,2011-11-14,25,Regular
16424.0,191,1,133.56,150-200,0-5,0-2000,CMP001,258.61,-0.4835,-125.05,2011-06-01,191,Ocasional
16425.0,302,1,302.7,300-350,0-5,0-2000,CMP027,863.77,-0.6496,-561.07,2011-02-10,302,Ocasional
16426.0,2,10,1863.76,0-50,10-15,0-2000,CMP005,191.74,8.7202,1672.02,2011-12-07,2,Regular
16427.0,263,2,241.06,250-300,0-5,0-2000,CMP015,458.19,-0.4739,-217.13,2011-03-21,263,Ocasional
16429.0,106,1,284.55,100-150,0-5,0-2000,CMP008,409.05,-0.3044,-124.5,2011-08-25,106,Regular
16430.0,57,1,300.85,50-100,0-5,0-2000,CMP009,327.94,-0.0826,-27.09,2011-10-13,57,Regular
16431.0,213,3,623.28,200-250,0-5,0-2000,CMP017,524.29,0.1888,98.99,2011-05-10,213,Ocasional
16432.0,64,1,287.40000000000003,50-100,0-5,0-2000,CMP018,643.37,-0.5533,-355.97,2011-10-06,64,Regular
16433.0,28,1,184.26,0-50,0-5,0-2000,CMP009,327.94,-0.4381,-143.68,2011-11-11,28,Regular
16434.0,29,7,1511.8,0-50,5-10,0-2000,CMP029,1146.55,0.3186,365.25,2011-11-10,29,Regular
16438.0,6,5,798.35,0-50,5-10,0-2000,CMP019,593.24,0.3457,205.11,2011-12-03,6,Regular
16440.0,8,5,3640.67,0-50,5-10,2000-4000,CMP007,161.77,21.5052,3478.9,2011-12-01,8,Regular
16441.0,67,2,381.2,50-100,0-5,0-2000,CMP031,1157.44,-0.6707,-776.24,2011-10-03,67,Regular
16442.0,2,3,609.3,0-50,0-5,0-2000,CMP015,458.19,0.3298,151.11,2011-12-07,2,Regular
16444.0,46,4,654.67,0-50,0-5,0-2000,CMP020,517.27,0.2656,137.4,2011-10-24,46,Regular
16445.0,34,1,230.51,0-50,0-5,0-2000,CMP023,517.75,-0.5548,-287.24,2011-11-05,34,Regular
16447.0,136,1,255.91,100-150,0-5,0-2000,CMP009,327.94,-0.2196,-72.03,2011-07-26,136,Ocasional
16448.0,198,1,182.99,150-200,0-5,0-2000,CMP002,434.92,-0.5793,-251.93,2011-05-25,198,Ocasional
16449.0,198,2,707.69,150-200,0-5,0-2000,CMP018,643.37,0.1,64.32,2011-05-25,198,Ocasional
16450.0,150,1,311.92,150-200,0-5,0-2000,CMP043,1290.94,-0.7584,-979.02,2011-07-12,150,Ocasional
16451.0,88,1,266.97,50-100,0-5,0-2000,CMP020,517.27,-0.4839,-250.3,2011-09-12,88,Regular
16454.0,64,1,5.9,50-100,0-5,0-2000,CMP022,435.33,-0.9864,-429.43,2011-10-06,64,Regular
16455.0,64,7,1841.18,50-100,5-10,0-2000,CMP037,1534.16,0.2001,307.02,2011-10-06,64,Regular
16456.0,99,5,2158.18,50-100,5-10,2000-4000,CMP020,517.27,3.1723,1640.91,2011-09-01,99,Regular
16457.0,218,1,208.36,200-250,0-5,0-2000,CMP012,440.78,-0.5273,-232.42,2011-05-05,218,Ocasional
16458.0,3,18,3482.74,0-50,15-20,2000-4000,CMP041,1369.84,1.5424,2112.9,2011-12-06,3,Engajado
16460.0,28,3,811.23,0-50,0-5,0-2000,CMP009,327.94,1.4737,483.29,2011-11-11,28,Regular
16461.0,178,1,142.92,150-200,0-5,0-2000,CMP008,409.05,-0.6506,-266.13,2011-06-14,178,Ocasional
16462.0,74,3,136.0,50-100,0-5,0-2000,CMP008,409.05,-0.6675,-273.05,2011-09-26,74,Regular
16463.0,21,4,1422.4,0-50,0-5,0-2000,CMP020,517.27,1.7498,905.13,2011-11-18,21,Regular
16464.0,20,3,1298.66,0-50,0-5,0-2000,CMP047,1540.55,-0.157,-241.89,2011-11-19,20,Regular
16466.0,34,7,1595.96,0-50,5-10,0-2000,CMP007,161.77,8.8656,1434.19,2011-11-05,34,Regular
16468.0,74,1,74.9,50-100,0-5,0-2000,CMP014,474.66,-0.8422,-399.76,2011-09-26,74,Regular
16469.0,24,4,625.42,0-50,0-5,0-2000,CMP012,440.78,0.4189,184.64,2011-11-15,24,Regular
16470.0,52,4,752.77,50-100,0-5,0-2000,CMP046,1856.27,-0.5945,-1103.5,2011-10-18,52,Regular
16471.0,275,1,223.95,250-300,0-5,0-2000,CMP004,327.19,-0.3155,-103.24,2011-03-09,275,Ocasional
16473.0,165,3,316.11,150-200,0-5,0-2000,CMP019,593.24,-0.4671,-277.13,2011-06-27,165,Ocasional
16474.0,7,7,1810.49,0-50,5-10,0-2000,CMP040,1656.14,0.0932,154.35,2011-12-02,7,Regular
16475.0,88,4,544.3,50-100,0-5,0-2000,CMP028,1090.24,-0.5008,-545.94,2011-09-12,88,Regular
16477.0,64,7,2494.46,50-100,5-10,2000-4000,CMP030,753.44,2.3108,1741.02,2011-10-06,64,Regular
16478.0,25,3,331.0,0-50,0-5,0-2000,CMP017,524.29,-0.3687,-193.29,2011-11-14,25,Regular
16479.0,10,2,300.83,0-50,0-5,0-2000,CMP011,150.3,1.0015,150.53,2011-11-29,10,Regular
16480.0,76,1,769.29,50-100,0-5,0-2000,CMP014,474.66,0.6207,294.63,2011-09-24,76,Regular
16482.0,16,1,220.62,0-50,0-5,0-2000,CMP006,191.74,0.1506,28.88,2011-11-23,16,Regular
16483.0,192,1,139.35,150-200,0-5,0-2000,CMP013,809.51,-0.8279,-670.16,2011-05-31,192,Ocasional
16484.0,174,2,404.3,150-200,0-5,0-2000,CMP014,474.66,-0.1482,-70.36,2011-06-18,174,Ocasional
16485.0,77,1,363.65,50-100,0-5,0-2000,CMP015,458.19,-0.2063,-94.54,2011-09-23,77,Regular
16488.0,33,3,498.8,0-50,0-5,0-2000,CMP027,863.77,-0.4225,-364.97,2011-11-06,33,Regular
16491.0,47,1,731.5,0-50,0-5,0-2000,CMP045,1492.9,-0.51,-761.4,2011-10-23,47,Regular
16493.0,80,4,1351.63,50-100,0-5,0-2000,CMP025,1048.37,0.2893,303.26,2011-09-20,80,Regular
16494.0,297,1,826.53,250-300,0-5,0-2000,CMP008,409.05,1.0206,417.48,2011-02-15,297,Ocasional
16495.0,3,3,648.26,0-50,0-5,0-2000,CMP008,409.05,0.5848,239.21,2011-12-06,3,Regular
16496.0,9,3,1599.52,0-50,0-5,0-2000,CMP047,1540.55,0.0383,58.97,2011-11-30,9,Regular
16497.0,50,6,2965.69,50-100,5-10,2000-4000,CMP026,1285.33,1.3073,1680.36,2011-10-20,50,Regular
16498.0,161,2,100.97,150-200,0-5,0-2000,CMP003,367.99,-0.7256,-267.02,2011-07-01,161,Ocasional
16499.0,360,2,365.45,350-400,0-5,0-2000,CMP025,1048.37,-0.6514,-682.92,2010-12-14,360,Ocasional
16500.0,5,6,400.86,0-50,5-10,0-2000,CMP026,1285.33,-0.6881,-884.47,2011-12-04,5,Regular
16503.0,107,4,1431.93,100-150,0-5,0-2000,CMP027,863.77,0.6578,568.16,2011-08-24,107,Regular
16504.0,25,1,465.88,0-50,0-5,0-2000,CMP014,474.66,-0.0185,-8.78,2011-11-14,25,Regular
16505.0,32,1,777.6,0-50,0-5,0-2000,CMP002,434.92,0.7879,342.68,2011-11-07,32,Regular
16506.0,20,2,90.3,0-50,0-5,0-2000,CMP046,1856.27,-0.9514,-1765.97,2011-11-19,20,Regular
16509.0,297,1,363.7000000000001,250-300,0-5,0-2000,CMP014,474.66,-0.2338,-110.96,2011-02-15,297,Ocasional
16510.0,372,1,248.1,350-400,0-5,0-2000,CMP023,517.75,-0.5208,-269.65,2010-12-02,372,Ocasional
16511.0,22,3,916.33,0-50,0-5,0-2000,CMP028,1090.24,-0.1595,-173.91,2011-11-17,22,Regular
16513.0,5,4,874.59,0-50,0-5,0-2000,CMP025,1048.37,-0.1658,-173.78,2011-12-04,5,Regular
16515.0,52,5,1624.14,50-100,5-10,0-2000,CMP027,863.77,0.8803,760.37,2011-10-18,52,Regular
16516.0,30,1,101.7,0-50,0-5,0-2000,CMP008,409.05,-0.7514,-307.35,2011-11-09,30,Regular
16517.0,277,1,162.70000000000002,250-300,0-5,0-2000,CMP016,459.04,-0.6456,-296.34,2011-03-07,277,Ocasional
16518.0,61,2,484.32,50-100,0-5,0-2000,CMP036,1302.05,-0.628,-817.73,2011-10-09,61,Regular
16519.0,25,2,212.98,0-50,0-5,0-2000,CMP044,2078.39,-0.8975,-1865.41,2011-11-14,25,Regular
16520.0,186,3,1046.57,150-200,0-5,0-2000,CMP009,327.94,2.1913,718.63,2011-06-06,186,Ocasional
16523.0,2,21,9418.47,0-50,20-25,8000-10000,CMP015,458.19,19.5558,8960.28,2011-12-07,2,Engajado
16525.0,2,26,13027.45,0-50,25-30,10000-12000,CMP047,1540.55,7.4564,11486.9,2011-12-07,2,Engajado
16526.0,172,1,290.36,150-200,0-5,0-2000,CMP027,863.77,-0.6638,-573.41,2011-06-20,172,Ocasional
16527.0,81,1,228.06,50-100,0-5,0-2000,CMP039,1875.82,-0.8784,-1647.76,2011-09-19,81,Regular
16528.0,4,1,244.41,0-50,0-5,0-2000,CMP006,191.74,0.2747,52.67,2011-12-05,4,Regular
16529.0,190,1,455.25,150-200,0-5,0-2000,CMP025,1048.37,-0.5658,-593.12,2011-06-02,190,Ocasional
16531.0,22,7,1244.59,0-50,5-10,0-2000,CMP028,1090.24,0.1416,154.35,2011-11-17,22,Regular
16532.0,18,3,6748.8,0-50,0-5,6000-8000,CMP038,1347.91,4.0069,5400.89,2011-11-21,18,Regular
16533.0,19,3,1082.81,0-50,0-5,0-2000,CMP019,593.24,0.8252,489.57,2011-11-20,19,Regular
16535.0,5,1,593.75,0-50,0-5,0-2000,CMP002,434.92,0.3652,158.83,2011-12-04,5,Regular
16536.0,110,1,548.12,100-150,0-5,0-2000,CMP024,557.84,-0.0174,-9.72,2011-08-21,110,Regular
16539.0,3,4,1388.81,0-50,0-5,0-2000,CMP014,474.66,1.9259,914.15,2011-12-06,3,Regular
16542.0,54,1,119.62,50-100,0-5,0-2000,CMP013,809.51,-0.8522,-689.89,2011-10-16,54,Regular
16545.0,165,1,339.3,150-200,0-5,0-2000,CMP044,2078.39,-0.8367,-1739.09,2011-06-27,165,Ocasional
16546.0,291,2,787.15,250-300,0-5,0-2000,CMP019,593.24,0.3269,193.91,2011-02-21,291,Ocasional
16549.0,10,10,4034.9,0-50,10-15,4000-6000,CMP043,1290.94,2.1256,2743.96,2011-11-29,10,Engajado
16550.0,109,5,2298.97,100-150,5-10,2000-4000,CMP019,593.24,2.8753,1705.73,2011-08-22,109,Regular
16551.0,96,3,922.12,50-100,0-5,0-2000,CMP027,863.77,0.0676,58.35,2011-09-04,96,Regular
16552.0,243,2,379.73,200-250,0-5,0-2000,CMP046,1856.27,-0.7954,-1476.54,2011-04-10,243,Ocasional
16553.0,163,12,5719.82,150-200,10-15,4000-6000,CMP010,360.67,14.8589,5359.15,2011-06-29,163,Engajado
16554.0,42,3,837.1,0-50,0-5,0-2000,CMP001,258.61,2.2369,578.49,2011-10-28,42,Regular
16555.0,35,2,285.89,0-50,0-5,0-2000,CMP012,440.78,-0.3514,-154.89,2011-11-04,35,Regular
16556.0,67,7,3313.79,50-100,5-10,2000-4000,CMP009,327.94,9.1049,2985.85,2011-10-03,67,Regular
16557.0,24,2,281.85,0-50,0-5,0-2000,CMP028,1090.24,-0.7415,-808.39,2011-11-15,24,Regular
16558.0,1,20,8338.49,0-50,20-25,8000-10000,CMP046,1856.27,3.4921,6482.22,2011-12-08,1,Engajado
16560.0,27,2,841.41,0-50,0-5,0-2000,CMP020,517.27,0.6266,324.14,2011-11-12,27,Regular
16561.0,6,2,511.12,0-50,0-5,0-2000,CMP014,474.66,0.0768,36.46,2011-12-03,6,Regular
16563.0,54,1,1077.74,50-100,0-5,0-2000,CMP020,517.27,1.0835,560.47,2011-10-16,54,Regular
16565.0,364,1,173.7,350-400,0-5,0-2000,CMP026,1285.33,-0.8649,-1111.63,2010-12-10,364,Ocasional
16566.0,15,5,614.66,0-50,5-10,0-2000,CMP001,258.61,1.3768,356.05,2011-11-24,15,Regular
16567.0,194,2,865.6,150-200,0-5,0-2000,CMP025,1048.37,-0.1743,-182.77,2011-05-29,194,Ocasional
16569.0,3,1,124.2,0-50,0-5,0-2000,CMP018,643.37,-0.807,-519.17,2011-12-06,3,Regular
16570.0,15,10,3738.4,0-50,10-15,2000-4000,CMP037,1534.16,1.4368,2204.24,2011-11-24,15,Regular
16571.0,27,3,1421.69,0-50,0-5,0-2000,CMP014,474.66,1.9952,947.03,2011-11-12,27,Regular
16572.0,127,3,1009.6,100-150,0-5,0-2000,CMP029,1146.55,-0.1194,-136.95,2011-08-04,127,Regular
16573.0,85,2,663.61,50-100,0-5,0-2000,CMP009,327.94,1.0236,335.67,2011-09-15,85,Regular
16574.0,71,1,451.44,50-100,0-5,0-2000,CMP012,440.78,0.0242,10.66,2011-09-29,71,Regular
16581.0,183,1,105.84,150-200,0-5,0-2000,CMP039,1875.82,-0.9436,-1769.98,2011-06-09,183,Ocasional
16582.0,113,1,313.62,100-150,0-5,0-2000,CMP029,1146.55,-0.7265,-832.93,2011-08-18,113,Regular
16583.0,374,1,233.45,350-400,0-5,0-2000,CMP001,258.61,-0.0973,-25.16,2010-11-30,374,Ocasional
16584.0,80,2,936.08,50-100,0-5,0-2000,CMP014,474.66,0.9721,461.42,2011-09-20,80,Regular
16586.0,249,1,463.95,200-250,0-5,0-2000,CMP013,809.51,-0.4269,-345.56,2011-04-04,249,Ocasional
16587.0,232,1,225.15,200-250,0-5,0-2000,CMP008,409.05,-0.4496,-183.9,2011-04-21,232,Ocasional
16589.0,71,3,459.24,50-100,0-5,0-2000,CMP014,474.66,-0.0325,-15.42,2011-09-29,71,Regular
16591.0,69,1,213.5,50-100,0-5,0-2000,CMP002,434.92,-0.5091,-221.42,2011-10-01,69,Regular
16592.0,4,16,4113.68,0-50,15-20,4000-6000,CMP031,1157.44,2.5541,2956.24,2011-12-05,4,Engajado
16593.0,51,3,330.03,50-100,0-5,0-2000,CMP029,1146.55,-0.7122,-816.52,2011-10-19,51,Regular
16594.0,75,1,181.09,50-100,0-5,0-2000,CMP017,524.29,-0.6546,-343.2,2011-09-25,75,Regular
16595.0,61,1,360.16,50-100,0-5,0-2000,CMP027,863.77,-0.583,-503.61,2011-10-09,61,Regular
16596.0,16,2,250.15,0-50,0-5,0-2000,CMP003,367.99,-0.3202,-117.84,2011-11-23,16,Regular
16597.0,4,1,90.04,0-50,0-5,0-2000,CMP045,1492.9,-0.9397,-1402.86,2011-12-05,4,Regular
16598.0,286,1,145.05,250-300,0-5,0-2000,CMP036,1302.05,-0.8886,-1157.0,2011-02-26,286,Ocasional
16600.0,4,6,813.52,0-50,5-10,0-2000,CMP032,842.78,-0.0347,-29.26,2011-12-05,4,Regular
16601.0,41,1,241.53,0-50,0-5,0-2000,CMP034,1403.19,-0.8279,-1161.66,2011-10-29,41,Regular
16602.0,36,1,528.08,0-50,0-5,0-2000,CMP042,1705.66,-0.6904,-1177.58,2011-11-03,36,Regular
16603.0,75,2,482.47,50-100,0-5,0-2000,CMP023,517.75,-0.0681,-35.28,2011-09-25,75,Regular
16607.0,18,14,3347.71,0-50,10-15,2000-4000,CMP020,517.27,5.4719,2830.44,2011-11-21,18,Engajado
16609.0,15,7,5493.46,0-50,5-10,4000-6000,CMP036,1302.05,3.2191,4191.41,2011-11-24,15,Engajado
16610.0,219,1,75.66,200-250,0-5,0-2000,CMP028,1090.24,-0.9306,-1014.58,2011-05-04,219,Ocasional
16611.0,186,1,129.49,150-200,0-5,0-2000,CMP028,1090.24,-0.8812,-960.75,2011-06-06,186,Ocasional
16612.0,33,4,1187.66,0-50,0-5,0-2000,CMP023,517.75,1.2939,669.91,2011-11-06,33,Regular
16613.0,70,1,618.59,50-100,0-5,0-2000,CMP007,161.77,2.8239,456.82,2011-09-30,70,Regular
16614.0,183,1,506.19,150-200,0-5,0-2000,CMP018,643.37,-0.2132,-137.18,2011-06-09,183,Ocasional
16616.0,15,2,500.42,0-50,0-5,0-2000,CMP041,1369.84,-0.6347,-869.42,2011-11-24,15,Regular
16617.0,236,1,151.85,200-250,0-5,0-2000,CMP016,459.04,-0.6692,-307.19,2011-04-17,236,Ocasional
16618.0,31,5,2647.59,0-50,5-10,2000-4000,CMP034,1403.19,0.8868,1244.4,2011-11-08,31,Regular
16619.0,264,1,226.21,250-300,0-5,0-2000,CMP008,409.05,-0.447,-182.84,2011-03-20,264,Ocasional
16620.0,4,2,178.96,0-50,0-5,0-2000,CMP010,360.67,-0.5038,-181.71,2011-12-05,4,Regular
16621.0,52,4,813.48,50-100,0-5,0-2000,CMP038,1347.91,-0.3965,-534.43,2011-10-18,52,Regular
16623.0,246,1,129.45000000000002,200-250,0-5,0-2000,CMP022,435.33,-0.7026,-305.88,2011-04-07,246,Ocasional
16624.0,81,2,810.57,50-100,0-5,0-2000,CMP031,1157.44,-0.2997,-346.87,2011-09-19,81,Regular
16625.0,275,1,333.08,250-300,0-5,0-2000,CMP020,517.27,-0.3561,-184.19,2011-03-09,275,Ocasional
16626.0,1,17,4413.1,0-50,15-20,4000-6000,CMP037,1534.16,1.8766,2878.94,2011-12-08,1,Engajado
16627.0,79,1,322.8,50-100,0-5,0-2000,CMP014,474.66,-0.3199,-151.86,2011-09-21,79,Regular
16628.0,30,5,2188.05,0-50,5-10,2000-4000,CMP039,1875.82,0.1664,312.23,2011-11-09,30,Regular
16629.0,74,2,408.63,50-100,0-5,0-2000,CMP020,517.27,-0.21,-108.64,2011-09-26,74,Regular
16633.0,17,6,2883.1,0-50,5-10,2000-4000,CMP031,1157.44,1.4909,1725.66,2011-11-22,17,Regular
16634.0,223,2,217.9,200-250,0-5,0-2000,CMP020,517.27,-0.5787,-299.37,2011-04-30,223,Ocasional
16637.0,32,4,1154.47,0-50,0-5,0-2000,CMP042,1705.66,-0.3232,-551.19,2011-11-07,32,Regular
16638.0,23,10,1680.72,0-50,10-15,0-2000,CMP007,161.77,9.3896,1518.95,2011-11-16,23,Regular
16639.0,31,3,1257.51,0-50,0-5,0-2000,CMP032,842.78,0.4921,414.73,2011-11-08,31,Regular
16641.0,106,1,231.1,100-150,0-5,0-2000,CMP008,409.05,-0.435,-177.95,2011-08-25,106,Regular
16642.0,5,2,688.33,0-50,0-5,0-2000,CMP020,517.27,0.3307,171.06,2011-12-04,5,Regular
16643.0,246,1,487.51,200-250,0-5,0-2000,CMP003,367.99,0.3248,119.52,2011-04-07,246,Ocasional
16644.0,178,2,833.78,150-200,0-5,0-2000,CMP015,458.19,0.8197,375.59,2011-06-14,178,Ocasional
16647.0,170,2,214.06,150-200,0-5,0-2000,CMP014,474.66,-0.549,-260.6,2011-06-22,170,Ocasional
16648.0,43,1,290.66,0-50,0-5,0-2000,CMP002,434.92,-0.3317,-144.26,2011-10-27,43,Regular
16650.0,72,1,518.42,50-100,0-5,0-2000,CMP022,435.33,0.1909,83.09,2011-09-28,72,Regular
16652.0,59,7,6773.97,50-100,5-10,6000-8000,CMP046,1856.27,2.6492,4917.7,2011-10-11,59,Engajado
16653.0,16,2,1212.66,0-50,0-5,0-2000,CMP009,327.94,2.6978,884.72,2011-11-23,16,Regular
16654.0,141,4,601.27,100-150,0-5,0-2000,CMP030,753.44,-0.202,-152.17,2011-07-21,141,Regular
16655.0,18,6,3789.52,0-50,5-10,2000-4000,CMP030,753.44,4.0296,3036.08,2011-11-21,18,Regular
16656.0,22,15,8625.8,0-50,15-20,8000-10000,CMP037,1534.16,4.6225,7091.64,2011-11-17,22,Engajado
16657.0,10,4,874.43,0-50,0-5,0-2000,CMP014,474.66,0.8422,399.77,2011-11-29,10,Regular
16658.0,368,1,123.24,350-400,0-5,0-2000,CMP005,191.74,-0.3573,-68.5,2010-12-06,368,Ocasional
16659.0,189,1,39.12,150-200,0-5,0-2000,CMP005,191.74,-0.796,-152.62,2011-06-03,189,Ocasional
16660.0,16,4,1267.65,0-50,0-5,0-2000,CMP007,161.77,6.8361,1105.88,2011-11-23,16,Regular
16665.0,362,1,135.4,350-400,0-5,0-2000,CMP005,191.74,-0.2938,-56.34,2010-12-12,362,Ocasional
16666.0,19,1,118.98,0-50,0-5,0-2000,CMP022,435.33,-0.7267,-316.35,2011-11-20,19,Regular
16667.0,68,2,567.1800000000001,50-100,0-5,0-2000,CMP037,1534.16,-0.6303,-966.98,2011-10-02,68,Regular
16668.0,15,6,306.72,0-50,5-10,0-2000,CMP032,842.78,-0.6361,-536.06,2011-11-24,15,Regular
16669.0,24,2,1344.48,0-50,0-5,0-2000,CMP028,1090.24,0.2332,254.24,2011-11-15,24,Regular
16670.0,17,11,4095.9,0-50,10-15,4000-6000,CMP011,150.3,26.2515,3945.6,2011-11-22,17,Engajado
16671.0,28,3,1692.27,0-50,0-5,0-2000,CMP026,1285.33,0.3166,406.94,2011-11-11,28,Regular
16672.0,2,20,8134.94,0-50,20-25,8000-10000,CMP026,1285.33,5.3291,6849.61,2011-12-07,2,Engajado
16674.0,55,2,304.24,50-100,0-5,0-2000,CMP014,474.66,-0.359,-170.42,2011-10-15,55,Regular
16676.0,34,4,1592.12,0-50,0-5,0-2000,CMP033,766.84,1.0762,825.28,2011-11-05,34,Regular
16678.0,3,12,3109.99,0-50,10-15,2000-4000,CMP034,1403.19,1.2164,1706.8,2011-12-06,3,Engajado
16679.0,366,1,129.75,350-400,0-5,0-2000,CMP010,360.67,-0.6403,-230.92,2010-12-08,366,Ocasional
16680.0,43,1,183.7,0-50,0-5,0-2000,CMP010,360.67,-0.4907,-176.97,2011-10-27,43,Regular
16681.0,73,6,1770.34,50-100,5-10,0-2000,CMP043,1290.94,0.3714,479.4,2011-09-27,73,Regular
16682.0,5,5,1028.0,0-50,5-10,0-2000,CMP031,1157.44,-0.1118,-129.44,2011-12-04,5,Regular
16685.0,61,2,324.24,50-100,0-5,0-2000,CMP016,459.04,-0.2937,-134.8,2011-10-09,61,Regular
16686.0,47,7,2959.88,0-50,5-10,2000-4000,CMP046,1856.27,0.5945,1103.61,2011-10-23,47,Regular
16688.0,1,4,1260.86,0-50,0-5,0-2000,CMP044,2078.39,-0.3933,-817.53,2011-12-08,1,Regular
16689.0,76,2,422.6,50-100,0-5,0-2000,CMP016,459.04,-0.0794,-36.44,2011-09-24,76,Regular
16690.0,72,2,225.58,50-100,0-5,0-2000,CMP010,360.67,-0.3746,-135.09,2011-09-28,72,Regular
16692.0,256,2,1126.0,250-300,0-5,0-2000,CMP022,435.33,1.5865,690.67,2011-03-28,256,Ocasional
16693.0,69,2,477.86,50-100,0-5,0-2000,CMP043,1290.94,-0.6298,-813.08,2011-10-01,69,Regular
16696.0,135,4,657.9,100-150,0-5,0-2000,CMP037,1534.16,-0.5712,-876.26,2011-07-27,135,Regular
16697.0,241,1,112.75,200-250,0-5,0-2000,CMP003,367.99,-0.6936,-255.24,2011-04-12,241,Ocasional
16698.0,227,2,1998.0,200-250,0-5,0-2000,CMP029,1146.55,0.7426,851.45,2011-04-26,227,Ocasional
16700.0,9,13,5076.55,0-50,10-15,4000-6000,CMP034,1403.19,2.6179,3673.36,2011-11-30,9,Engajado
16701.0,9,13,5398.3,0-50,10-15,4000-6000,CMP033,766.84,6.0397,4631.46,2011-11-30,9,Engajado
16705.0,1,20,14034.99,0-50,20-25,10000-12000,CMP019,593.24,22.6582,13441.75,2011-12-08,1,Engajado
16706.0,37,3,531.35,0-50,0-5,0-2000,CMP035,1415.25,-0.6246,-883.9,2011-11-02,37,Regular
16708.0,46,1,656.63,0-50,0-5,0-2000,CMP027,863.77,-0.2398,-207.14,2011-10-24,46,Regular
16709.0,85,5,3029.87,50-100,5-10,2000-4000,CMP043,1290.94,1.347,1738.93,2011-09-15,85,Regular
16710.0,19,10,2467.99,0-50,10-15,2000-4000,CMP044,2078.39,0.1875,389.6,2011-11-20,19,Regular
16711.0,3,5,1651.03,0-50,5-10,0-2000,CMP040,1656.14,-0.0031,-5.11,2011-12-06,3,Regular
16712.0,9,11,3603.66,0-50,10-15,2000-4000,CMP031,1157.44,2.1135,2446.22,2011-11-30,9,Engajado
16713.0,19,15,6910.78,0-50,15-20,6000-8000,CMP036,1302.05,4.3076,5608.73,2011-11-20,19,Engajado
16714.0,317,2,1114.06,300-350,0-5,0-2000,CMP011,150.3,6.4122,963.76,2011-01-26,317,Ocasional
16715.0,78,1,301.72,50-100,0-5,0-2000,CMP022,435.33,-0.3069,-133.61,2011-09-22,78,Regular
16716.0,267,2,901.2,250-300,0-5,0-2000,CMP012,440.78,1.0446,460.42,2011-03-17,267,Ocasional
16717.0,24,6,3843.08,0-50,5-10,2000-4000,CMP039,1875.82,1.0487,1967.26,2011-11-15,24,Regular
16718.0,369,1,606.0500000000001,350-400,0-5,0-2000,CMP013,809.51,-0.2513,-203.46,2010-12-05,369,Ocasional
16719.0,15,7,1770.22,0-50,5-10,0-2000,CMP012,440.78,3.0161,1329.44,2011-11-24,15,Regular
16720.0,26,1,152.95,0-50,0-5,0-2000,CMP005,191.74,-0.2023,-38.79,2011-11-13,26,Regular
16721.0,262,1,292.47,250-300,0-5,0-2000,CMP001,258.61,0.1309,33.86,2011-03-22,262,Ocasional
16722.0,17,13,4730.81,0-50,10-15,4000-6000,CMP039,1875.82,1.522,2854.99,2011-11-22,17,Engajado
16723.0,91,2,576.4,50-100,0-5,0-2000,CMP029,1146.55,-0.4973,-570.15,2011-09-09,91,Regular
16725.0,302,6,756.82,300-350,5-10,0-2000,CMP022,435.33,0.7385,321.49,2011-02-10,302,Ocasional
16726.0,26,5,1358.74,0-50,5-10,0-2000,CMP011,150.3,8.0402,1208.44,2011-11-13,26,Regular
16727.0,364,1,256.32,350-400,0-5,0-2000,CMP003,367.99,-0.3035,-111.67,2010-12-10,364,Ocasional
16728.0,46,4,1048.28,0-50,0-5,0-2000,CMP002,434.92,1.4103,613.36,2011-10-24,46,Regular
16729.0,38,21,7202.01,0-50,20-25,6000-8000,CMP016,459.04,14.6893,6742.97,2011-11-01,38,Engajado
16730.0,52,3,743.11,50-100,0-5,0-2000,CMP038,1347.91,-0.4487,-604.8,2011-10-18,52,Regular
16732.0,32,1,603.75,0-50,0-5,0-2000,CMP014,474.66,0.272,129.09,2011-11-07,32,Regular
16734.0,52,3,646.76,50-100,0-5,0-2000,CMP017,524.29,0.2336,122.47,2011-10-18,52,Regular
16735.0,79,5,2247.41,50-100,5-10,2000-4000,CMP011,150.3,13.9528,2097.11,2011-09-21,79,Regular
16737.0,53,1,417.6,50-100,0-5,0-2000,CMP013,809.51,-0.4841,-391.91,2011-10-17,53,Regular
16738.0,298,1,3.75,250-300,0-5,0-2000,CMP014,474.66,-0.9921,-470.91,2011-02-14,298,Ocasional
16739.0,177,1,323.0,150-200,0-5,0-2000,CMP025,1048.37,-0.6919,-725.37,2011-06-15,177,Ocasional
16743.0,29,7,2213.13,0-50,5-10,2000-4000,CMP024,557.84,2.9673,1655.29,2011-11-10,29,Regular
16744.0,11,7,1291.91,0-50,5-10,0-2000,CMP006,191.74,5.7378,1100.17,2011-11-28,11,Regular
16745.0,87,17,7180.7,50-100,15-20,6000-8000,CMP029,1146.55,5.2629,6034.15,2011-09-13,87,Engajado
16746.0,5,18,6680.11,0-50,15-20,6000-8000,CMP023,517.75,11.9022,6162.36,2011-12-04,5,Engajado
16747.0,38,2,836.0600000000001,0-50,0-5,0-2000,CMP013,809.51,0.0328,26.55,2011-11-01,38,Regular
16748.0,18,5,1515.9,0-50,5-10,0-2000,CMP045,1492.9,0.0154,23.0,2011-11-21,18,Regular
16750.0,45,5,623.93,0-50,5-10,0-2000,CMP026,1285.33,-0.5146,-661.4,2011-10-25,45,Regular
16751.0,31,1,1764.72,0-50,0-5,0-2000,CMP034,1403.19,0.2576,361.53,2011-11-08,31,Regular
16752.0,373,1,207.5,350-400,0-5,0-2000,CMP012,440.78,-0.5292,-233.28,2010-12-01,373,Ocasional
16753.0,58,1,223.92,50-100,0-5,0-2000,CMP012,440.78,-0.492,-216.86,2011-10-12,58,Regular
16754.0,372,1,2002.4,350-400,0-5,2000-4000,CMP034,1403.19,0.427,599.21,2010-12-02,372,Ocasional
16755.0,114,3,1475.43,100-150,0-5,0-2000,CMP028,1090.24,0.3533,385.19,2011-08-17,114,Regular
16756.0,215,1,239.4,200-250,0-5,0-2000,CMP025,1048.37,-0.7716,-808.97,2011-05-08,215,Ocasional
16757.0,319,1,106.83,300-350,0-5,0-2000,CMP005,191.74,-0.4428,-84.91,2011-01-24,319,Ocasional
16758.0,65,1,369.34,50-100,0-5,0-2000,CMP022,435.33,-0.1516,-65.99,2011-10-05,65,Regular
16759.0,8,3,789.79,0-50,0-5,0-2000,CMP019,593.24,0.3313,196.55,2011-12-01,8,Regular
16761.0,97,1,316.62,50-100,0-5,0-2000,CMP036,1302.05,-0.7568,-985.43,2011-09-03,97,Regular
16762.0,20,3,1207.24,0-50,0-5,0-2000,CMP026,1285.33,-0.0608,-78.09,2011-11-19,20,Regular
16763.0,199,1,611.8499999999999,150-200,0-5,0-2000,CMP023,517.75,0.1817,94.1,2011-05-24,199,Ocasional
16764.0,4,13,2790.9500000000003,0-50,10-15,2000-4000,CMP012,440.78,5.3318,2350.17,2011-12-05,4,Engajado
16765.0,294,1,34.0,250-300,0-5,0-2000,CMP017,524.29,-0.9352,-490.29,2011-02-18,294,Ocasional
16766.0,273,2,1145.6,250-300,0-5,0-2000,CMP010,360.67,2.1763,784.93,2011-03-11,273,Ocasional
16767.0,31,11,5575.56,0-50,10-15,4000-6000,CMP027,863.77,5.4549,4711.79,2011-11-08,31,Engajado
16768.0,48,3,478.09,0-50,0-5,0-2000,CMP010,360.67,0.3256,117.42,2011-10-22,48,Regular
16769.0,260,1,361.54,250-300,0-5,0-2000,CMP028,1090.24,-0.6684,-728.7,2011-03-24,260,Ocasional
16770.0,58,5,757.1,50-100,5-10,0-2000,CMP012,440.78,0.7176,316.32,2011-10-12,58,Regular
16771.0,33,5,2230.61,0-50,5-10,2000-4000,CMP029,1146.55,0.9455,1084.06,2011-11-06,33,Regular
16773.0,57,1,171.59,50-100,0-5,0-2000,CMP040,1656.14,-0.8964,-1484.55,2011-10-13,57,Regular
16774.0,68,4,661.52,50-100,0-5,0-2000,CMP012,440.78,0.5008,220.74,2011-10-02,68,Regular
16775.0,10,11,1691.51,0-50,10-15,0-2000,CMP033,766.84,1.2058,924.67,2011-11-29,10,Regular
16776.0,60,1,371.54,50-100,0-5,0-2000,CMP019,593.24,-0.3737,-221.7,2011-10-10,60,Regular
16777.0,80,2,222.62,50-100,0-5,0-2000,CMP001,258.61,-0.1392,-35.99,2011-09-20,80,Regular
16778.0,74,2,245.94,50-100,0-5,0-2000,CMP032,842.78,-0.7082,-596.84,2011-09-26,74,Regular
16779.0,2,22,10611.72,0-50,20-25,10000-12000,CMP007,161.77,64.5976,10449.95,2011-12-07,2,Engajado
16780.0,100,2,422.24,100-150,0-5,0-2000,CMP021,690.41,-0.3884,-268.17,2011-08-31,100,Regular
16781.0,372,1,311.25,350-400,0-5,0-2000,CMP024,557.84,-0.442,-246.59,2010-12-02,372,Ocasional
16782.0,10,13,2267.9500000000003,0-50,10-15,2000-4000,CMP037,1534.16,0.4783,733.79,2011-11-29,10,Regular
16784.0,20,1,107.6,0-50,0-5,0-2000,CMP024,557.84,-0.8071,-450.24,2011-11-19,20,Regular
16788.0,123,2,592.74,100-150,0-5,0-2000,CMP014,474.66,0.2488,118.08,2011-08-08,123,Regular
16789.0,8,1,80.80000000000001,0-50,0-5,0-2000,CMP001,258.61,-0.6876,-177.81,2011-12-01,8,Regular
16790.0,4,6,1545.62,0-50,5-10,0-2000,CMP029,1146.55,0.3481,399.07,2011-12-05,4,Regular
16791.0,29,7,1693.03,0-50,5-10,0-2000,CMP034,1403.19,0.2066,289.84,2011-11-10,29,Regular
16792.0,282,2,110.38,250-300,0-5,0-2000,CMP035,1415.25,-0.922,-1304.87,2011-03-02,282,Ocasional
16793.0,57,1,243.84,50-100,0-5,0-2000,CMP034,1403.19,-0.8262,-1159.35,2011-10-13,57,Regular
16794.0,1,10,1194.48,0-50,10-15,0-2000,CMP033,766.84,0.5577,427.64,2011-12-08,1,Regular
16795.0,365,1,414.88,350-400,0-5,0-2000,CMP021,690.41,-0.3991,-275.53,2010-12-09,365,Ocasional
16796.0,89,1,305.62,50-100,0-5,0-2000,CMP017,524.29,-0.4171,-218.67,2011-09-11,89,Regular
16800.0,11,1,1162.65,0-50,0-5,0-2000,CMP031,1157.44,0.0045,5.21,2011-11-28,11,Regular
16801.0,163,4,1594.23,150-200,0-5,0-2000,CMP031,1157.44,0.3774,436.79,2011-06-29,163,Ocasional
16803.0,65,1,332.3,50-100,0-5,0-2000,CMP012,440.78,-0.2461,-108.48,2011-10-05,65,Regular
16804.0,23,3,536.99,0-50,0-5,0-2000,CMP035,1415.25,-0.6206,-878.26,2011-11-16,23,Regular
16805.0,174,2,460.59,150-200,0-5,0-2000,CMP037,1534.16,-0.6998,-1073.57,2011-06-18,174,Ocasional
16806.0,103,4,736.21,100-150,0-5,0-2000,CMP021,690.41,0.0663,45.8,2011-08-28,103,Regular
16807.0,143,3,1121.59,100-150,0-5,0-2000,CMP008,409.05,1.7419,712.54,2011-07-19,143,Regular
16808.0,99,2,288.42,50-100,0-5,0-2000,CMP011,150.3,0.919,138.12,2011-09-01,99,Regular
16809.0,23,5,914.69,0-50,5-10,0-2000,CMP032,842.78,0.0853,71.91,2011-11-16,23,Regular
16810.0,192,1,309.54,150-200,0-5,0-2000,CMP039,1875.82,-0.835,-1566.28,2011-05-31,192,Ocasional
16811.0,5,2,547.07,0-50,0-5,0-2000,CMP012,440.78,0.2411,106.29,2011-12-04,5,Regular
16812.0,361,1,479.35,350-400,0-5,0-2000,CMP007,161.77,1.9632,317.58,2010-12-13,361,Ocasional
16813.0,8,10,1652.18,0-50,10-15,0-2000,CMP045,1492.9,0.1067,159.28,2011-12-01,8,Regular
16814.0,14,21,6406.8,0-50,20-25,6000-8000,CMP029,1146.55,4.5879,5260.25,2011-11-25,14,Engajado
16816.0,103,4,417.06,100-150,0-5,0-2000,CMP023,517.75,-0.1945,-100.69,2011-08-28,103,Regular
16817.0,3,9,1604.75,0-50,5-10,0-2000,CMP047,1540.55,0.0417,64.2,2011-12-06,3,Regular
16818.0,11,11,3349.57,0-50,10-15,2000-4000,CMP007,161.77,19.7058,3187.8,2011-11-28,11,Regular
16820.0,96,1,497.61,50-100,0-5,0-2000,CMP027,863.77,-0.4239,-366.16,2011-09-04,96,Regular
16823.0,227,1,358.38,200-250,0-5,0-2000,CMP008,409.05,-0.1239,-50.67,2011-04-26,227,Ocasional
16824.0,16,2,460.64,0-50,0-5,0-2000,CMP018,643.37,-0.284,-182.73,2011-11-23,16,Regular
16825.0,39,2,775.18,0-50,0-5,0-2000,CMP032,842.78,-0.0802,-67.6,2011-10-31,39,Regular
16826.0,51,1,341.7,50-100,0-5,0-2000,CMP020,517.27,-0.3394,-175.57,2011-10-19,51,Regular
16828.0,112,1,113.5,100-150,0-5,0-2000,CMP048,1728.05,-0.9343,-1614.55,2011-08-19,112,Regular
16829.0,157,1,197.22,150-200,0-5,0-2000,CMP015,458.19,-0.5696,-260.97,2011-07-05,157,Ocasional
16830.0,39,1,325.91,0-50,0-5,0-2000,CMP016,459.04,-0.29,-133.13,2011-10-31,39,Regular
16832.0,184,3,199.15,150-200,0-5,0-2000,CMP006,191.74,0.0386,7.41,2011-06-08,184,Ocasional
16833.0,1,4,1106.53,0-50,0-5,0-2000,CMP017,524.29,1.1105,582.24,2011-12-08,1,Regular
16834.0,228,1,413.46,200-250,0-5,0-2000,CMP018,643.37,-0.3574,-229.91,2011-04-25,228,Ocasional
16835.0,128,2,180.85,100-150,0-5,0-2000,CMP002,434.92,-0.5842,-254.07,2011-08-03,128,Regular
16836.0,40,2,251.87,0-50,0-5,0-2000,CMP010,360.67,-0.3017,-108.8,2011-10-30,40,Regular
16837.0,31,11,3170.98,0-50,10-15,2000-4000,CMP031,1157.44,1.7396,2013.54,2011-11-08,31,Regular
16838.0,197,2,588.85,150-200,0-5,0-2000,CMP029,1146.55,-0.4864,-557.7,2011-05-26,197,Ocasional
16839.0,9,34,16594.35,0-50,,10000-12000,CMP038,1347.91,11.3112,15246.44,2011-11-30,9,Engajado
16841.0,37,6,1869.82,0-50,5-10,0-2000,CMP039,1875.82,-0.0032,-6.0,2011-11-02,37,Regular
16842.0,101,3,1264.19,100-150,0-5,0-2000,CMP001,258.61,3.8884,1005.58,2011-08-30,101,Regular
16843.0,43,16,10196.57,0-50,15-20,10000-12000,CMP021,690.41,13.7689,9506.16,2011-10-27,43,Engajado
16846.0,50,1,214.32,50-100,0-5,0-2000,CMP021,690.41,-0.6896,-476.09,2011-10-20,50,Regular
16847.0,43,1,193.44,0-50,0-5,0-2000,CMP013,809.51,-0.761,-616.07,2011-10-27,43,Regular
16848.0,53,1,281.42,50-100,0-5,0-2000,CMP001,258.61,0.0882,22.81,2011-10-17,53,Regular
16849.0,187,1,124.57,150-200,0-5,0-2000,CMP033,766.84,-0.8376,-642.27,2011-06-05,187,Ocasional
16850.0,334,1,332.41,300-350,0-5,0-2000,CMP031,1157.44,-0.7128,-825.03,2011-01-09,334,Ocasional
16851.0,4,3,342.45,0-50,0-5,0-2000,CMP023,517.75,-0.3386,-175.3,2011-12-05,4,Regular
16852.0,10,2,144.91,0-50,0-5,0-2000,CMP002,434.92,-0.6668,-290.01,2011-11-29,10,Regular
16855.0,24,2,328.40000000000003,0-50,0-5,0-2000,CMP030,753.44,-0.5641,-425.04,2011-11-15,24,Regular
16856.0,15,1,35.400000000000006,0-50,0-5,0-2000,CMP016,459.04,-0.9229,-423.64,2011-11-24,15,Regular
16858.0,369,1,375.69000000000005,350-400,0-5,0-2000,CMP031,1157.44,-0.6754,-781.75,2010-12-05,369,Ocasional
16859.0,145,2,747.81,100-150,0-5,0-2000,CMP030,753.44,-0.0075,-5.63,2011-07-17,145,Ocasional
16861.0,60,2,173.76,50-100,0-5,0-2000,CMP033,766.84,-0.7734,-593.08,2011-10-10,60,Regular
16863.0,31,2,502.8,0-50,0-5,0-2000,CMP022,435.33,0.155,67.47,2011-11-08,31,Regular
16866.0,141,3,207.74,100-150,0-5,0-2000,CMP004,327.19,-0.3651,-119.45,2011-07-21,141,Regular
16869.0,23,4,817.12,0-50,0-5,0-2000,CMP027,863.77,-0.054,-46.65,2011-11-16,23,Regular
16871.0,22,6,2812.34,0-50,5-10,2000-4000,CMP036,1302.05,1.1599,1510.29,2011-11-17,22,Regular
16872.0,77,3,680.02,50-100,0-5,0-2000,CMP030,753.44,-0.0974,-73.42,2011-09-23,77,Regular
16873.0,5,6,7123.62,0-50,5-10,6000-8000,CMP017,524.29,12.5872,6599.33,2011-12-04,5,Engajado
16875.0,67,5,2095.53,50-100,5-10,2000-4000,CMP019,593.24,2.5323,1502.29,2011-10-03,67,Regular
16877.0,12,6,846.62,0-50,5-10,0-2000,CMP038,1347.91,-0.3719,-501.29,2011-11-27,12,Regular
16878.0,84,1,13.3,50-100,0-5,0-2000,CMP028,1090.24,-0.9878,-1076.94,2011-09-16,84,Regular
16880.0,31,7,1491.43,0-50,5-10,0-2000,CMP040,1656.14,-0.0995,-164.71,2011-11-08,31,Regular
16881.0,67,1,432.0,50-100,0-5,0-2000,CMP030,753.44,-0.4266,-321.44,2011-10-03,67,Regular
16882.0,67,3,705.12,50-100,0-5,0-2000,CMP025,1048.37,-0.3274,-343.25,2011-10-03,67,Regular
16883.0,187,2,272.48,150-200,0-5,0-2000,CMP021,690.41,-0.6053,-417.93,2011-06-05,187,Ocasional
16884.0,38,2,429.84,0-50,0-5,0-2000,CMP038,1347.91,-0.6811,-918.07,2011-11-01,38,Regular
16885.0,15,3,450.41,0-50,0-5,0-2000,CMP024,557.84,-0.1926,-107.43,2011-11-24,15,Regular
16887.0,35,1,192.33,0-50,0-5,0-2000,CMP019,593.24,-0.6758,-400.91,2011-11-04,35,Regular
16889.0,195,3,1578.67,150-200,0-5,0-2000,CMP011,150.3,9.5035,1428.37,2011-05-28,195,Ocasional
16891.0,2,5,742.43,0-50,5-10,0-2000,CMP021,690.41,0.0753,52.02,2011-12-07,2,Regular
16892.0,1,5,518.19,0-50,5-10,0-2000,CMP029,1146.55,-0.548,-628.36,2011-12-08,1,Regular
16893.0,367,1,145.93,350-400,0-5,0-2000,CMP008,409.05,-0.6432,-263.12,2010-12-07,367,Ocasional
16895.0,65,1,202.27,50-100,0-5,0-2000,CMP006,191.74,0.0549,10.53,2011-10-05,65,Regular
16897.0,299,2,289.78,250-300,0-5,0-2000,CMP009,327.94,-0.1164,-38.16,2011-02-13,299,Ocasional
16898.0,26,3,501.03,0-50,0-5,0-2000,CMP014,474.66,0.0556,26.37,2011-11-13,26,Regular
16899.0,8,6,1271.06,0-50,5-10,0-2000,CMP013,809.51,0.5702,461.55,2011-12-01,8,Regular
16900.0,17,3,882.16,0-50,0-5,0-2000,CMP019,593.24,0.487,288.92,2011-11-22,17,Regular
16902.0,116,1,1706.88,100-150,0-5,0-2000,CMP046,1856.27,-0.0805,-149.39,2011-08-15,116,Regular
16903.0,29,1,363.2,0-50,0-5,0-2000,CMP022,435.33,-0.1657,-72.13,2011-11-10,29,Regular
16904.0,4,15,3634.95,0-50,15-20,2000-4000,CMP019,593.24,5.1273,3041.71,2011-12-05,4,Engajado
16905.0,5,7,3037.6,0-50,5-10,2000-4000,CMP008,409.05,6.426,2628.55,2011-12-04,5,Regular
16906.0,82,4,559.59,50-100,0-5,0-2000,CMP028,1090.24,-0.4867,-530.65,2011-09-18,82,Regular
16907.0,29,5,928.76,0-50,5-10,0-2000,CMP018,643.37,0.4436,285.39,2011-11-10,29,Regular
16909.0,72,1,379.14,50-100,0-5,0-2000,CMP032,842.78,-0.5501,-463.64,2011-09-28,72,Regular
16910.0,4,8,1508.96,0-50,5-10,0-2000,CMP027,863.77,0.7469,645.19,2011-12-05,4,Regular
16912.0,29,11,2555.58,0-50,10-15,2000-4000,CMP042,1705.66,0.4983,849.92,2011-11-10,29,Regular
16913.0,290,1,113.44,250-300,0-5,0-2000,CMP008,409.05,-0.7227,-295.61,2011-02-22,290,Ocasional
16914.0,36,1,183.76,0-50,0-5,0-2000,CMP024,557.84,-0.6706,-374.08,2011-11-03,36,Regular
16915.0,9,6,621.6800000000001,0-50,5-10,0-2000,CMP014,474.66,0.3097,147.02,2011-11-30,9,Regular
16916.0,24,2,562.41,0-50,0-5,0-2000,CMP043,1290.94,-0.5643,-728.53,2011-11-15,24,Regular
16917.0,277,1,391.52,250-300,0-5,0-2000,CMP026,1285.33,-0.6954,-893.81,2011-03-07,277,Ocasional
16918.0,50,6,1068.82,50-100,5-10,0-2000,CMP016,459.04,1.3284,609.78,2011-10-20,50,Regular
16919.0,156,11,2592.25,150-200,10-15,2000-4000,CMP025,1048.37,1.4726,1543.88,2011-07-06,156,Regular
16921.0,61,1,154.18,50-100,0-5,0-2000,CMP006,191.74,-0.1959,-37.56,2011-10-09,61,Regular
16923.0,12,19,7069.08,0-50,15-20,6000-8000,CMP039,1875.82,2.7685,5193.26,2011-11-27,12,Engajado
16924.0,21,3,829.89,0-50,0-5,0-2000,CMP013,809.51,0.0252,20.38,2011-11-18,21,Regular
16926.0,371,1,230.25,350-400,0-5,0-2000,CMP016,459.04,-0.4984,-228.79,2010-12-03,371,Ocasional
16927.0,116,3,543.05,100-150,0-5,0-2000,CMP014,474.66,0.1441,68.39,2011-08-15,116,Regular
16928.0,80,17,2806.75,50-100,15-20,2000-4000,CMP038,1347.91,1.0823,1458.84,2011-09-20,80,Engajado
16929.0,4,7,1295.39,0-50,5-10,0-2000,CMP032,842.78,0.537,452.61,2011-12-05,4,Regular
16930.0,26,3,378.89,0-50,0-5,0-2000,CMP031,1157.44,-0.6726,-778.55,2011-11-13,26,Regular
16931.0,5,21,4554.87,0-50,20-25,4000-6000,CMP041,1369.84,2.3251,3185.03,2011-12-04,5,Engajado
16932.0,53,1,150.23000000000002,50-100,0-5,0-2000,CMP006,191.74,-0.2165,-41.51,2011-10-17,53,Regular
16933.0,1,2,563.23,0-50,0-5,0-2000,CMP009,327.94,0.7175,235.29,2011-12-08,1,Regular
16934.0,55,2,931.03,50-100,0-5,0-2000,CMP028,1090.24,-0.146,-159.21,2011-10-15,55,Regular
16936.0,26,1,261.9,0-50,0-5,0-2000,CMP010,360.67,-0.2739,-98.77,2011-11-13,26,Regular
16938.0,9,4,2711.6800000000003,0-50,0-5,2000-4000,CMP030,753.44,2.5991,1958.24,2011-11-30,9,Regular
16940.0,52,3,3049.88,50-100,0-5,2000-4000,CMP003,367.99,7.2879,2681.89,2011-10-18,52,Regular
16942.0,13,9,1904.99,0-50,5-10,0-2000,CMP025,1048.37,0.8171,856.62,2011-11-26,13,Regular
16943.0,212,3,816.73,200-250,0-5,0-2000,CMP004,327.19,1.4962,489.54,2011-05-11,212,Ocasional
16945.0,22,19,4345.5,0-50,15-20,4000-6000,CMP045,1492.9,1.9108,2852.6,2011-11-17,22,Engajado
16947.0,236,1,406.48,200-250,0-5,0-2000,CMP014,474.66,-0.1436,-68.18,2011-04-17,236,Ocasional
16948.0,139,3,435.02,100-150,0-5,0-2000,CMP024,557.84,-0.2202,-122.82,2011-07-23,139,Regular
16949.0,4,6,1286.27,0-50,5-10,0-2000,CMP004,327.19,2.9313,959.08,2011-12-05,4,Regular
16950.0,57,3,1178.56,50-100,0-5,0-2000,CMP027,863.77,0.3644,314.79,2011-10-13,57,Regular
16951.0,135,3,1277.75,100-150,0-5,0-2000,CMP016,459.04,1.7835,818.71,2011-07-27,135,Regular
16952.0,109,2,167.61,100-150,0-5,0-2000,CMP040,1656.14,-0.8988,-1488.53,2011-08-22,109,Regular
16953.0,30,1,20.8,0-50,0-5,0-2000,CMP040,1656.14,-0.9874,-1635.34,2011-11-09,30,Regular
16954.0,1,9,2085.08,0-50,5-10,2000-4000,CMP027,863.77,1.4139,1221.31,2011-12-08,1,Regular
16955.0,185,4,518.67,150-200,0-5,0-2000,CMP039,1875.82,-0.7235,-1357.15,2011-06-07,185,Ocasional
16956.0,18,1,308.74,0-50,0-5,0-2000,CMP048,1728.05,-0.8213,-1419.31,2011-11-21,18,Regular
16957.0,239,2,416.64,200-250,0-5,0-2000,CMP032,842.78,-0.5056,-426.14,2011-04-14,239,Ocasional
16959.0,87,1,117.35,50-100,0-5,0-2000,CMP036,1302.05,-0.9099,-1184.7,2011-09-13,87,Regular
16960.0,39,3,505.1,0-50,0-5,0-2000,CMP014,474.66,0.0641,30.44,2011-10-31,39,Regular
16961.0,116,1,234.17,100-150,0-5,0-2000,CMP016,459.04,-0.4899,-224.87,2011-08-15,116,Regular
16963.0,187,1,110.55,150-200,0-5,0-2000,CMP002,434.92,-0.7458,-324.37,2011-06-05,187,Ocasional
16965.0,227,1,192.07,200-250,0-5,0-2000,CMP003,367.99,-0.4781,-175.92,2011-04-26,227,Ocasional
16966.0,8,7,2154.97,0-50,5-10,2000-4000,CMP048,1728.05,0.2471,426.92,2011-12-01,8,Regular
16967.0,189,1,319.02,150-200,0-5,0-2000,CMP016,459.04,-0.305,-140.02,2011-06-03,189,Ocasional
16968.0,4,2,439.43,0-50,0-5,0-2000,CMP030,753.44,-0.4168,-314.01,2011-12-05,4,Regular
16969.0,39,3,650.41,0-50,0-5,0-2000,CMP032,842.78,-0.2283,-192.37,2011-10-31,39,Regular
16971.0,38,1,357.21,0-50,0-5,0-2000,CMP035,1415.25,-0.7476,-1058.04,2011-11-01,38,Regular
16976.0,267,1,251.52,250-300,0-5,0-2000,CMP048,1728.05,-0.8544,-1476.53,2011-03-17,267,Ocasional
16978.0,78,1,344.33,50-100,0-5,0-2000,CMP014,474.66,-0.2746,-130.33,2011-09-22,78,Regular
16979.0,4,6,1852.0,0-50,5-10,0-2000,CMP004,327.19,4.6603,1524.81,2011-12-05,4,Regular
16980.0,255,2,1028.46,250-300,0-5,0-2000,CMP019,593.24,0.7336,435.22,2011-03-29,255,Ocasional
16982.0,61,1,384.06,50-100,0-5,0-2000,CMP010,360.67,0.0649,23.39,2011-10-09,61,Regular
16983.0,13,7,1905.87,0-50,5-10,0-2000,CMP003,367.99,4.1791,1537.88,2011-11-26,13,Regular
16984.0,88,2,4459.52,50-100,0-5,4000-6000,CMP028,1090.24,3.0904,3369.28,2011-09-12,88,Regular
16985.0,17,10,5464.12,0-50,10-15,4000-6000,CMP042,1705.66,2.2035,3758.46,2011-11-22,17,Engajado
16986.0,30,2,1873.2,0-50,0-5,0-2000,CMP035,1415.25,0.3236,457.95,2011-11-09,30,Regular
16987.0,3,7,1616.8,0-50,5-10,0-2000,CMP027,863.77,0.8718,753.03,2011-12-06,3,Regular
16988.0,5,1,126.12,0-50,0-5,0-2000,CMP021,690.41,-0.8173,-564.29,2011-12-04,5,Regular
16989.0,7,6,1133.25,0-50,5-10,0-2000,CMP013,809.51,0.3999,323.74,2011-12-02,7,Regular
16990.0,219,1,179.0,200-250,0-5,0-2000,CMP001,258.61,-0.3078,-79.61,2011-05-04,219,Ocasional
16992.0,11,5,1614.31,0-50,5-10,0-2000,CMP041,1369.84,0.1785,244.47,2011-11-28,11,Regular
16996.0,30,6,1456.96,0-50,5-10,0-2000,CMP026,1285.33,0.1335,171.63,2011-11-09,30,Regular
16997.0,288,3,702.0,250-300,0-5,0-2000,CMP030,753.44,-0.0683,-51.44,2011-02-24,288,Ocasional
16998.0,150,4,295.0,150-200,0-5,0-2000,CMP002,434.92,-0.3217,-139.92,2011-07-12,150,Ocasional
16999.0,23,2,484.82,0-50,0-5,0-2000,CMP033,766.84,-0.3678,-282.02,2011-11-16,23,Regular
17001.0,1,11,3989.57,0-50,10-15,2000-4000,CMP036,1302.05,2.0641,2687.52,2011-12-08,1,Engajado
17002.0,86,3,1493.73,50-100,0-5,0-2000,CMP024,557.84,1.6777,935.89,2011-09-14,86,Regular
17004.0,46,2,1312.14,0-50,0-5,0-2000,CMP026,1285.33,0.0209,26.81,2011-10-24,46,Regular
17006.0,5,4,781.78,0-50,0-5,0-2000,CMP035,1415.25,-0.4476,-633.47,2011-12-04,5,Regular
17007.0,51,6,889.9300000000001,50-100,5-10,0-2000,CMP025,1048.37,-0.1511,-158.44,2011-10-19,51,Regular
17010.0,18,1,195.36,0-50,0-5,0-2000,CMP016,459.04,-0.5744,-263.68,2011-11-21,18,Regular
17011.0,30,1,270.9,0-50,0-5,0-2000,CMP048,1728.05,-0.8432,-1457.15,2011-11-09,30,Regular
17014.0,8,3,583.4300000000001,0-50,0-5,0-2000,CMP030,753.44,-0.2256,-170.01,2011-12-01,8,Regular
17015.0,29,3,1838.61,0-50,0-5,0-2000,CMP031,1157.44,0.5885,681.17,2011-11-10,29,Regular
17017.0,3,20,8694.26,0-50,20-25,8000-10000,CMP039,1875.82,3.6349,6818.44,2011-12-06,3,Engajado
17018.0,41,2,920.1,0-50,0-5,0-2000,CMP018,643.37,0.4301,276.73,2011-10-29,41,Regular
17019.0,11,4,1258.08,0-50,0-5,0-2000,CMP013,809.51,0.5541,448.57,2011-11-28,11,Regular
17022.0,31,1,71.0,0-50,0-5,0-2000,CMP016,459.04,-0.8453,-388.04,2011-11-08,31,Regular
17024.0,45,3,95.85,0-50,0-5,0-2000,CMP043,1290.94,-0.9258,-1195.09,2011-10-25,45,Regular
17025.0,61,3,357.77,50-100,0-5,0-2000,CMP042,1705.66,-0.7902,-1347.89,2011-10-09,61,Regular
17026.0,185,2,154.83,150-200,0-5,0-2000,CMP010,360.67,-0.5707,-205.84,2011-06-07,185,Ocasional
17027.0,79,6,877.5600000000001,50-100,5-10,0-2000,CMP023,517.75,0.6949,359.81,2011-09-21,79,Regular
17029.0,111,2,716.0,100-150,0-5,0-2000,CMP013,809.51,-0.1155,-93.51,2011-08-20,111,Regular
17030.0,64,1,146.87,50-100,0-5,0-2000,CMP048,1728.05,-0.915,-1581.18,2011-10-06,64,Regular
17031.0,12,2,380.35,0-50,0-5,0-2000,CMP047,1540.55,-0.7531,-1160.2,2011-11-27,12,Regular
17033.0,86,3,1030.14,50-100,0-5,0-2000,CMP027,863.77,0.1926,166.37,2011-09-14,86,Regular
17034.0,16,3,745.52,0-50,0-5,0-2000,CMP032,842.78,-0.1154,-97.26,2011-11-23,16,Regular
17035.0,246,2,433.53,200-250,0-5,0-2000,CMP029,1146.55,-0.6219,-713.02,2011-04-07,246,Ocasional
17037.0,88,1,1267.32,50-100,0-5,0-2000,CMP025,1048.37,0.2088,218.95,2011-09-12,88,Regular
17038.0,30,1,112.4,0-50,0-5,0-2000,CMP002,434.92,-0.7416,-322.52,2011-11-09,30,Regular
17040.0,138,1,449.73,100-150,0-5,0-2000,CMP020,517.27,-0.1306,-67.54,2011-07-24,138,Ocasional
17041.0,27,3,1071.49,0-50,0-5,0-2000,CMP027,863.77,0.2405,207.72,2011-11-12,27,Regular
17042.0,3,5,1036.58,0-50,5-10,0-2000,CMP028,1090.24,-0.0492,-53.66,2011-12-06,3,Regular
17043.0,32,4,1735.18,0-50,0-5,0-2000,CMP028,1090.24,0.5916,644.94,2011-11-07,32,Regular
17044.0,25,1,948.48,0-50,0-5,0-2000,CMP043,1290.94,-0.2653,-342.46,2011-11-14,25,Regular
17045.0,113,3,339.44,100-150,0-5,0-2000,CMP011,150.3,1.2584,189.14,2011-08-18,113,Regular
17046.0,157,1,642.02,150-200,0-5,0-2000,CMP022,435.33,0.4748,206.69,2011-07-05,157,Ocasional
17047.0,85,3,1100.9,50-100,0-5,0-2000,CMP028,1090.24,0.0098,10.66,2011-09-15,85,Regular
17048.0,118,3,925.35,100-150,0-5,0-2000,CMP028,1090.24,-0.1512,-164.89,2011-08-13,118,Regular
17049.0,3,9,5655.03,0-50,5-10,4000-6000,CMP037,1534.16,2.6861,4120.87,2011-12-06,3,Engajado
17050.0,96,6,3185.64,50-100,5-10,2000-4000,CMP025,1048.37,2.0387,2137.27,2011-09-04,96,Regular
17051.0,194,1,240.89,150-200,0-5,0-2000,CMP005,191.74,0.2563,49.15,2011-05-29,194,Ocasional
17052.0,28,1,399.09,0-50,0-5,0-2000,CMP026,1285.33,-0.6895,-886.24,2011-11-11,28,Regular
17053.0,131,1,498.48,100-150,0-5,0-2000,CMP025,1048.37,-0.5245,-549.89,2011-07-31,131,Regular
17054.0,28,5,1356.33,0-50,5-10,0-2000,CMP012,440.78,2.0771,915.55,2011-11-11,28,Regular
17058.0,82,3,1179.89,50-100,0-5,0-2000,CMP028,1090.24,0.0822,89.65,2011-09-18,82,Regular
17059.0,30,5,3080.39,0-50,5-10,2000-4000,CMP031,1157.44,1.6614,1922.95,2011-11-09,30,Regular
17060.0,266,1,234.24,250-300,0-5,0-2000,CMP022,435.33,-0.4619,-201.09,2011-03-18,266,Ocasional
17061.0,74,11,5232.2300000000005,50-100,10-15,4000-6000,CMP043,1290.94,3.053,3941.29,2011-09-26,74,Engajado
17062.0,314,4,528.29,300-350,0-5,0-2000,CMP011,150.3,2.5149,377.99,2011-01-29,314,Ocasional
17063.0,21,7,1461.14,0-50,5-10,0-2000,CMP002,434.92,2.3596,1026.22,2011-11-18,21,Regular
17064.0,59,3,855.45,50-100,0-5,0-2000,CMP031,1157.44,-0.2609,-301.99,2011-10-11,59,Regular
17068.0,12,21,4545.89,0-50,20-25,4000-6000,CMP036,1302.05,2.4913,3243.84,2011-11-27,12,Engajado
17069.0,28,9,2709.7000000000003,0-50,5-10,2000-4000,CMP039,1875.82,0.4445,833.88,2011-11-11,28,Regular
17070.0,114,1,304.24,100-150,0-5,0-2000,CMP033,766.84,-0.6033,-462.6,2011-08-17,114,Regular
17071.0,28,9,2429.03,0-50,5-10,2000-4000,CMP042,1705.66,0.4241,723.37,2011-11-11,28,Regular
17073.0,18,4,1444.84,0-50,0-5,0-2000,CMP045,1492.9,-0.0322,-48.06,2011-11-21,18,Regular
17075.0,18,4,834.12,0-50,0-5,0-2000,CMP023,517.75,0.611,316.37,2011-11-21,18,Regular
17076.0,36,3,841.0799999999999,0-50,0-5,0-2000,CMP021,690.41,0.2182,150.67,2011-11-03,36,Regular
17078.0,36,2,375.86,0-50,0-5,0-2000,CMP019,593.24,-0.3664,-217.38,2011-11-03,36,Regular
17079.0,78,1,118.8,50-100,0-5,0-2000,CMP005,191.74,-0.3804,-72.94,2011-09-22,78,Regular
17080.0,22,2,287.62,0-50,0-5,0-2000,CMP016,459.04,-0.3734,-171.42,2011-11-17,22,Regular
17081.0,25,2,288.91,0-50,0-5,0-2000,CMP008,409.05,-0.2937,-120.14,2011-11-14,25,Regular
17082.0,33,2,2003.85,0-50,0-5,2000-4000,CMP046,1856.27,0.0795,147.58,2011-11-06,33,Regular
17083.0,109,3,1405.78,100-150,0-5,0-2000,CMP024,557.84,1.52,847.94,2011-08-22,109,Regular
17084.0,35,2,2747.99,0-50,0-5,2000-4000,CMP035,1415.25,0.9417,1332.74,2011-11-04,35,Regular
17085.0,123,5,1562.4,100-150,5-10,0-2000,CMP017,524.29,1.98,1038.11,2011-08-08,123,Regular
17086.0,7,6,2050.08,0-50,5-10,2000-4000,CMP005,191.74,9.692,1858.34,2011-12-02,7,Regular
17088.0,28,4,1991.01,0-50,0-5,0-2000,CMP004,327.19,5.0852,1663.82,2011-11-11,28,Regular
17090.0,4,7,1974.65,0-50,5-10,0-2000,CMP030,753.44,1.6208,1221.21,2011-12-05,4,Regular
17091.0,3,9,3827.76,0-50,5-10,2000-4000,CMP009,327.94,10.6721,3499.82,2011-12-06,3,Regular
17092.0,50,4,1774.03,50-100,0-5,0-2000,CMP036,1302.05,0.3625,471.98,2011-10-20,50,Regular
17094.0,322,1,302.0,300-350,0-5,0-2000,CMP039,1875.82,-0.839,-1573.82,2011-01-21,322,Ocasional
17095.0,23,3,1324.16,0-50,0-5,0-2000,CMP037,1534.16,-0.1369,-210.0,2011-11-16,23,Regular
17096.0,15,4,1022.13,0-50,0-5,0-2000,CMP027,863.77,0.1833,158.36,2011-11-24,15,Regular
17097.0,2,8,954.42,0-50,5-10,0-2000,CMP013,809.51,0.179,144.91,2011-12-07,2,Regular
17100.0,18,2,971.74,0-50,0-5,0-2000,CMP035,1415.25,-0.3134,-443.51,2011-11-21,18,Regular
17101.0,10,4,1621.73,0-50,0-5,0-2000,CMP045,1492.9,0.0863,128.83,2011-11-29,10,Regular
17102.0,262,1,25.5,250-300,0-5,0-2000,CMP006,191.74,-0.867,-166.24,2011-03-22,262,Ocasional
17105.0,159,2,665.78,150-200,0-5,0-2000,CMP029,1146.55,-0.4193,-480.77,2011-07-03,159,Ocasional
17107.0,33,6,10797.48,0-50,5-10,10000-12000,CMP026,1285.33,7.4006,9512.15,2011-11-06,33,Engajado
17109.0,29,6,881.29,0-50,5-10,0-2000,CMP032,842.78,0.0457,38.51,2011-11-10,29,Regular
17110.0,165,1,163.29999999999998,150-200,0-5,0-2000,CMP048,1728.05,-0.9055,-1564.75,2011-06-27,165,Ocasional
17111.0,47,1,231.61,0-50,0-5,0-2000,CMP001,258.61,-0.1044,-27.0,2011-10-23,47,Regular
17114.0,6,8,801.12,0-50,5-10,0-2000,CMP039,1875.82,-0.5729,-1074.7,2011-12-03,6,Regular
17115.0,8,3,837.5,0-50,0-5,0-2000,CMP026,1285.33,-0.3484,-447.83,2011-12-01,8,Regular
17117.0,288,1,116.2,250-300,0-5,0-2000,CMP046,1856.27,-0.9374,-1740.07,2011-02-24,288,Ocasional
17118.0,318,1,157.02,300-350,0-5,0-2000,CMP013,809.51,-0.806,-652.49,2011-01-25,318,Ocasional
17119.0,3,2,606.91,0-50,0-5,0-2000,CMP034,1403.19,-0.5675,-796.28,2011-12-06,3,Regular
17120.0,233,1,307.46,200-250,0-5,0-2000,CMP006,191.74,0.6035,115.72,2011-04-20,233,Ocasional
17122.0,119,1,138.32,100-150,0-5,0-2000,CMP009,327.94,-0.5782,-189.62,2011-08-12,119,Regular
17123.0,162,1,345.3,150-200,0-5,0-2000,CMP007,161.77,1.1345,183.53,2011-06-30,162,Ocasional
17124.0,185,1,294.24,150-200,0-5,0-2000,CMP047,1540.55,-0.809,-1246.31,2011-06-07,185,Ocasional
17125.0,50,1,230.5,50-100,0-5,0-2000,CMP034,1403.19,-0.8357,-1172.69,2011-10-20,50,Regular
17126.0,152,5,989.45,150-200,5-10,0-2000,CMP034,1403.19,-0.2949,-413.74,2011-07-10,152,Regular
17128.0,335,1,157.09,300-350,0-5,0-2000,CMP044,2078.39,-0.9244,-1921.3,2011-01-08,335,Ocasional
17131.0,5,5,2463.17,0-50,5-10,2000-4000,CMP009,327.94,6.511,2135.23,2011-12-04,5,Regular
17133.0,16,7,4892.240000000001,0-50,5-10,4000-6000,CMP029,1146.55,3.2669,3745.69,2011-11-23,16,Regular
17134.0,107,2,413.2,100-150,0-5,0-2000,CMP007,161.77,1.5542,251.43,2011-08-24,107,Regular
17135.0,16,7,1139.73,0-50,5-10,0-2000,CMP013,809.51,0.4079,330.22,2011-11-23,16,Regular
17138.0,276,1,380.5,250-300,0-5,0-2000,CMP013,809.51,-0.53,-429.01,2011-03-08,276,Ocasional
17139.0,16,12,10650.77,0-50,10-15,10000-12000,CMP032,842.78,11.6377,9807.99,2011-11-23,16,Engajado
17140.0,247,1,454.12,200-250,0-5,0-2000,CMP014,474.66,-0.0433,-20.54,2011-04-06,247,Ocasional
17142.0,239,1,579.0,200-250,0-5,0-2000,CMP009,327.94,0.7656,251.06,2011-04-14,239,Ocasional
17144.0,1,2,984.57,0-50,0-5,0-2000,CMP011,150.3,5.5507,834.27,2011-12-08,1,Regular
17146.0,106,3,749.78,100-150,0-5,0-2000,CMP011,150.3,3.9886,599.48,2011-08-25,106,Regular
17147.0,23,4,1714.59,0-50,0-5,0-2000,CMP048,1728.05,-0.0078,-13.46,2011-11-16,23,Regular
17148.0,52,1,124.88,50-100,0-5,0-2000,CMP029,1146.55,-0.8911,-1021.67,2011-10-18,52,Regular
17152.0,195,3,1689.5,150-200,0-5,0-2000,CMP047,1540.55,0.0967,148.95,2011-05-28,195,Ocasional
17153.0,24,1,213.78,0-50,0-5,0-2000,CMP012,440.78,-0.515,-227.0,2011-11-15,24,Regular
17154.0,75,1,329.34,50-100,0-5,0-2000,CMP015,458.19,-0.2812,-128.85,2011-09-25,75,Regular
17155.0,18,2,251.7,0-50,0-5,0-2000,CMP032,842.78,-0.7013,-591.08,2011-11-21,18,Regular
17157.0,8,2,319.0,0-50,0-5,0-2000,CMP016,459.04,-0.3051,-140.04,2011-12-01,8,Regular
17158.0,32,3,1266.97,0-50,0-5,0-2000,CMP015,458.19,1.7652,808.78,2011-11-07,32,Regular
17159.0,22,3,1538.88,0-50,0-5,0-2000,CMP013,809.51,0.901,729.37,2011-11-17,22,Regular
17160.0,31,6,3518.03,0-50,5-10,2000-4000,CMP013,809.51,3.3459,2708.52,2011-11-08,31,Regular
17162.0,29,10,1715.46,0-50,10-15,0-2000,CMP025,1048.37,0.6363,667.09,2011-11-10,29,Regular
17163.0,22,2,293.1,0-50,0-5,0-2000,CMP010,360.67,-0.1873,-67.57,2011-11-17,22,Regular
17164.0,33,7,2467.35,0-50,5-10,2000-4000,CMP038,1347.91,0.8305,1119.44,2011-11-06,33,Regular
17165.0,284,1,158.68,250-300,0-5,0-2000,CMP002,434.92,-0.6352,-276.24,2011-02-28,284,Ocasional
17166.0,39,2,206.34,0-50,0-5,0-2000,CMP006,191.74,0.0761,14.6,2011-10-31,39,Regular
17169.0,58,2,835.78,50-100,0-5,0-2000,CMP032,842.78,-0.0083,-7.0,2011-10-12,58,Regular
17171.0,289,1,224.91,250-300,0-5,0-2000,CMP004,327.19,-0.3126,-102.28,2011-02-23,289,Ocasional
17172.0,79,1,317.76,50-100,0-5,0-2000,CMP017,524.29,-0.3939,-206.53,2011-09-21,79,Regular
17173.0,5,8,3766.6,0-50,5-10,2000-4000,CMP044,2078.39,0.8123,1688.21,2011-12-04,5,Regular
17174.0,218,1,59.9,200-250,0-5,0-2000,CMP005,191.74,-0.6876,-131.84,2011-05-05,218,Ocasional
17175.0,44,4,1443.69,0-50,0-5,0-2000,CMP008,409.05,2.5294,1034.64,2011-10-26,44,Regular
17176.0,202,1,306.13,200-250,0-5,0-2000,CMP021,690.41,-0.5566,-384.28,2011-05-21,202,Ocasional
17179.0,178,3,711.79,150-200,0-5,0-2000,CMP016,459.04,0.5506,252.75,2011-06-14,178,Ocasional
17180.0,56,4,783.97,50-100,0-5,0-2000,CMP024,557.84,0.4054,226.13,2011-10-14,56,Regular
17181.0,57,2,239.92,50-100,0-5,0-2000,CMP033,766.84,-0.6871,-526.92,2011-10-13,57,Regular
17183.0,8,6,3347.31,0-50,5-10,2000-4000,CMP014,474.66,6.052,2872.65,2011-12-01,8,Regular
17186.0,47,2,144.0,0-50,0-5,0-2000,CMP016,459.04,-0.6863,-315.04,2011-10-23,47,Regular
17187.0,227,1,203.95,200-250,0-5,0-2000,CMP014,474.66,-0.5703,-270.71,2011-04-26,227,Ocasional
17188.0,11,7,2474.23,0-50,5-10,2000-4000,CMP014,474.66,4.2126,1999.57,2011-11-28,11,Regular
17189.0,106,2,383.75,100-150,0-5,0-2000,CMP026,1285.33,-0.7014,-901.58,2011-08-25,106,Regular
17190.0,59,2,444.74,50-100,0-5,0-2000,CMP015,458.19,-0.0294,-13.45,2011-10-11,59,Regular
17191.0,28,7,2093.68,0-50,5-10,2000-4000,CMP032,842.78,1.4843,1250.9,2011-11-11,28,Regular
17193.0,36,7,1699.3,0-50,5-10,0-2000,CMP008,409.05,3.1543,1290.25,2011-11-03,36,Regular
17194.0,361,1,226.78,350-400,0-5,0-2000,CMP013,809.51,-0.7199,-582.73,2010-12-13,361,Ocasional
17197.0,30,1,1013.01,0-50,0-5,0-2000,CMP016,459.04,1.2068,553.97,2011-11-09,30,Regular
17198.0,24,3,692.22,0-50,0-5,0-2000,CMP032,842.78,-0.1786,-150.56,2011-11-15,24,Regular
17201.0,54,1,289.78000000000003,50-100,0-5,0-2000,CMP002,434.92,-0.3337,-145.14,2011-10-16,54,Regular
17203.0,36,6,3560.08,0-50,5-10,2000-4000,CMP030,753.44,3.7251,2806.64,2011-11-03,36,Regular
17204.0,175,4,1564.56,150-200,0-5,0-2000,CMP021,690.41,1.2661,874.15,2011-06-17,175,Ocasional
17205.0,54,1,384.08,50-100,0-5,0-2000,CMP029,1146.55,-0.665,-762.47,2011-10-16,54,Regular
17206.0,53,1,204.24,50-100,0-5,0-2000,CMP016,459.04,-0.5551,-254.8,2011-10-17,53,Regular
17211.0,27,8,2317.2200000000003,0-50,5-10,2000-4000,CMP038,1347.91,0.7191,969.31,2011-11-12,27,Regular
17212.0,253,1,226.85,250-300,0-5,0-2000,CMP031,1157.44,-0.804,-930.59,2011-03-31,253,Ocasional
17213.0,40,7,2781.23,0-50,5-10,2000-4000,CMP044,2078.39,0.3382,702.84,2011-10-30,40,Regular
17214.0,60,6,1059.12,50-100,5-10,0-2000,CMP016,459.04,1.3072,600.08,2011-10-10,60,Regular
17217.0,234,1,113.5,200-250,0-5,0-2000,CMP015,458.19,-0.7523,-344.69,2011-04-19,234,Ocasional
17218.0,4,10,1951.97,0-50,10-15,0-2000,CMP043,1290.94,0.5121,661.03,2011-12-05,4,Regular
17219.0,32,1,114.23,0-50,0-5,0-2000,CMP048,1728.05,-0.9339,-1613.82,2011-11-07,32,Regular
17220.0,24,14,3187.55,0-50,10-15,2000-4000,CMP045,1492.9,1.1351,1694.65,2011-11-15,24,Engajado
17221.0,7,2,334.48,0-50,0-5,0-2000,CMP018,643.37,-0.4801,-308.89,2011-12-02,7,Regular
17222.0,65,1,328.65,50-100,0-5,0-2000,CMP012,440.78,-0.2544,-112.13,2011-10-05,65,Regular
17223.0,310,2,381.89,300-350,0-5,0-2000,CMP021,690.41,-0.4469,-308.52,2011-02-02,310,Ocasional
17226.0,309,1,393.49,300-350,0-5,0-2000,CMP030,753.44,-0.4777,-359.95,2011-02-03,309,Ocasional
17227.0,19,6,939.32,0-50,5-10,0-2000,CMP022,435.33,1.1577,503.99,2011-11-20,19,Regular
17228.0,16,8,1906.09,0-50,5-10,0-2000,CMP032,842.78,1.2617,1063.31,2011-11-23,16,Regular
17229.0,96,2,318.76,50-100,0-5,0-2000,CMP033,766.84,-0.5843,-448.08,2011-09-04,96,Regular
17230.0,264,8,3638.41,250-300,5-10,2000-4000,CMP028,1090.24,2.3373,2548.17,2011-03-20,264,Ocasional
17231.0,12,10,3124.72,0-50,10-15,2000-4000,CMP044,2078.39,0.5034,1046.33,2011-11-27,12,Regular
17232.0,3,2,417.77,0-50,0-5,0-2000,CMP019,593.24,-0.2958,-175.47,2011-12-06,3,Regular
17233.0,35,1,190.88,0-50,0-5,0-2000,CMP009,327.94,-0.4179,-137.06,2011-11-04,35,Regular
17234.0,183,1,149.89,150-200,0-5,0-2000,CMP013,809.51,-0.8148,-659.62,2011-06-09,183,Ocasional
17235.0,25,2,550.0600000000001,0-50,0-5,0-2000,CMP030,753.44,-0.2699,-203.38,2011-11-14,25,Regular
17236.0,13,6,916.13,0-50,5-10,0-2000,CMP010,360.67,1.5401,555.46,2011-11-26,13,Regular
17237.0,11,2,314.69,0-50,0-5,0-2000,CMP012,440.78,-0.2861,-126.09,2011-11-28,11,Regular
17238.0,3,17,3719.1,0-50,15-20,2000-4000,CMP047,1540.55,1.4141,2178.55,2011-12-06,3,Engajado
17239.0,313,1,382.5,300-350,0-5,0-2000,CMP011,150.3,1.5449,232.2,2011-01-30,313,Ocasional
17242.0,108,2,1135.04,100-150,0-5,0-2000,CMP024,557.84,1.0347,577.2,2011-08-23,108,Regular
17243.0,1,26,8531.65,0-50,25-30,8000-10000,CMP035,1415.25,5.0284,7116.4,2011-12-08,1,Engajado
17244.0,53,1,954.9,50-100,0-5,0-2000,CMP022,435.33,1.1935,519.57,2011-10-17,53,Regular
17245.0,205,1,171.45000000000002,200-250,0-5,0-2000,CMP020,517.27,-0.6685,-345.82,2011-05-18,205,Ocasional
17247.0,15,1,280.09000000000003,0-50,0-5,0-2000,CMP007,161.77,0.7314,118.32,2011-11-24,15,Regular
17248.0,120,1,318.65,100-150,0-5,0-2000,CMP024,557.84,-0.4288,-239.19,2011-08-11,120,Regular
17250.0,4,2,381.97,0-50,0-5,0-2000,CMP018,643.37,-0.4063,-261.4,2011-12-05,4,Regular
17251.0,363,1,269.83,350-400,0-5,0-2000,CMP021,690.41,-0.6092,-420.58,2010-12-11,363,Ocasional
17252.0,117,2,348.91,100-150,0-5,0-2000,CMP010,360.67,-0.0326,-11.76,2011-08-14,117,Regular
17253.0,18,1,178.26,0-50,0-5,0-2000,CMP016,459.04,-0.6117,-280.78,2011-11-21,18,Regular
17254.0,5,2,271.19,0-50,0-5,0-2000,CMP005,191.74,0.4144,79.45,2011-12-04,5,Regular
17255.0,41,2,291.48,0-50,0-5,0-2000,CMP008,409.05,-0.2874,-117.57,2011-10-29,41,Regular
17256.0,107,2,240.0,100-150,0-5,0-2000,CMP006,191.74,0.2517,48.26,2011-08-24,107,Regular
17259.0,148,2,581.23,100-150,0-5,0-2000,CMP012,440.78,0.3186,140.45,2011-07-14,148,Ocasional
17262.0,52,5,1253.36,50-100,5-10,0-2000,CMP032,842.78,0.4872,410.58,2011-10-18,52,Regular
17263.0,208,1,63.440000000000005,200-250,0-5,0-2000,CMP008,409.05,-0.8449,-345.61,2011-05-15,208,Ocasional
17265.0,139,2,550.01,100-150,0-5,0-2000,CMP042,1705.66,-0.6775,-1155.65,2011-07-23,139,Regular
17266.0,2,3,296.58,0-50,0-5,0-2000,CMP046,1856.27,-0.8402,-1559.69,2011-12-07,2,Regular
17267.0,127,2,317.2,100-150,0-5,0-2000,CMP024,557.84,-0.4314,-240.64,2011-08-04,127,Regular
17268.0,108,4,763.64,100-150,0-5,0-2000,CMP010,360.67,1.1173,402.97,2011-08-23,108,Regular
17272.0,42,4,2148.63,0-50,0-5,2000-4000,CMP028,1090.24,0.9708,1058.39,2011-10-28,42,Regular
17274.0,35,1,107.82,0-50,0-5,0-2000,CMP032,842.78,-0.8721,-734.96,2011-11-04,35,Regular
17277.0,228,2,1065.35,200-250,0-5,0-2000,CMP018,643.37,0.6559,421.98,2011-04-25,228,Ocasional
17278.0,241,1,246.04,200-250,0-5,0-2000,CMP003,367.99,-0.3314,-121.95,2011-04-12,241,Ocasional
17279.0,58,1,187.83,50-100,0-5,0-2000,CMP015,458.19,-0.5901,-270.36,2011-10-12,58,Regular
17282.0,130,3,1685.46,100-150,0-5,0-2000,CMP044,2078.39,-0.1891,-392.93,2011-08-01,130,Regular
17284.0,60,6,1647.48,50-100,5-10,0-2000,CMP042,1705.66,-0.0341,-58.18,2011-10-10,60,Regular
17286.0,22,1,151.37,0-50,0-5,0-2000,CMP005,191.74,-0.2105,-40.37,2011-11-17,22,Regular
17287.0,26,7,1049.06,0-50,5-10,0-2000,CMP027,863.77,0.2145,185.29,2011-11-13,26,Regular
17288.0,9,7,1417.63,0-50,5-10,0-2000,CMP013,809.51,0.7512,608.12,2011-11-30,9,Regular
17289.0,32,3,931.02,0-50,0-5,0-2000,CMP013,809.51,0.1501,121.51,2011-11-07,32,Regular
17290.0,4,2,513.01,0-50,0-5,0-2000,CMP036,1302.05,-0.606,-789.04,2011-12-05,4,Regular
17291.0,308,1,550.8000000000001,300-350,0-5,0-2000,CMP014,474.66,0.1604,76.14,2011-02-04,308,Ocasional
17293.0,8,9,1854.06,0-50,5-10,0-2000,CMP025,1048.37,0.7685,805.69,2011-12-01,8,Regular
17295.0,29,3,547.0,0-50,0-5,0-2000,CMP001,258.61,1.1152,288.39,2011-11-10,29,Regular
17297.0,17,1,128.18,0-50,0-5,0-2000,CMP038,1347.91,-0.9049,-1219.73,2011-11-22,17,Regular
17298.0,101,2,498.42,100-150,0-5,0-2000,CMP031,1157.44,-0.5694,-659.02,2011-08-30,101,Regular
17299.0,12,4,656.61,0-50,0-5,0-2000,CMP026,1285.33,-0.4892,-628.72,2011-11-27,12,Regular
17301.0,21,1,163.24,0-50,0-5,0-2000,CMP029,1146.55,-0.8576,-983.31,2011-11-18,21,Regular
17302.0,15,5,1135.63,0-50,5-10,0-2000,CMP011,150.3,6.5558,985.33,2011-11-24,15,Regular
17303.0,361,1,250.04,350-400,0-5,0-2000,CMP013,809.51,-0.6911,-559.47,2010-12-13,361,Ocasional
17306.0,11,19,8631.31,0-50,15-20,8000-10000,CMP028,1090.24,6.9169,7541.07,2011-11-28,11,Engajado
17309.0,95,1,82.75,50-100,0-5,0-2000,CMP003,367.99,-0.7751,-285.24,2011-09-05,95,Regular
17311.0,78,2,1384.85,50-100,0-5,0-2000,CMP021,690.41,1.0058,694.44,2011-09-22,78,Regular
17312.0,139,3,644.3,100-150,0-5,0-2000,CMP041,1369.84,-0.5297,-725.54,2011-07-23,139,Regular
17313.0,31,1,2328.84,0-50,0-5,2000-4000,CMP004,327.19,6.1177,2001.65,2011-11-08,31,Regular
17314.0,25,8,2527.92,0-50,5-10,2000-4000,CMP026,1285.33,0.9667,1242.59,2011-11-14,25,Regular
17315.0,2,36,6241.15,0-50,,6000-8000,CMP020,517.27,11.0656,5723.88,2011-12-07,2,Engajado
17317.0,46,3,2600.34,0-50,0-5,2000-4000,CMP023,517.75,4.0224,2082.59,2011-10-24,46,Regular
17320.0,100,3,1200.62,100-150,0-5,0-2000,CMP040,1656.14,-0.275,-455.52,2011-08-31,100,Regular
17321.0,8,2,657.16,0-50,0-5,0-2000,CMP021,690.41,-0.0482,-33.25,2011-12-01,8,Regular
17323.0,15,7,903.12,0-50,5-10,0-2000,CMP021,690.41,0.3081,212.71,2011-11-24,15,Regular
17324.0,18,4,986.48,0-50,0-5,0-2000,CMP030,753.44,0.3093,233.04,2011-11-21,18,Regular
17325.0,280,1,96.8,250-300,0-5,0-2000,CMP005,191.74,-0.4951,-94.94,2011-03-04,280,Ocasional
17329.0,14,2,523.11,0-50,0-5,0-2000,CMP021,690.41,-0.2423,-167.3,2011-11-25,14,Regular
17330.0,23,2,363.9,0-50,0-5,0-2000,CMP020,517.27,-0.2965,-153.37,2011-11-16,23,Regular
17331.0,124,1,175.2,100-150,0-5,0-2000,CMP016,459.04,-0.6183,-283.84,2011-08-07,124,Regular
17333.0,86,1,494.25,50-100,0-5,0-2000,CMP048,1728.05,-0.714,-1233.8,2011-09-14,86,Regular
17334.0,302,2,307.02000000000004,300-350,0-5,0-2000,CMP030,753.44,-0.5925,-446.42,2011-02-10,302,Ocasional
17337.0,151,4,1979.61,150-200,0-5,0-2000,CMP029,1146.55,0.7266,833.06,2011-07-11,151,Regular
17338.0,17,8,6484.75,0-50,5-10,6000-8000,CMP043,1290.94,4.0233,5193.81,2011-11-22,17,Engajado
17339.0,94,2,243.36,50-100,0-5,0-2000,CMP005,191.74,0.2692,51.62,2011-09-06,94,Regular
17340.0,30,11,12353.29,0-50,10-15,10000-12000,CMP003,367.99,32.5696,11985.3,2011-11-09,30,Engajado
17341.0,157,3,682.29,150-200,0-5,0-2000,CMP012,440.78,0.5479,241.51,2011-07-05,157,Ocasional
17343.0,355,1,193.64,350-400,0-5,0-2000,CMP010,360.67,-0.4631,-167.03,2010-12-19,355,Ocasional
17344.0,46,1,157.62,0-50,0-5,0-2000,CMP014,474.66,-0.6679,-317.04,2011-10-24,46,Regular
17345.0,15,4,519.6899999999999,0-50,0-5,0-2000,CMP026,1285.33,-0.5957,-765.64,2011-11-24,15,Regular
17346.0,4,15,2622.88,0-50,15-20,2000-4000,CMP046,1856.27,0.413,766.61,2011-12-05,4,Engajado
17347.0,86,1,228.96,50-100,0-5,0-2000,CMP014,474.66,-0.5176,-245.7,2011-09-14,86,Regular
17348.0,15,5,1156.6,0-50,5-10,0-2000,CMP022,435.33,1.6568,721.27,2011-11-24,15,Regular
17349.0,179,1,98.25,150-200,0-5,0-2000,CMP002,434.92,-0.7741,-336.67,2011-06-13,179,Ocasional
17350.0,8,4,1281.32,0-50,0-5,0-2000,CMP004,327.19,2.9161,954.13,2011-12-01,8,Regular
17351.0,36,3,587.15,0-50,0-5,0-2000,CMP023,517.75,0.134,69.4,2011-11-03,36,Regular
17353.0,129,2,1740.0,100-150,0-5,0-2000,CMP031,1157.44,0.5033,582.56,2011-08-02,129,Regular
17354.0,51,1,1393.06,50-100,0-5,0-2000,CMP033,766.84,0.8166,626.22,2011-10-19,51,Regular
17356.0,312,1,178.22,300-350,0-5,0-2000,CMP005,191.74,-0.0705,-13.52,2011-01-31,312,Ocasional
17357.0,24,2,384.39,0-50,0-5,0-2000,CMP003,367.99,0.0446,16.4,2011-11-15,24,Regular
17358.0,303,2,360.81,300-350,0-5,0-2000,CMP020,517.27,-0.3025,-156.46,2011-02-09,303,Ocasional
17359.0,11,1,127.86,0-50,0-5,0-2000,CMP007,161.77,-0.2096,-33.91,2011-11-28,11,Regular
17360.0,17,3,568.24,0-50,0-5,0-2000,CMP005,191.74,1.9636,376.5,2011-11-22,17,Regular
17361.0,49,3,488.2,0-50,0-5,0-2000,CMP029,1146.55,-0.5742,-658.35,2011-10-21,49,Regular
17362.0,239,2,312.23,200-250,0-5,0-2000,CMP009,327.94,-0.0479,-15.71,2011-04-14,239,Ocasional
17364.0,1,11,4462.68,0-50,10-15,4000-6000,CMP036,1302.05,2.4274,3160.63,2011-12-08,1,Engajado
17365.0,13,8,4762.32,0-50,5-10,4000-6000,CMP025,1048.37,3.5426,3713.95,2011-11-26,13,Regular
17367.0,238,1,167.55,200-250,0-5,0-2000,CMP005,191.74,-0.1262,-24.19,2011-04-15,238,Ocasional
17368.0,23,8,1878.87,0-50,5-10,0-2000,CMP029,1146.55,0.6387,732.32,2011-11-16,23,Regular
17370.0,73,4,446.18,50-100,0-5,0-2000,CMP031,1157.44,-0.6145,-711.26,2011-09-27,73,Regular
17371.0,17,3,418.4,0-50,0-5,0-2000,CMP018,643.37,-0.3497,-224.97,2011-11-22,17,Regular
17372.0,41,8,1337.18,0-50,5-10,0-2000,CMP030,753.44,0.7748,583.74,2011-10-29,41,Regular
17373.0,40,4,646.92,0-50,0-5,0-2000,CMP010,360.67,0.7937,286.25,2011-10-30,40,Regular
17374.0,219,2,495.77,200-250,0-5,0-2000,CMP031,1157.44,-0.5717,-661.67,2011-05-04,219,Ocasional
17375.0,199,3,400.1,150-200,0-5,0-2000,CMP013,809.51,-0.5058,-409.41,2011-05-24,199,Ocasional
17376.0,71,2,203.2,50-100,0-5,0-2000,CMP023,517.75,-0.6075,-314.55,2011-09-29,71,Regular
17377.0,24,20,4058.32,0-50,20-25,4000-6000,CMP035,1415.25,1.8676,2643.07,2011-11-15,24,Engajado
17379.0,11,1,389.72,0-50,0-5,0-2000,CMP042,1705.66,-0.7715,-1315.94,2011-11-28,11,Regular
17381.0,9,29,20275.61,0-50,25-30,10000-12000,CMP029,1146.55,16.684,19129.06,2011-11-30,9,Engajado
17382.0,65,1,65.4,50-100,0-5,0-2000,CMP002,434.92,-0.8496,-369.52,2011-10-05,65,Regular
17383.0,4,1,193.39,0-50,0-5,0-2000,CMP001,258.61,-0.2522,-65.22,2011-12-05,4,Regular
17384.0,19,2,336.4,0-50,0-5,0-2000,CMP032,842.78,-0.6008,-506.38,2011-11-20,19,Regular
17385.0,15,1,256.11,0-50,0-5,0-2000,CMP014,474.66,-0.4604,-218.55,2011-11-24,15,Regular
17386.0,8,6,2686.42,0-50,5-10,2000-4000,CMP041,1369.84,0.9611,1316.58,2011-12-01,8,Regular
17387.0,20,2,746.81,0-50,0-5,0-2000,CMP013,809.51,-0.0775,-62.7,2011-11-19,20,Regular
17388.0,78,4,1259.56,50-100,0-5,0-2000,CMP017,524.29,1.4024,735.27,2011-09-22,78,Regular
17391.0,164,2,508.8,150-200,0-5,0-2000,CMP003,367.99,0.3826,140.81,2011-06-28,164,Ocasional
17392.0,307,2,411.27,300-350,0-5,0-2000,CMP045,1492.9,-0.7245,-1081.63,2011-02-05,307,Ocasional
17394.0,219,1,203.87,200-250,0-5,0-2000,CMP022,435.33,-0.5317,-231.46,2011-05-04,219,Ocasional
17396.0,39,7,7312.8,0-50,5-10,6000-8000,CMP046,1856.27,2.9395,5456.53,2011-10-31,39,Engajado
17397.0,22,2,681.41,0-50,0-5,0-2000,CMP014,474.66,0.4356,206.75,2011-11-17,22,Regular
17398.0,115,3,653.38,100-150,0-5,0-2000,CMP025,1048.37,-0.3768,-394.99,2011-08-16,115,Regular
17400.0,126,5,2097.84,100-150,5-10,2000-4000,CMP038,1347.91,0.5564,749.93,2011-08-05,126,Regular
17402.0,5,12,2598.85,0-50,10-15,2000-4000,CMP027,863.77,2.0087,1735.08,2011-12-04,5,Regular
17403.0,36,1,263.92,0-50,0-5,0-2000,CMP036,1302.05,-0.7973,-1038.13,2011-11-03,36,Regular
17405.0,1,3,1031.41,0-50,0-5,0-2000,CMP043,1290.94,-0.201,-259.53,2011-12-08,1,Regular
17406.0,333,3,2184.42,300-350,0-5,2000-4000,CMP045,1492.9,0.4632,691.52,2011-01-10,333,Ocasional
17408.0,163,1,32.65,150-200,0-5,0-2000,CMP028,1090.24,-0.9701,-1057.59,2011-06-29,163,Ocasional
17409.0,185,2,771.85,150-200,0-5,0-2000,CMP015,458.19,0.6846,313.66,2011-06-07,185,Ocasional
17410.0,16,5,1214.72,0-50,5-10,0-2000,CMP015,458.19,1.6511,756.53,2011-11-23,16,Regular
17411.0,12,3,778.94,0-50,0-5,0-2000,CMP045,1492.9,-0.4782,-713.96,2011-11-27,12,Regular
17412.0,3,7,1258.06,0-50,5-10,0-2000,CMP001,258.61,3.8647,999.45,2011-12-06,3,Regular
17414.0,44,2,778.0,0-50,0-5,0-2000,CMP029,1146.55,-0.3214,-368.55,2011-10-26,44,Regular
17415.0,80,1,507.84,50-100,0-5,0-2000,CMP028,1090.24,-0.5342,-582.4,2011-09-20,80,Regular
17416.0,30,7,6893.42,0-50,5-10,6000-8000,CMP036,1302.05,4.2943,5591.37,2011-11-09,30,Engajado
17418.0,42,2,463.46,0-50,0-5,0-2000,CMP048,1728.05,-0.7318,-1264.59,2011-10-28,42,Regular
17419.0,11,12,4226.57,0-50,10-15,4000-6000,CMP026,1285.33,2.2883,2941.24,2011-11-28,11,Engajado
17420.0,50,3,598.83,50-100,0-5,0-2000,CMP017,524.29,0.1422,74.54,2011-10-20,50,Regular
17422.0,16,6,1979.37,0-50,5-10,0-2000,CMP008,409.05,3.8389,1570.32,2011-11-23,16,Regular
17423.0,46,2,698.41,0-50,0-5,0-2000,CMP020,517.27,0.3502,181.14,2011-10-24,46,Regular
17425.0,19,2,759.1700000000001,0-50,0-5,0-2000,CMP014,474.66,0.5994,284.51,2011-11-20,19,Regular
17426.0,8,6,5037.26,0-50,5-10,4000-6000,CMP027,863.77,4.8317,4173.49,2011-12-01,8,Regular
17427.0,72,1,100.8,50-100,0-5,0-2000,CMP035,1415.25,-0.9288,-1314.45,2011-09-28,72,Regular
17428.0,1,28,17256.85,0-50,25-30,10000-12000,CMP046,1856.27,8.2965,15400.58,2011-12-08,1,Engajado
17429.0,128,3,524.9200000000001,100-150,0-5,0-2000,CMP012,440.78,0.1909,84.14,2011-08-03,128,Regular
17430.0,33,2,265.76,0-50,0-5,0-2000,CMP010,360.67,-0.2631,-94.91,2011-11-06,33,Regular
17431.0,313,1,403.3,300-350,0-5,0-2000,CMP042,1705.66,-0.7636,-1302.36,2011-01-30,313,Ocasional
17432.0,18,2,365.76,0-50,0-5,0-2000,CMP006,191.74,0.9076,174.02,2011-11-21,18,Regular
17433.0,88,1,303.16,50-100,0-5,0-2000,CMP009,327.94,-0.0756,-24.78,2011-09-12,88,Regular
17434.0,2,7,2373.82,0-50,5-10,2000-4000,CMP016,459.04,4.1713,1914.78,2011-12-07,2,Regular
17436.0,2,2,216.3,0-50,0-5,0-2000,CMP016,459.04,-0.5288,-242.74,2011-12-07,2,Regular
17438.0,254,1,388.4500000000001,250-300,0-5,0-2000,CMP011,150.3,1.5845,238.15,2011-03-30,254,Ocasional
17440.0,157,3,186.42,150-200,0-5,0-2000,CMP046,1856.27,-0.8996,-1669.85,2011-07-05,157,Ocasional
17442.0,37,6,2248.56,0-50,5-10,2000-4000,CMP031,1157.44,0.9427,1091.12,2011-11-02,37,Regular
17443.0,220,1,534.24,200-250,0-5,0-2000,CMP022,435.33,0.2272,98.91,2011-05-03,220,Ocasional
17444.0,152,2,2389.1,150-200,0-5,2000-4000,CMP024,557.84,3.2828,1831.26,2011-07-10,152,Regular
17446.0,177,2,120.9,150-200,0-5,0-2000,CMP013,809.51,-0.8507,-688.61,2011-06-15,177,Ocasional
17447.0,40,2,541.53,0-50,0-5,0-2000,CMP027,863.77,-0.3731,-322.24,2011-10-30,40,Regular
17449.0,2,7,2516.21,0-50,5-10,2000-4000,CMP041,1369.84,0.8369,1146.37,2011-12-07,2,Regular
17451.0,1,7,1721.4,0-50,5-10,0-2000,CMP041,1369.84,0.2566,351.56,2011-12-08,1,Regular
17453.0,18,2,486.72,0-50,0-5,0-2000,CMP024,557.84,-0.1275,-71.12,2011-11-21,18,Regular
17454.0,192,4,517.53,150-200,0-5,0-2000,CMP039,1875.82,-0.7241,-1358.29,2011-05-31,192,Ocasional
17455.0,204,1,131.7,200-250,0-5,0-2000,CMP034,1403.19,-0.9061,-1271.49,2011-05-19,204,Ocasional
17456.0,365,1,249.86,350-400,0-5,0-2000,CMP029,1146.55,-0.7821,-896.69,2010-12-09,365,Ocasional
17457.0,127,5,1737.7,100-150,5-10,0-2000,CMP006,191.74,8.0628,1545.96,2011-08-04,127,Regular
17458.0,15,1,316.5,0-50,0-5,0-2000,CMP001,258.61,0.2239,57.89,2011-11-24,15,Regular
17459.0,43,2,657.3,0-50,0-5,0-2000,CMP013,809.51,-0.188,-152.21,2011-10-27,43,Regular
17460.0,94,6,622.4300000000001,50-100,5-10,0-2000,CMP027,863.77,-0.2794,-241.34,2011-09-06,94,Regular
17461.0,23,3,735.82,0-50,0-5,0-2000,CMP019,593.24,0.2403,142.58,2011-11-16,23,Regular
17462.0,60,2,675.69,50-100,0-5,0-2000,CMP019,593.24,0.139,82.45,2011-10-10,60,Regular
17463.0,16,5,1875.86,0-50,5-10,0-2000,CMP045,1492.9,0.2565,382.96,2011-11-23,16,Regular
17464.0,158,1,289.96000000000004,150-200,0-5,0-2000,CMP040,1656.14,-0.8249,-1366.18,2011-07-04,158,Ocasional
17466.0,10,2,763.28,0-50,0-5,0-2000,CMP040,1656.14,-0.5391,-892.86,2011-11-29,10,Regular
17468.0,10,2,137.0,0-50,0-5,0-2000,CMP009,327.94,-0.5822,-190.94,2011-11-29,10,Regular
17469.0,16,5,1870.97,0-50,5-10,0-2000,CMP039,1875.82,-0.0026,-4.85,2011-11-23,16,Regular
17470.0,45,5,1125.07,0-50,5-10,0-2000,CMP015,458.19,1.4555,666.88,2011-10-25,45,Regular
17472.0,191,3,697.54,150-200,0-5,0-2000,CMP012,440.78,0.5825,256.76,2011-06-01,191,Ocasional
17475.0,79,1,194.37,50-100,0-5,0-2000,CMP005,191.74,0.0137,2.63,2011-09-21,79,Regular
17480.0,78,1,511.82,50-100,0-5,0-2000,CMP017,524.29,-0.0238,-12.47,2011-09-22,78,Regular
17481.0,4,4,1255.59,0-50,0-5,0-2000,CMP020,517.27,1.4273,738.32,2011-12-05,4,Regular
17483.0,65,3,414.04,50-100,0-5,0-2000,CMP032,842.78,-0.5087,-428.74,2011-10-05,65,Regular
17486.0,261,1,396.87,250-300,0-5,0-2000,CMP010,360.67,0.1004,36.2,2011-03-23,261,Ocasional
17489.0,59,2,376.64,50-100,0-5,0-2000,CMP029,1146.55,-0.6715,-769.91,2011-10-11,59,Regular
17490.0,1,7,2092.32,0-50,5-10,2000-4000,CMP034,1403.19,0.4911,689.13,2011-12-08,1,Regular
17491.0,1,10,3558.87,0-50,10-15,2000-4000,CMP026,1285.33,1.7688,2273.54,2011-12-08,1,Regular
17492.0,248,1,374.57,200-250,0-5,0-2000,CMP022,435.33,-0.1396,-60.76,2011-04-05,248,Ocasional
17495.0,8,2,497.56,0-50,0-5,0-2000,CMP015,458.19,0.0859,39.37,2011-12-01,8,Regular
17496.0,359,1,271.05,350-400,0-5,0-2000,CMP016,459.04,-0.4095,-187.99,2010-12-15,359,Ocasional
17498.0,76,1,272.22,50-100,0-5,0-2000,CMP012,440.78,-0.3824,-168.56,2011-09-24,76,Regular
17499.0,290,1,622.88,250-300,0-5,0-2000,CMP011,150.3,3.1442,472.58,2011-02-22,290,Ocasional
17500.0,17,3,1138.0,0-50,0-5,0-2000,CMP010,360.67,2.1552,777.33,2011-11-22,17,Regular
17501.0,221,2,288.6,200-250,0-5,0-2000,CMP015,458.19,-0.3701,-169.59,2011-05-02,221,Ocasional
17502.0,9,4,689.1,0-50,0-5,0-2000,CMP039,1875.82,-0.6326,-1186.72,2011-11-30,9,Regular
17503.0,3,2,558.96,0-50,0-5,0-2000,CMP017,524.29,0.0661,34.67,2011-12-06,3,Regular
17504.0,206,9,2997.03,200-250,5-10,2000-4000,CMP040,1656.14,0.8096,1340.89,2011-05-17,206,Ocasional
17505.0,162,2,1145.84,150-200,0-5,0-2000,CMP027,863.77,0.3266,282.07,2011-06-30,162,Ocasional
17506.0,76,1,302.2,50-100,0-5,0-2000,CMP043,1290.94,-0.7659,-988.74,2011-09-24,76,Regular
17507.0,262,2,605.58,250-300,0-5,0-2000,CMP032,842.78,-0.2814,-237.2,2011-03-22,262,Ocasional
17508.0,281,1,387.31,250-300,0-5,0-2000,CMP024,557.84,-0.3057,-170.53,2011-03-03,281,Ocasional
17509.0,58,8,6083.64,50-100,5-10,6000-8000,CMP038,1347.91,3.5134,4735.73,2011-10-12,58,Engajado
17510.0,25,1,308.48,0-50,0-5,0-2000,CMP039,1875.82,-0.8355,-1567.34,2011-11-14,25,Regular
17512.0,29,10,2924.99,0-50,10-15,2000-4000,CMP029,1146.55,1.5511,1778.44,2011-11-10,29,Regular
17513.0,72,1,513.2,50-100,0-5,0-2000,CMP016,459.04,0.118,54.16,2011-09-28,72,Regular
17514.0,128,1,208.65,100-150,0-5,0-2000,CMP001,258.61,-0.1932,-49.96,2011-08-03,128,Regular
17515.0,31,4,639.02,0-50,0-5,0-2000,CMP032,842.78,-0.2418,-203.76,2011-11-08,31,Regular
17516.0,15,5,764.88,0-50,5-10,0-2000,CMP031,1157.44,-0.3392,-392.56,2011-11-24,15,Regular
17517.0,309,1,153.94,300-350,0-5,0-2000,CMP003,367.99,-0.5817,-214.05,2011-02-03,309,Ocasional
17519.0,17,6,1844.02,0-50,5-10,0-2000,CMP035,1415.25,0.303,428.77,2011-11-22,17,Regular
17520.0,54,1,546.81,50-100,0-5,0-2000,CMP021,690.41,-0.208,-143.6,2011-10-16,54,Regular
17521.0,30,3,723.21,0-50,0-5,0-2000,CMP010,360.67,1.0052,362.54,2011-11-09,30,Regular
17522.0,2,5,1066.15,0-50,5-10,0-2000,CMP047,1540.55,-0.3079,-474.4,2011-12-07,2,Regular
17523.0,11,4,652.74,0-50,0-5,0-2000,CMP013,809.51,-0.1937,-156.77,2011-11-28,11,Regular
17524.0,361,1,145.0,350-400,0-5,0-2000,CMP002,434.92,-0.6666,-289.92,2010-12-13,361,Ocasional
17525.0,360,1,422.7,350-400,0-5,0-2000,CMP025,1048.37,-0.5968,-625.67,2010-12-14,360,Ocasional
17526.0,5,4,1195.9,0-50,0-5,0-2000,CMP029,1146.55,0.043,49.35,2011-12-04,5,Regular
17527.0,54,4,939.37,50-100,0-5,0-2000,CMP004,327.19,1.871,612.18,2011-10-16,54,Regular
17528.0,1,8,3628.5,0-50,5-10,2000-4000,CMP038,1347.91,1.6919,2280.59,2011-12-08,1,Regular
17530.0,1,10,2362.53,0-50,10-15,2000-4000,CMP034,1403.19,0.6837,959.34,2011-12-08,1,Regular
17531.0,190,1,296.7,150-200,0-5,0-2000,CMP003,367.99,-0.1937,-71.29,2011-06-02,190,Ocasional
17534.0,54,1,223.36,50-100,0-5,0-2000,CMP005,191.74,0.1649,31.62,2011-10-16,54,Regular
17535.0,280,1,164.4,250-300,0-5,0-2000,CMP016,459.04,-0.6419,-294.64,2011-03-04,280,Ocasional
17536.0,177,1,76.5,150-200,0-5,0-2000,CMP008,409.05,-0.813,-332.55,2011-06-15,177,Ocasional
17537.0,30,2,887.6700000000001,0-50,0-5,0-2000,CMP043,1290.94,-0.3124,-403.27,2011-11-09,30,Regular
17538.0,26,1,98.42,0-50,0-5,0-2000,CMP034,1403.19,-0.9299,-1304.77,2011-11-13,26,Regular
17540.0,25,2,578.9,0-50,0-5,0-2000,CMP047,1540.55,-0.6242,-961.65,2011-11-14,25,Regular
17542.0,270,1,170.75,250-300,0-5,0-2000,CMP007,161.77,0.0555,8.98,2011-03-14,270,Ocasional
17545.0,43,3,642.32,0-50,0-5,0-2000,CMP046,1856.27,-0.654,-1213.95,2011-10-27,43,Regular
17548.0,234,1,103.3,200-250,0-5,0-2000,CMP012,440.78,-0.7656,-337.48,2011-04-19,234,Ocasional
17549.0,24,2,148.86,0-50,0-5,0-2000,CMP010,360.67,-0.5873,-211.81,2011-11-15,24,Regular
17550.0,197,3,267.16,150-200,0-5,0-2000,CMP002,434.92,-0.3857,-167.76,2011-05-26,197,Ocasional
17551.0,359,1,290.34,350-400,0-5,0-2000,CMP002,434.92,-0.3324,-144.58,2010-12-15,359,Ocasional
17552.0,60,4,930.41,50-100,0-5,0-2000,CMP028,1090.24,-0.1466,-159.83,2011-10-10,60,Regular
17553.0,130,1,1487.6,100-150,0-5,0-2000,CMP020,517.27,1.8759,970.33,2011-08-01,130,Regular
17554.0,1,5,1952.45,0-50,5-10,0-2000,CMP022,435.33,3.485,1517.12,2011-12-08,1,Regular
17555.0,20,2,480.31,0-50,0-5,0-2000,CMP025,1048.37,-0.5419,-568.06,2011-11-19,20,Regular
17556.0,206,1,157.9,200-250,0-5,0-2000,CMP007,161.77,-0.0239,-3.87,2011-05-17,206,Ocasional
17557.0,14,3,541.46,0-50,0-5,0-2000,CMP024,557.84,-0.0294,-16.38,2011-11-25,14,Regular
17560.0,95,5,854.95,50-100,5-10,0-2000,CMP017,524.29,0.6307,330.66,2011-09-05,95,Regular
17561.0,19,1,165.12,0-50,0-5,0-2000,CMP034,1403.19,-0.8823,-1238.07,2011-11-20,19,Regular
17562.0,14,7,1122.38,0-50,5-10,0-2000,CMP032,842.78,0.3318,279.6,2011-11-25,14,Regular
17564.0,24,3,454.01,0-50,0-5,0-2000,CMP021,690.41,-0.3424,-236.4,2011-11-15,24,Regular
17566.0,8,2,869.77,0-50,0-5,0-2000,CMP017,524.29,0.6589,345.48,2011-12-01,8,Regular
17567.0,7,8,4331.48,0-50,5-10,4000-6000,CMP028,1090.24,2.973,3241.24,2011-12-02,7,Regular
17569.0,332,1,344.14,300-350,0-5,0-2000,CMP032,842.78,-0.5917,-498.64,2011-01-11,332,Ocasional
17571.0,50,4,1424.42,50-100,0-5,0-2000,CMP016,459.04,2.103,965.38,2011-10-20,50,Regular
17572.0,71,4,226.75000000000003,50-100,0-5,0-2000,CMP006,191.74,0.1826,35.01,2011-09-29,71,Regular
17573.0,29,3,380.6,0-50,0-5,0-2000,CMP009,327.94,0.1606,52.66,2011-11-10,29,Regular
17574.0,243,1,185.65,200-250,0-5,0-2000,CMP013,809.51,-0.7707,-623.86,2011-04-10,243,Ocasional
17576.0,8,19,3564.83,0-50,15-20,2000-4000,CMP032,842.78,3.2298,2722.05,2011-12-01,8,Engajado
17578.0,218,1,143.45999999999998,200-250,0-5,0-2000,CMP036,1302.05,-0.8898,-1158.59,2011-05-05,218,Ocasional
17579.0,5,3,448.9,0-50,0-5,0-2000,CMP013,809.51,-0.4455,-360.61,2011-12-04,5,Regular
17580.0,253,3,212.77,250-300,0-5,0-2000,CMP011,150.3,0.4156,62.47,2011-03-31,253,Ocasional
17581.0,1,25,11025.24,0-50,25-30,10000-12000,CMP042,1705.66,5.4639,9319.58,2011-12-08,1,Engajado
17582.0,236,1,175.27,200-250,0-5,0-2000,CMP034,1403.19,-0.8751,-1227.92,2011-04-17,236,Ocasional
17584.0,7,2,1242.3,0-50,0-5,0-2000,CMP018,643.37,0.9309,598.93,2011-12-02,7,Regular
17585.0,109,4,1116.68,100-150,0-5,0-2000,CMP021,690.41,0.6174,426.27,2011-08-22,109,Regular
17588.0,100,3,1240.2,100-150,0-5,0-2000,CMP016,459.04,1.7017,781.16,2011-08-31,100,Regular
17589.0,60,4,2402.92,50-100,0-5,2000-4000,CMP046,1856.27,0.2945,546.65,2011-10-10,60,Regular
17590.0,2,3,1466.77,0-50,0-5,0-2000,CMP010,360.67,3.0668,1106.1,2011-12-07,2,Regular
17591.0,73,7,2203.67,50-100,5-10,2000-4000,CMP046,1856.27,0.1871,347.4,2011-09-27,73,Regular
17593.0,4,5,3923.86,0-50,5-10,2000-4000,CMP038,1347.91,1.9111,2575.95,2011-12-05,4,Regular
17594.0,85,2,993.18,50-100,0-5,0-2000,CMP023,517.75,0.9183,475.43,2011-09-15,85,Regular
17595.0,12,2,386.69,0-50,0-5,0-2000,CMP004,327.19,0.1819,59.5,2011-11-27,12,Regular
17596.0,23,7,2806.69,0-50,5-10,2000-4000,CMP032,842.78,2.3303,1963.91,2011-11-16,23,Regular
17597.0,214,1,2044.37,200-250,0-5,2000-4000,CMP030,753.44,1.7134,1290.93,2011-05-09,214,Ocasional
17600.0,18,1,161.67000000000002,0-50,0-5,0-2000,CMP005,191.74,-0.1568,-30.07,2011-11-21,18,Regular
17601.0,239,1,116.01,200-250,0-5,0-2000,CMP021,690.41,-0.832,-574.4,2011-04-14,239,Ocasional
17602.0,2,6,5054.42,0-50,5-10,4000-6000,CMP048,1728.05,1.9249,3326.37,2011-12-07,2,Regular
17603.0,78,1,394.72,50-100,0-5,0-2000,CMP024,557.84,-0.2924,-163.12,2011-09-22,78,Regular
17604.0,217,2,309.36,200-250,0-5,0-2000,CMP029,1146.55,-0.7302,-837.19,2011-05-06,217,Ocasional
17608.0,33,2,191.99,0-50,0-5,0-2000,CMP002,434.92,-0.5586,-242.93,2011-11-06,33,Regular
17609.0,41,5,1098.28,0-50,5-10,0-2000,CMP019,593.24,0.8513,505.04,2011-10-29,41,Regular
17611.0,7,15,3961.12,0-50,15-20,2000-4000,CMP012,440.78,7.9866,3520.34,2011-12-02,7,Engajado
17612.0,53,6,2048.45,50-100,5-10,2000-4000,CMP036,1302.05,0.5732,746.4,2011-10-17,53,Regular
17613.0,23,14,4544.55,0-50,10-15,4000-6000,CMP047,1540.55,1.95,3004.0,2011-11-16,23,Engajado
17614.0,57,1,386.32,50-100,0-5,0-2000,CMP027,863.77,-0.5528,-477.45,2011-10-13,57,Regular
17615.0,130,3,329.6,100-150,0-5,0-2000,CMP008,409.05,-0.1942,-79.45,2011-08-01,130,Regular
17616.0,174,3,571.1999999999999,150-200,0-5,0-2000,CMP017,524.29,0.0895,46.91,2011-06-18,174,Ocasional
17618.0,6,3,930.28,0-50,0-5,0-2000,CMP023,517.75,0.7968,412.53,2011-12-03,6,Regular
17619.0,312,1,214.37,300-350,0-5,0-2000,CMP011,150.3,0.4263,64.07,2011-01-31,312,Ocasional
17620.0,60,1,81.44,50-100,0-5,0-2000,CMP035,1415.25,-0.9425,-1333.81,2011-10-10,60,Regular
17621.0,21,3,1379.9,0-50,0-5,0-2000,CMP032,842.78,0.6373,537.12,2011-11-18,21,Regular
17623.0,33,1,527.05,0-50,0-5,0-2000,CMP025,1048.37,-0.4973,-521.32,2011-11-06,33,Regular
17624.0,15,2,843.48,0-50,0-5,0-2000,CMP018,643.37,0.311,200.11,2011-11-24,15,Regular
17625.0,18,4,2020.4,0-50,0-5,2000-4000,CMP025,1048.37,0.9272,972.03,2011-11-21,18,Regular
17628.0,81,1,75.75,50-100,0-5,0-2000,CMP003,367.99,-0.7942,-292.24,2011-09-19,81,Regular
17629.0,6,8,1814.12,0-50,5-10,0-2000,CMP028,1090.24,0.664,723.88,2011-12-03,6,Regular
17630.0,170,2,503.6,150-200,0-5,0-2000,CMP019,593.24,-0.1511,-89.64,2011-06-22,170,Ocasional
17631.0,2,3,528.33,0-50,0-5,0-2000,CMP027,863.77,-0.3883,-335.44,2011-12-07,2,Regular
17633.0,31,4,1324.84,0-50,0-5,0-2000,CMP027,863.77,0.5338,461.07,2011-11-08,31,Regular
17634.0,36,9,2358.59,0-50,5-10,2000-4000,CMP007,161.77,13.5799,2196.82,2011-11-03,36,Regular
17636.0,19,1,285.56,0-50,0-5,0-2000,CMP011,150.3,0.8999,135.26,2011-11-20,19,Regular
17637.0,31,2,547.0600000000001,0-50,0-5,0-2000,CMP012,440.78,0.2411,106.28,2011-11-08,31,Regular
17639.0,276,1,108.5,250-300,0-5,0-2000,CMP005,191.74,-0.4341,-83.24,2011-03-08,276,Ocasional
17640.0,87,1,621.66,50-100,0-5,0-2000,CMP032,842.78,-0.2624,-221.12,2011-09-13,87,Regular
17642.0,120,2,712.29,100-150,0-5,0-2000,CMP005,191.74,2.7149,520.55,2011-08-11,120,Regular
17643.0,373,1,101.55,350-400,0-5,0-2000,CMP012,440.78,-0.7696,-339.23,2010-12-01,373,Ocasional
17644.0,1,11,2895.64,0-50,10-15,2000-4000,CMP017,524.29,4.523,2371.35,2011-12-08,1,Regular
17646.0,219,3,1008.39,200-250,0-5,0-2000,CMP037,1534.16,-0.3427,-525.77,2011-05-04,219,Ocasional
17647.0,65,1,133.06,50-100,0-5,0-2000,CMP015,458.19,-0.7096,-325.13,2011-10-05,65,Regular
17648.0,61,4,1797.5,50-100,0-5,0-2000,CMP023,517.75,2.4718,1279.75,2011-10-09,61,Regular
17649.0,138,1,868.49,100-150,0-5,0-2000,CMP022,435.33,0.995,433.16,2011-07-24,138,Regular
17650.0,21,1,166.07999999999998,0-50,0-5,0-2000,CMP027,863.77,-0.8077,-697.69,2011-11-18,21,Regular
17651.0,12,10,3945.0,0-50,10-15,2000-4000,CMP047,1540.55,1.5608,2404.45,2011-11-27,12,Engajado
17652.0,25,12,4867.72,0-50,10-15,4000-6000,CMP022,435.33,10.1817,4432.39,2011-11-14,25,Engajado
17653.0,37,4,1207.56,0-50,0-5,0-2000,CMP038,1347.91,-0.1041,-140.35,2011-11-02,37,Regular
17654.0,277,1,117.55,250-300,0-5,0-2000,CMP043,1290.94,-0.9089,-1173.39,2011-03-07,277,Ocasional
17655.0,11,7,2638.94,0-50,5-10,2000-4000,CMP046,1856.27,0.4216,782.67,2011-11-28,11,Regular
17656.0,73,5,1674.69,50-100,5-10,0-2000,CMP037,1534.16,0.0916,140.53,2011-09-27,73,Regular
17658.0,26,2,595.42,0-50,0-5,0-2000,CMP026,1285.33,-0.5368,-689.91,2011-11-13,26,Regular
17659.0,17,12,2999.46,0-50,10-15,2000-4000,CMP029,1146.55,1.6161,1852.91,2011-11-22,17,Engajado
17660.0,141,1,178.75,100-150,0-5,0-2000,CMP029,1146.55,-0.8441,-967.8,2011-07-21,141,Ocasional
17663.0,26,7,1802.91,0-50,5-10,0-2000,CMP034,1403.19,0.2849,399.72,2011-11-13,26,Regular
17664.0,19,2,604.64,0-50,0-5,0-2000,CMP028,1090.24,-0.4454,-485.6,2011-11-20,19,Regular
17666.0,4,2,728.16,0-50,0-5,0-2000,CMP020,517.27,0.4077,210.89,2011-12-05,4,Regular
17667.0,66,5,2055.51,50-100,5-10,2000-4000,CMP040,1656.14,0.2411,399.37,2011-10-04,66,Regular
17668.0,1,2,347.75,0-50,0-5,0-2000,CMP032,842.78,-0.5874,-495.03,2011-12-08,1,Regular
17669.0,43,7,3406.7200000000003,0-50,5-10,2000-4000,CMP015,458.19,6.4352,2948.53,2011-10-27,43,Regular
17670.0,228,1,205.7,200-250,0-5,0-2000,CMP035,1415.25,-0.8547,-1209.55,2011-04-25,228,Ocasional
17671.0,16,4,1572.71,0-50,0-5,0-2000,CMP023,517.75,2.0376,1054.96,2011-11-23,16,Regular
17672.0,50,2,3178.17,50-100,0-5,2000-4000,CMP044,2078.39,0.5291,1099.78,2011-10-20,50,Regular
17673.0,2,6,1594.97,0-50,5-10,0-2000,CMP030,753.44,1.1169,841.53,2011-12-07,2,Regular
17674.0,74,2,551.04,50-100,0-5,0-2000,CMP018,643.37,-0.1435,-92.33,2011-09-26,74,Regular
17675.0,1,31,20374.28,0-50,,10000-12000,CMP046,1856.27,9.9759,18518.01,2011-12-08,1,Engajado
17676.0,4,6,1371.18,0-50,5-10,0-2000,CMP014,474.66,1.8888,896.52,2011-12-05,4,Regular
17677.0,2,30,16345.38,0-50,,10000-12000,CMP044,2078.39,6.8644,14266.99,2011-12-07,2,Engajado
17678.0,264,1,298.11,250-300,0-5,0-2000,CMP013,809.51,-0.6317,-511.4,2011-03-20,264,Ocasional
17679.0,53,2,1992.11,50-100,0-5,0-2000,CMP033,766.84,1.5978,1225.27,2011-10-17,53,Regular
17680.0,24,1,184.4,0-50,0-5,0-2000,CMP009,327.94,-0.4377,-143.54,2011-11-15,24,Regular
17682.0,10,6,2474.33,0-50,5-10,2000-4000,CMP035,1415.25,0.7483,1059.08,2011-11-29,10,Regular
17684.0,44,1,239.41,0-50,0-5,0-2000,CMP009,327.94,-0.27,-88.53,2011-10-26,44,Regular
17685.0,17,7,3155.83,0-50,5-10,2000-4000,CMP004,327.19,8.6453,2828.64,2011-11-22,17,Regular
17686.0,7,7,5739.46,0-50,5-10,4000-6000,CMP025,1048.37,4.4747,4691.09,2011-12-02,7,Engajado
17690.0,30,15,4726.8,0-50,15-20,4000-6000,CMP001,258.61,17.2777,4468.19,2011-11-09,30,Engajado
17691.0,358,2,290.40000000000003,350-400,0-5,0-2000,CMP047,1540.55,-0.8115,-1250.15,2010-12-16,358,Ocasional
17692.0,127,4,725.58,100-150,0-5,0-2000,CMP045,1492.9,-0.514,-767.32,2011-08-04,127,Regular
17693.0,137,1,200.47,100-150,0-5,0-2000,CMP011,150.3,0.3338,50.17,2011-07-25,137,Ocasional
17694.0,142,1,283.12,100-150,0-5,0-2000,CMP027,863.77,-0.6722,-580.65,2011-07-20,142,Ocasional
17695.0,132,2,765.34,100-150,0-5,0-2000,CMP017,524.29,0.4598,241.05,2011-07-30,132,Regular
17696.0,38,8,2285.71,0-50,5-10,2000-4000,CMP038,1347.91,0.6957,937.8,2011-11-01,38,Regular
17697.0,236,1,338.95,200-250,0-5,0-2000,CMP032,842.78,-0.5978,-503.83,2011-04-17,236,Ocasional
17698.0,261,1,154.95,250-300,0-5,0-2000,CMP044,2078.39,-0.9254,-1923.44,2011-03-23,261,Ocasional
17700.0,17,4,2534.64,0-50,0-5,2000-4000,CMP029,1146.55,1.2107,1388.09,2011-11-22,17,Regular
17701.0,253,1,417.95,250-300,0-5,0-2000,CMP031,1157.44,-0.6389,-739.49,2011-03-31,253,Ocasional
17702.0,30,4,1824.37,0-50,0-5,0-2000,CMP025,1048.37,0.7402,776.0,2011-11-09,30,Regular
17703.0,35,3,798.74,0-50,0-5,0-2000,CMP048,1728.05,-0.5378,-929.31,2011-11-04,35,Regular
17704.0,169,2,885.19,150-200,0-5,0-2000,CMP003,367.99,1.4055,517.2,2011-06-23,169,Ocasional
17705.0,3,9,1823.52,0-50,5-10,0-2000,CMP036,1302.05,0.4005,521.47,2011-12-06,3,Regular
17706.0,4,17,10504.49,0-50,15-20,10000-12000,CMP038,1347.91,6.7932,9156.58,2011-12-05,4,Engajado
17707.0,185,2,152.4,150-200,0-5,0-2000,CMP024,557.84,-0.7268,-405.44,2011-06-07,185,Ocasional
17708.0,188,2,263.33,150-200,0-5,0-2000,CMP004,327.19,-0.1952,-63.86,2011-06-04,188,Ocasional
17709.0,170,1,137.45,150-200,0-5,0-2000,CMP044,2078.39,-0.9339,-1940.94,2011-06-22,170,Ocasional
17711.0,11,2,385.1,0-50,0-5,0-2000,CMP012,440.78,-0.1263,-55.68,2011-11-28,11,Regular
17712.0,45,1,522.91,0-50,0-5,0-2000,CMP026,1285.33,-0.5932,-762.42,2011-10-25,45,Regular
17714.0,321,1,153.0,300-350,0-5,0-2000,CMP006,191.74,-0.202,-38.74,2011-01-22,321,Ocasional
17715.0,201,1,326.4,200-250,0-5,0-2000,CMP016,459.04,-0.289,-132.64,2011-05-22,201,Ocasional
17716.0,23,11,5655.99,0-50,10-15,4000-6000,CMP034,1403.19,3.0308,4252.8,2011-11-16,23,Engajado
17718.0,232,1,139.35,200-250,0-5,0-2000,CMP012,440.78,-0.6839,-301.43,2011-04-21,232,Ocasional
17719.0,38,15,5396.04,0-50,15-20,4000-6000,CMP016,459.04,10.7551,4937.0,2011-11-01,38,Engajado
17720.0,26,4,1195.94,0-50,0-5,0-2000,CMP011,150.3,6.957,1045.64,2011-11-13,26,Regular
17722.0,96,4,2424.04,50-100,0-5,2000-4000,CMP030,753.44,2.2173,1670.6,2011-09-04,96,Regular
17723.0,127,6,3276.4000000000005,100-150,5-10,2000-4000,CMP041,1369.84,1.3918,1906.56,2011-08-04,127,Regular
17724.0,71,3,1033.0,50-100,0-5,0-2000,CMP039,1875.82,-0.4493,-842.82,2011-09-29,71,Regular
17725.0,16,11,3439.08,0-50,10-15,2000-4000,CMP009,327.94,9.4869,3111.14,2011-11-23,16,Engajado
17727.0,15,1,1060.25,0-50,0-5,0-2000,CMP018,643.37,0.648,416.88,2011-11-24,15,Regular
17728.0,4,3,2876.01,0-50,0-5,2000-4000,CMP010,360.67,6.9741,2515.34,2011-12-05,4,Regular
17730.0,3,13,5298.4800000000005,0-50,10-15,4000-6000,CMP002,434.92,11.1827,4863.56,2011-12-06,3,Engajado
17731.0,79,4,1240.11,50-100,0-5,0-2000,CMP027,863.77,0.4357,376.34,2011-09-21,79,Regular
17732.0,373,1,303.97,350-400,0-5,0-2000,CMP025,1048.37,-0.7101,-744.4,2010-12-01,373,Ocasional
17733.0,39,2,692.19,0-50,0-5,0-2000,CMP011,150.3,3.6054,541.89,2011-10-31,39,Regular
17734.0,54,3,700.63,50-100,0-5,0-2000,CMP013,809.51,-0.1345,-108.88,2011-10-16,54,Regular
17735.0,2,19,13110.02,0-50,15-20,10000-12000,CMP003,367.99,34.626,12742.03,2011-12-07,2,Engajado
17736.0,9,3,377.44,0-50,0-5,0-2000,CMP033,766.84,-0.5078,-389.4,2011-11-30,9,Regular
17737.0,9,2,168.24,0-50,0-5,0-2000,CMP046,1856.27,-0.9094,-1688.03,2011-11-30,9,Regular
17738.0,19,4,1879.05,0-50,0-5,0-2000,CMP014,474.66,2.9587,1404.39,2011-11-20,19,Regular
17739.0,12,7,2791.35,0-50,5-10,2000-4000,CMP023,517.75,4.3913,2273.6,2011-11-27,12,Regular
17742.0,113,2,355.11,100-150,0-5,0-2000,CMP036,1302.05,-0.7273,-946.94,2011-08-18,113,Regular
17744.0,4,6,2322.4,0-50,5-10,2000-4000,CMP046,1856.27,0.2511,466.13,2011-12-05,4,Regular
17746.0,240,1,110.25,200-250,0-5,0-2000,CMP012,440.78,-0.7499,-330.53,2011-04-13,240,Ocasional
17747.0,113,1,71.4,100-150,0-5,0-2000,CMP002,434.92,-0.8358,-363.52,2011-08-18,113,Regular
17749.0,178,2,674.52,150-200,0-5,0-2000,CMP004,327.19,1.0616,347.33,2011-06-14,178,Ocasional
17750.0,5,9,1694.16,0-50,5-10,0-2000,CMP035,1415.25,0.1971,278.91,2011-12-04,5,Regular
17752.0,359,1,80.64,350-400,0-5,0-2000,CMP011,150.3,-0.4635,-69.66,2010-12-15,359,Ocasional
17754.0,1,5,1664.65,0-50,5-10,0-2000,CMP003,367.99,3.5236,1296.66,2011-12-08,1,Regular
17757.0,1,30,5589.4400000000005,0-50,,4000-6000,CMP035,1415.25,2.9494,4174.19,2011-12-08,1,Engajado
17758.0,19,8,3408.2,0-50,5-10,2000-4000,CMP002,434.92,6.8364,2973.28,2011-11-20,19,Regular
17759.0,17,3,818.71,0-50,0-5,0-2000,CMP031,1157.44,-0.2927,-338.73,2011-11-22,17,Regular
17760.0,22,2,287.59,0-50,0-5,0-2000,CMP009,327.94,-0.123,-40.35,2011-11-17,22,Regular
17761.0,33,1,712.78,0-50,0-5,0-2000,CMP004,327.19,1.1785,385.59,2011-11-06,33,Regular
17763.0,263,1,15.0,250-300,0-5,0-2000,CMP016,459.04,-0.9673,-444.04,2011-03-21,263,Ocasional
17764.0,51,2,772.55,50-100,0-5,0-2000,CMP019,593.24,0.3023,179.31,2011-10-19,51,Regular
17765.0,159,3,367.63,150-200,0-5,0-2000,CMP046,1856.27,-0.802,-1488.64,2011-07-03,159,Ocasional
17767.0,15,1,271.2,0-50,0-5,0-2000,CMP015,458.19,-0.4081,-186.99,2011-11-24,15,Regular
17768.0,8,3,2081.9,0-50,0-5,2000-4000,CMP025,1048.37,0.9858,1033.53,2011-12-01,8,Regular
17769.0,13,10,3957.43,0-50,10-15,2000-4000,CMP039,1875.82,1.1097,2081.61,2011-11-26,13,Engajado
17770.0,199,5,1143.27,150-200,5-10,0-2000,CMP015,458.19,1.4952,685.08,2011-05-24,199,Ocasional
17771.0,57,2,245.33,50-100,0-5,0-2000,CMP041,1369.84,-0.8209,-1124.51,2011-10-13,57,Regular
17772.0,11,2,173.45,0-50,0-5,0-2000,CMP010,360.67,-0.5191,-187.22,2011-11-28,11,Regular
17774.0,97,4,1213.73,50-100,0-5,0-2000,CMP023,517.75,1.3442,695.98,2011-09-03,97,Regular
17775.0,255,1,56.4,250-300,0-5,0-2000,CMP002,434.92,-0.8703,-378.52,2011-03-29,255,Ocasional
17777.0,25,3,647.56,0-50,0-5,0-2000,CMP019,593.24,0.0916,54.32,2011-11-14,25,Regular
17779.0,21,3,650.32,0-50,0-5,0-2000,CMP032,842.78,-0.2284,-192.46,2011-11-18,21,Regular
17781.0,159,2,188.02,150-200,0-5,0-2000,CMP033,766.84,-0.7548,-578.82,2011-07-03,159,Ocasional
17783.0,72,2,283.47,50-100,0-5,0-2000,CMP006,191.74,0.4784,91.73,2011-09-28,72,Regular
17785.0,53,1,131.94,50-100,0-5,0-2000,CMP007,161.77,-0.1844,-29.83,2011-10-17,53,Regular
17786.0,85,2,266.85,50-100,0-5,0-2000,CMP034,1403.19,-0.8098,-1136.34,2011-09-15,85,Regular
17787.0,153,4,1817.54,150-200,0-5,0-2000,CMP046,1856.27,-0.0209,-38.73,2011-07-09,153,Regular
17788.0,74,2,1112.95,50-100,0-5,0-2000,CMP009,327.94,2.3938,785.01,2011-09-26,74,Regular
17789.0,281,1,225.9,250-300,0-5,0-2000,CMP013,809.51,-0.7209,-583.61,2011-03-03,281,Ocasional
17790.0,27,14,1964.3,0-50,10-15,0-2000,CMP027,863.77,1.2741,1100.53,2011-11-12,27,Regular
17791.0,30,1,106.1,0-50,0-5,0-2000,CMP038,1347.91,-0.9213,-1241.81,2011-11-09,30,Regular
17793.0,25,1,300.34,0-50,0-5,0-2000,CMP003,367.99,-0.1838,-67.65,2011-11-14,25,Regular
17795.0,180,2,342.83,150-200,0-5,0-2000,CMP013,809.51,-0.5765,-466.68,2011-06-12,180,Ocasional
17796.0,40,4,690.0,0-50,0-5,0-2000,CMP030,753.44,-0.0842,-63.44,2011-10-30,40,Regular
17797.0,22,3,780.43,0-50,0-5,0-2000,CMP005,191.74,3.0703,588.69,2011-11-17,22,Regular
17799.0,22,10,3039.17,0-50,10-15,2000-4000,CMP032,842.78,2.6061,2196.39,2011-11-17,22,Regular
17800.0,37,9,1186.21,0-50,5-10,0-2000,CMP020,517.27,1.2932,668.94,2011-11-02,37,Regular
17802.0,82,3,1285.04,50-100,0-5,0-2000,CMP017,524.29,1.451,760.75,2011-09-18,82,Regular
17805.0,74,1,512.31,50-100,0-5,0-2000,CMP018,643.37,-0.2037,-131.06,2011-09-26,74,Regular
17806.0,11,1,546.04,0-50,0-5,0-2000,CMP023,517.75,0.0546,28.29,2011-11-28,11,Regular
17809.0,16,12,5411.91,0-50,10-15,4000-6000,CMP016,459.04,10.7896,4952.87,2011-11-23,16,Engajado
17811.0,4,39,7755.12,0-50,,6000-8000,CMP035,1415.25,4.4797,6339.87,2011-12-05,4,Engajado
17812.0,13,4,699.81,0-50,0-5,0-2000,CMP032,842.78,-0.1696,-142.97,2011-11-26,13,Regular
17813.0,14,5,1698.07,0-50,5-10,0-2000,CMP041,1369.84,0.2396,328.23,2011-11-25,14,Regular
17816.0,37,4,36.56,0-50,0-5,0-2000,CMP005,191.74,-0.8093,-155.18,2011-11-02,37,Regular
17817.0,4,3,387.68,0-50,0-5,0-2000,CMP011,150.3,1.5794,237.38,2011-12-05,4,Regular
17819.0,72,7,3704.87,50-100,5-10,2000-4000,CMP025,1048.37,2.5339,2656.5,2011-09-28,72,Regular
17824.0,51,1,298.4,50-100,0-5,0-2000,CMP010,360.67,-0.1727,-62.27,2011-10-19,51,Regular
17827.0,5,5,1987.33,0-50,5-10,0-2000,CMP030,753.44,1.6377,1233.89,2011-12-04,5,Regular
17828.0,23,4,1165.09,0-50,0-5,0-2000,CMP028,1090.24,0.0687,74.85,2011-11-16,23,Regular
17829.0,299,1,889.24,250-300,0-5,0-2000,CMP006,191.74,3.6377,697.5,2011-02-13,299,Ocasional
17830.0,2,3,398.7,0-50,0-5,0-2000,CMP004,327.19,0.2186,71.51,2011-12-07,2,Regular
17831.0,33,1,35.400000000000006,0-50,0-5,0-2000,CMP011,150.3,-0.7645,-114.9,2011-11-06,33,Regular
17832.0,50,1,155.37,50-100,0-5,0-2000,CMP024,557.84,-0.7215,-402.47,2011-10-20,50,Regular
17835.0,3,3,342.24,0-50,0-5,0-2000,CMP012,440.78,-0.2236,-98.54,2011-12-06,3,Regular
17836.0,47,1,109.83,0-50,0-5,0-2000,CMP020,517.27,-0.7877,-407.44,2011-10-23,47,Regular
17837.0,42,8,1535.33,0-50,5-10,0-2000,CMP014,474.66,2.2346,1060.67,2011-10-28,42,Regular
17838.0,27,5,2720.8,0-50,5-10,2000-4000,CMP045,1492.9,0.8225,1227.9,2011-11-12,27,Regular
17839.0,42,1,318.15,0-50,0-5,0-2000,CMP038,1347.91,-0.764,-1029.76,2011-10-28,42,Regular
17843.0,303,1,197.73,300-350,0-5,0-2000,CMP008,409.05,-0.5166,-211.32,2011-02-09,303,Ocasional
17844.0,107,1,51.56,100-150,0-5,0-2000,CMP007,161.77,-0.6813,-110.21,2011-08-24,107,Regular
17848.0,81,9,901.2,50-100,5-10,0-2000,CMP019,593.24,0.5191,307.96,2011-09-19,81,Regular
17849.0,218,4,605.8000000000001,200-250,0-5,0-2000,CMP014,474.66,0.2763,131.14,2011-05-05,218,Ocasional
17852.0,12,2,114.34,0-50,0-5,0-2000,CMP022,435.33,-0.7373,-320.99,2011-11-27,12,Regular
17854.0,185,2,311.26,150-200,0-5,0-2000,CMP032,842.78,-0.6307,-531.52,2011-06-07,185,Ocasional
17855.0,373,1,208.97,350-400,0-5,0-2000,CMP022,435.33,-0.52,-226.36,2010-12-01,373,Ocasional
17856.0,2,4,1418.03,0-50,0-5,0-2000,CMP032,842.78,0.6826,575.25,2011-12-07,2,Regular
17858.0,6,12,5140.66,0-50,10-15,4000-6000,CMP029,1146.55,3.4836,3994.11,2011-12-03,6,Engajado
17859.0,305,1,141.92,300-350,0-5,0-2000,CMP005,191.74,-0.2598,-49.82,2011-02-07,305,Ocasional
17860.0,369,1,226.45,350-400,0-5,0-2000,CMP028,1090.24,-0.7923,-863.79,2010-12-05,369,Ocasional
17861.0,3,8,2097.88,0-50,5-10,2000-4000,CMP028,1090.24,0.9242,1007.64,2011-12-06,3,Regular
17862.0,324,1,330.9,300-350,0-5,0-2000,CMP027,863.77,-0.6169,-532.87,2011-01-19,324,Ocasional
17863.0,59,6,3160.0,50-100,5-10,2000-4000,CMP025,1048.37,2.0142,2111.63,2011-10-11,59,Regular
17864.0,13,3,554.85,0-50,0-5,0-2000,CMP008,409.05,0.3564,145.8,2011-11-26,13,Regular
17865.0,31,20,10524.22,0-50,20-25,10000-12000,CMP048,1728.05,5.0902,8796.17,2011-11-08,31,Engajado
17866.0,143,1,329.65000000000003,100-150,0-5,0-2000,CMP011,150.3,1.1933,179.35,2011-07-19,143,Ocasional
17867.0,30,6,1157.87,0-50,5-10,0-2000,CMP047,1540.55,-0.2484,-382.68,2011-11-09,30,Regular
17869.0,107,5,428.18,100-150,5-10,0-2000,CMP046,1856.27,-0.7693,-1428.09,2011-08-24,107,Regular
17870.0,2,12,1865.89,0-50,10-15,0-2000,CMP042,1705.66,0.0939,160.23,2011-12-07,2,Regular
17871.0,205,1,155.9,200-250,0-5,0-2000,CMP021,690.41,-0.7742,-534.51,2011-05-18,205,Ocasional
17873.0,80,5,1719.5800000000002,50-100,5-10,0-2000,CMP035,1415.25,0.215,304.33,2011-09-20,80,Regular
17874.0,185,6,683.46,150-200,5-10,0-2000,CMP036,1302.05,-0.4751,-618.59,2011-06-07,185,Ocasional
17877.0,170,1,237.61,150-200,0-5,0-2000,CMP008,409.05,-0.4191,-171.44,2011-06-22,170,Ocasional
17878.0,44,1,379.45,0-50,0-5,0-2000,CMP021,690.41,-0.4504,-310.96,2011-10-26,44,Regular
17879.0,174,1,178.52,150-200,0-5,0-2000,CMP018,643.37,-0.7225,-464.85,2011-06-18,174,Ocasional
17880.0,365,1,458.92,350-400,0-5,0-2000,CMP019,593.24,-0.2264,-134.32,2010-12-09,365,Ocasional
17881.0,304,1,133.35,300-350,0-5,0-2000,CMP012,440.78,-0.6975,-307.43,2011-02-08,304,Ocasional
17883.0,3,4,664.34,0-50,0-5,0-2000,CMP016,459.04,0.4472,205.3,2011-12-06,3,Regular
17884.0,4,4,695.07,0-50,0-5,0-2000,CMP024,557.84,0.246,137.23,2011-12-05,4,Regular
17885.0,12,1,156.34,0-50,0-5,0-2000,CMP037,1534.16,-0.8981,-1377.82,2011-11-27,12,Regular
17886.0,32,3,869.28,0-50,0-5,0-2000,CMP012,440.78,0.9721,428.5,2011-11-07,32,Regular
17887.0,129,1,111.35,100-150,0-5,0-2000,CMP043,1290.94,-0.9137,-1179.59,2011-08-02,129,Regular
17888.0,21,8,716.0,0-50,5-10,0-2000,CMP028,1090.24,-0.3433,-374.24,2011-11-18,21,Regular
17889.0,212,2,201.37,200-250,0-5,0-2000,CMP034,1403.19,-0.8565,-1201.82,2011-05-11,212,Ocasional
17890.0,323,2,586.89,300-350,0-5,0-2000,CMP024,557.84,0.0521,29.05,2011-01-20,323,Ocasional
17891.0,162,1,203.86,150-200,0-5,0-2000,CMP031,1157.44,-0.8239,-953.58,2011-06-30,162,Ocasional
17892.0,56,3,244.1,50-100,0-5,0-2000,CMP001,258.61,-0.0561,-14.51,2011-10-14,56,Regular
17893.0,225,1,107.21,200-250,0-5,0-2000,CMP034,1403.19,-0.9236,-1295.98,2011-04-28,225,Ocasional
17894.0,72,8,1118.54,50-100,5-10,0-2000,CMP004,327.19,2.4186,791.35,2011-09-28,72,Regular
17895.0,44,1,95.45,0-50,0-5,0-2000,CMP040,1656.14,-0.9424,-1560.69,2011-10-26,44,Regular
17896.0,23,1,256.32,0-50,0-5,0-2000,CMP048,1728.05,-0.8517,-1471.73,2011-11-16,23,Regular
17897.0,173,3,541.81,150-200,0-5,0-2000,CMP015,458.19,0.1825,83.62,2011-06-19,173,Ocasional
17898.0,85,2,152.06,50-100,0-5,0-2000,CMP006,191.74,-0.2069,-39.68,2011-09-15,85,Regular
17899.0,159,1,154.55,150-200,0-5,0-2000,CMP030,753.44,-0.7949,-598.89,2011-07-03,159,Ocasional
17900.0,190,2,112.2,150-200,0-5,0-2000,CMP007,161.77,-0.3064,-49.57,2011-06-02,190,Ocasional
17901.0,29,1,110.38,0-50,0-5,0-2000,CMP038,1347.91,-0.9181,-1237.53,2011-11-10,29,Regular
17904.0,21,1,181.07,0-50,0-5,0-2000,CMP003,367.99,-0.5079,-186.92,2011-11-18,21,Regular
17905.0,71,4,798.99,50-100,0-5,0-2000,CMP010,360.67,1.2153,438.32,2011-09-29,71,Regular
17906.0,247,1,72.9,200-250,0-5,0-2000,CMP047,1540.55,-0.9527,-1467.65,2011-04-06,247,Ocasional
17908.0,374,1,232.03,350-400,0-5,0-2000,CMP022,435.33,-0.467,-203.3,2010-11-30,374,Ocasional
17911.0,9,1,366.23,0-50,0-5,0-2000,CMP034,1403.19,-0.739,-1036.96,2011-11-30,9,Regular
17912.0,310,5,310.06,300-350,5-10,0-2000,CMP016,459.04,-0.3245,-148.98,2011-02-02,310,Ocasional
17913.0,59,2,408.65,50-100,0-5,0-2000,CMP027,863.77,-0.5269,-455.12,2011-10-11,59,Regular
17914.0,4,1,329.36,0-50,0-5,0-2000,CMP025,1048.37,-0.6858,-719.01,2011-12-05,4,Regular
17917.0,45,3,335.03,0-50,0-5,0-2000,CMP025,1048.37,-0.6804,-713.34,2011-10-25,45,Regular
17919.0,88,1,1304.04,50-100,0-5,0-2000,CMP028,1090.24,0.1961,213.8,2011-09-12,88,Regular
17920.0,4,17,4107.6,0-50,15-20,4000-6000,CMP035,1415.25,1.9024,2692.35,2011-12-05,4,Engajado
17921.0,64,4,820.23,50-100,0-5,0-2000,CMP020,517.27,0.5857,302.96,2011-10-06,64,Regular
17923.0,282,1,207.50000000000003,250-300,0-5,0-2000,CMP008,409.05,-0.4927,-201.55,2011-03-02,282,Ocasional
17924.0,12,7,2962.5,0-50,5-10,2000-4000,CMP041,1369.84,1.1627,1592.66,2011-11-27,12,Regular
17925.0,373,1,244.08,350-400,0-5,0-2000,CMP007,161.77,0.5088,82.31,2010-12-01,373,Ocasional
17926.0,133,2,397.29,100-150,0-5,0-2000,CMP028,1090.24,-0.6356,-692.95,2011-07-29,133,Regular
17928.0,45,2,184.46,0-50,0-5,0-2000,CMP007,161.77,0.1403,22.69,2011-10-25,45,Regular
17929.0,11,4,843.0,0-50,0-5,0-2000,CMP026,1285.33,-0.3441,-442.33,2011-11-28,11,Regular
17930.0,36,5,1740.48,0-50,5-10,0-2000,CMP040,1656.14,0.0509,84.34,2011-11-03,36,Regular
17931.0,134,2,408.36,100-150,0-5,0-2000,CMP013,809.51,-0.4955,-401.15,2011-07-28,134,Regular
17932.0,29,3,1331.57,0-50,0-5,0-2000,CMP006,191.74,5.9447,1139.83,2011-11-10,29,Regular
17934.0,52,2,704.25,50-100,0-5,0-2000,CMP010,360.67,0.9526,343.58,2011-10-18,52,Regular
17935.0,138,2,142.89,100-150,0-5,0-2000,CMP017,524.29,-0.7275,-381.4,2011-07-24,138,Regular
17936.0,5,1,380.13,0-50,0-5,0-2000,CMP034,1403.19,-0.7291,-1023.06,2011-12-04,5,Regular
17937.0,9,7,4301.22,0-50,5-10,4000-6000,CMP005,191.74,21.4326,4109.48,2011-11-30,9,Regular
17939.0,160,1,99.14,150-200,0-5,0-2000,CMP027,863.77,-0.8852,-764.63,2011-07-02,160,Ocasional
17940.0,49,9,2152.1800000000003,0-50,5-10,2000-4000,CMP027,863.77,1.4916,1288.41,2011-10-21,49,Regular
17941.0,131,1,304.56,100-150,0-5,0-2000,CMP021,690.41,-0.5589,-385.85,2011-07-31,131,Regular
17942.0,8,1,77.50000000000001,0-50,0-5,0-2000,CMP043,1290.94,-0.94,-1213.44,2011-12-01,8,Regular
17946.0,233,2,149.57999999999998,200-250,0-5,0-2000,CMP009,327.94,-0.5439,-178.36,2011-04-20,233,Ocasional
17947.0,37,1,176.68,0-50,0-5,0-2000,CMP013,809.51,-0.7817,-632.83,2011-11-02,37,Regular
17948.0,147,1,358.56000000000006,100-150,0-5,0-2000,CMP002,434.92,-0.1756,-76.36,2011-07-15,147,Ocasional
17950.0,72,3,482.2,50-100,0-5,0-2000,CMP008,409.05,0.1788,73.15,2011-09-28,72,Regular
17951.0,40,3,1008.54,0-50,0-5,0-2000,CMP014,474.66,1.1248,533.88,2011-10-30,40,Regular
17954.0,5,12,2314.13,0-50,10-15,2000-4000,CMP003,367.99,5.2886,1946.14,2011-12-04,5,Regular
17955.0,199,4,557.3,150-200,0-5,0-2000,CMP026,1285.33,-0.5664,-728.03,2011-05-24,199,Ocasional
17956.0,249,1,12.75,200-250,0-5,0-2000,CMP012,440.78,-0.9711,-428.03,2011-04-04,249,Ocasional
17957.0,66,1,110.72,50-100,0-5,0-2000,CMP015,458.19,-0.7584,-347.47,2011-10-04,66,Regular
17958.0,117,1,508.46,100-150,0-5,0-2000,CMP011,150.3,2.383,358.16,2011-08-14,117,Regular
17960.0,171,1,73.78,150-200,0-5,0-2000,CMP008,409.05,-0.8196,-335.27,2011-06-21,171,Ocasional
17961.0,21,39,1296.44,0-50,,0-2000,CMP027,863.77,0.5009,432.67,2011-11-18,21,Engajado
17962.0,142,1,102.41,100-150,0-5,0-2000,CMP046,1856.27,-0.9448,-1753.86,2011-07-20,142,Ocasional
17964.0,32,2,463.21,0-50,0-5,0-2000,CMP005,191.74,1.4158,271.47,2011-11-07,32,Regular
17965.0,38,14,2599.19,0-50,10-15,2000-4000,CMP045,1492.9,0.741,1106.29,2011-11-01,38,Engajado
17966.0,38,5,1098.43,0-50,5-10,0-2000,CMP024,557.84,0.9691,540.59,2011-11-01,38,Regular
17967.0,372,1,112.27,350-400,0-5,0-2000,CMP016,459.04,-0.7554,-346.77,2010-12-02,372,Ocasional
17968.0,374,1,265.1,350-400,0-5,0-2000,CMP014,474.66,-0.4415,-209.56,2010-11-30,374,Ocasional
17969.0,166,2,228.2,150-200,0-5,0-2000,CMP002,434.92,-0.4753,-206.72,2011-06-26,166,Ocasional
17970.0,211,1,562.79,200-250,0-5,0-2000,CMP009,327.94,0.7161,234.85,2011-05-12,211,Ocasional
17972.0,242,1,135.19,200-250,0-5,0-2000,CMP017,524.29,-0.7421,-389.1,2011-04-11,242,Ocasional
17973.0,52,1,337.04,50-100,0-5,0-2000,CMP017,524.29,-0.3571,-187.25,2011-10-18,52,Regular
17974.0,25,3,703.99,0-50,0-5,0-2000,CMP041,1369.84,-0.4861,-665.85,2011-11-14,25,Regular
17975.0,15,13,4479.96,0-50,10-15,4000-6000,CMP030,753.44,4.946,3726.52,2011-11-24,15,Engajado
17976.0,372,1,321.79,350-400,0-5,0-2000,CMP010,360.67,-0.1078,-38.88,2010-12-02,372,Ocasional
17977.0,29,1,288.14,0-50,0-5,0-2000,CMP026,1285.33,-0.7758,-997.19,2011-11-10,29,Regular
17978.0,365,1,300.92,350-400,0-5,0-2000,CMP008,409.05,-0.2643,-108.13,2010-12-09,365,Ocasional
17979.0,36,4,729.01,0-50,0-5,0-2000,CMP023,517.75,0.408,211.26,2011-11-03,36,Regular
17980.0,166,3,811.45,150-200,0-5,0-2000,CMP028,1090.24,-0.2557,-278.79,2011-06-26,166,Ocasional
17984.0,145,1,152.68,100-150,0-5,0-2000,CMP041,1369.84,-0.8885,-1217.16,2011-07-17,145,Ocasional
17985.0,22,1,631.35,0-50,0-5,0-2000,CMP031,1157.44,-0.4545,-526.09,2011-11-17,22,Regular
17986.0,56,1,20.8,50-100,0-5,0-2000,CMP023,517.75,-0.9598,-496.95,2011-10-14,56,Regular
17987.0,185,1,198.57,150-200,0-5,0-2000,CMP023,517.75,-0.6165,-319.18,2011-06-07,185,Ocasional
17988.0,12,7,201.12,0-50,5-10,0-2000,CMP044,2078.39,-0.9032,-1877.27,2011-11-27,12,Regular
17990.0,237,3,630.84,200-250,0-5,0-2000,CMP015,458.19,0.3768,172.65,2011-04-16,237,Ocasional
17991.0,225,2,93.35,200-250,0-5,0-2000,CMP001,258.61,-0.639,-165.26,2011-04-28,225,Ocasional
17994.0,122,4,674.89,100-150,0-5,0-2000,CMP015,458.19,0.4729,216.7,2011-08-09,122,Regular
17995.0,282,1,76.1,250-300,0-5,0-2000,CMP006,191.74,-0.6031,-115.64,2011-03-02,282,Ocasional
17997.0,74,8,1962.46,50-100,5-10,0-2000,CMP038,1347.91,0.4559,614.55,2011-09-26,74,Regular
17999.0,37,2,380.39,0-50,0-5,0-2000,CMP026,1285.33,-0.7041,-904.94,2011-11-02,37,Regular
18001.0,12,2,415.13,0-50,0-5,0-2000,CMP025,1048.37,-0.604,-633.24,2011-11-27,12,Regular
18004.0,362,1,157.92,350-400,0-5,0-2000,CMP001,258.61,-0.3894,-100.69,2010-12-12,362,Ocasional
18005.0,4,2,226.47,0-50,0-5,0-2000,CMP027,863.77,-0.7378,-637.3,2011-12-05,4,Regular
18006.0,23,1,444.68,0-50,0-5,0-2000,CMP016,459.04,-0.0313,-14.36,2011-11-16,23,Regular
18008.0,70,9,2116.19,50-100,5-10,2000-4000,CMP038,1347.91,0.57,768.28,2011-09-30,70,Regular
18009.0,235,1,247.39,200-250,0-5,0-2000,CMP015,458.19,-0.4601,-210.8,2011-04-18,235,Ocasional
18010.0,257,1,174.8,250-300,0-5,0-2000,CMP010,360.67,-0.5153,-185.87,2011-03-27,257,Ocasional
18011.0,373,1,102.79,350-400,0-5,0-2000,CMP004,327.19,-0.6858,-224.4,2010-12-01,373,Ocasional
18013.0,155,2,187.29,150-200,0-5,0-2000,CMP003,367.99,-0.491,-180.7,2011-07-07,155,Ocasional
18014.0,28,1,154.27,0-50,0-5,0-2000,CMP035,1415.25,-0.891,-1260.98,2011-11-11,28,Regular
18015.0,4,1,120.03,0-50,0-5,0-2000,CMP042,1705.66,-0.9296,-1585.63,2011-12-05,4,Regular
18016.0,32,5,1477.66,0-50,5-10,0-2000,CMP027,863.77,0.7107,613.89,2011-11-07,32,Regular
18017.0,81,3,523.0,50-100,0-5,0-2000,CMP009,327.94,0.5948,195.06,2011-09-19,81,Regular
18018.0,108,2,122.14,100-150,0-5,0-2000,CMP011,150.3,-0.1874,-28.16,2011-08-23,108,Regular
18019.0,52,1,38.45,50-100,0-5,0-2000,CMP027,863.77,-0.9555,-825.32,2011-10-18,52,Regular
18022.0,36,1,612.72,0-50,0-5,0-2000,CMP031,1157.44,-0.4706,-544.72,2011-11-03,36,Regular
18024.0,153,2,389.78,150-200,0-5,0-2000,CMP010,360.67,0.0807,29.11,2011-07-09,153,Ocasional
18027.0,99,1,115.31,50-100,0-5,0-2000,CMP001,258.61,-0.5541,-143.3,2011-09-01,99,Regular
18030.0,4,2,230.65,0-50,0-5,0-2000,CMP025,1048.37,-0.78,-817.72,2011-12-05,4,Regular
18032.0,334,1,73.5,300-350,0-5,0-2000,CMP010,360.67,-0.7962,-287.17,2011-01-09,334,Ocasional
18033.0,65,1,93.82,50-100,0-5,0-2000,CMP007,161.77,-0.42,-67.95,2011-10-05,65,Regular
18034.0,22,2,418.68,0-50,0-5,0-2000,CMP002,434.92,-0.0373,-16.24,2011-11-17,22,Regular
18035.0,36,3,713.89,0-50,0-5,0-2000,CMP023,517.75,0.3788,196.14,2011-11-03,36,Regular
18036.0,32,3,403.12,0-50,0-5,0-2000,CMP034,1403.19,-0.7127,-1000.07,2011-11-07,32,Regular
18037.0,154,6,70.02,150-200,5-10,0-2000,CMP045,1492.9,-0.9531,-1422.88,2011-07-08,154,Regular
18040.0,19,2,357.20000000000005,0-50,0-5,0-2000,CMP024,557.84,-0.3597,-200.64,2011-11-20,19,Regular
18041.0,12,21,4097.37,0-50,20-25,4000-6000,CMP033,766.84,4.3432,3330.53,2011-11-27,12,Engajado
18042.0,54,1,165.04999999999998,50-100,0-5,0-2000,CMP003,367.99,-0.5515,-202.94,2011-10-16,54,Regular
18043.0,25,3,529.29,0-50,0-5,0-2000,CMP023,517.75,0.0223,11.54,2011-11-14,25,Regular
18044.0,4,10,2088.6,0-50,10-15,2000-4000,CMP029,1146.55,0.8216,942.05,2011-12-05,4,Regular
18045.0,45,1,178.34,0-50,0-5,0-2000,CMP017,524.29,-0.6598,-345.95,2011-10-25,45,Regular
18048.0,203,2,172.29000000000002,200-250,0-5,0-2000,CMP011,150.3,0.1463,21.99,2011-05-20,203,Ocasional
18050.0,359,1,74.4,350-400,0-5,0-2000,CMP007,161.77,-0.5401,-87.37,2010-12-15,359,Ocasional
18053.0,71,1,300.02,50-100,0-5,0-2000,CMP003,367.99,-0.1847,-67.97,2011-09-29,71,Regular
18055.0,7,10,6761.34,0-50,10-15,6000-8000,CMP027,863.77,6.8277,5897.57,2011-12-02,7,Engajado
18056.0,288,1,363.65,250-300,0-5,0-2000,CMP009,327.94,0.1089,35.71,2011-02-24,288,Ocasional
18058.0,10,1,170.16,0-50,0-5,0-2000,CMP005,191.74,-0.1125,-21.58,2011-11-29,10,Regular
18059.0,23,3,306.46,0-50,0-5,0-2000,CMP047,1540.55,-0.8011,-1234.09,2011-11-16,23,Regular
18061.0,22,10,2119.41,0-50,10-15,2000-4000,CMP031,1157.44,0.8311,961.97,2011-11-17,22,Regular
18062.0,173,3,720.52,150-200,0-5,0-2000,CMP023,517.75,0.3916,202.77,2011-06-19,173,Ocasional
18064.0,133,2,814.0,100-150,0-5,0-2000,CMP036,1302.05,-0.3748,-488.05,2011-07-29,133,Regular
18065.0,6,14,2392.83,0-50,10-15,2000-4000,CMP048,1728.05,0.3847,664.78,2011-12-03,6,Engajado
18066.0,75,1,318.0,50-100,0-5,0-2000,CMP024,557.84,-0.4299,-239.84,2011-09-25,75,Regular
18067.0,40,1,396.33,0-50,0-5,0-2000,CMP032,842.78,-0.5297,-446.45,2011-10-30,40,Regular
18068.0,289,1,101.7,250-300,0-5,0-2000,CMP009,327.94,-0.6899,-226.24,2011-02-23,289,Ocasional
18069.0,26,5,2009.24,0-50,5-10,2000-4000,CMP026,1285.33,0.5632,723.91,2011-11-13,26,Regular
18071.0,258,2,453.0,250-300,0-5,0-2000,CMP019,593.24,-0.2364,-140.24,2011-03-26,258,Ocasional
18072.0,186,1,247.44,150-200,0-5,0-2000,CMP022,435.33,-0.4316,-187.89,2011-06-06,186,Ocasional
18073.0,114,12,3859.82,100-150,10-15,2000-4000,CMP038,1347.91,1.8636,2511.91,2011-08-17,114,Engajado
18074.0,374,1,489.6,350-400,0-5,0-2000,CMP016,459.04,0.0666,30.56,2010-11-30,374,Ocasional
18075.0,23,10,2611.75,0-50,10-15,2000-4000,CMP013,809.51,2.2263,1802.24,2011-11-16,23,Regular
18077.0,8,11,2584.41,0-50,10-15,2000-4000,CMP037,1534.16,0.6846,1050.25,2011-12-01,8,Regular
18078.0,217,2,336.13,200-250,0-5,0-2000,CMP010,360.67,-0.068,-24.54,2011-05-06,217,Ocasional
18079.0,45,4,3613.15,0-50,0-5,2000-4000,CMP035,1415.25,1.553,2197.9,2011-10-25,45,Regular
18080.0,19,2,1231.5,0-50,0-5,0-2000,CMP028,1090.24,0.1296,141.26,2011-11-20,19,Regular
18081.0,36,3,343.45,0-50,0-5,0-2000,CMP028,1090.24,-0.685,-746.79,2011-11-03,36,Regular
18082.0,26,1,680.84,0-50,0-5,0-2000,CMP030,753.44,-0.0964,-72.6,2011-11-13,26,Regular
18084.0,16,1,90.48,0-50,0-5,0-2000,CMP038,1347.91,-0.9329,-1257.43,2011-11-23,16,Regular
18085.0,330,2,689.95,300-350,0-5,0-2000,CMP022,435.33,0.5849,254.62,2011-01-13,330,Ocasional
18086.0,274,1,101.34,250-300,0-5,0-2000,CMP027,863.77,-0.8827,-762.43,2011-03-10,274,Ocasional
18087.0,291,1,3202.92,250-300,0-5,2000-4000,CMP036,1302.05,1.4599,1900.87,2011-02-21,291,Ocasional
18088.0,61,1,166.03,50-100,0-5,0-2000,CMP005,191.74,-0.1341,-25.71,2011-10-09,61,Regular
18092.0,2,11,9068.26,0-50,10-15,8000-10000,CMP003,367.99,23.6427,8700.27,2011-12-07,2,Engajado
18093.0,93,4,2106.52,50-100,0-5,2000-4000,CMP026,1285.33,0.6389,821.19,2011-09-07,93,Regular
18094.0,82,7,3017.3,50-100,5-10,2000-4000,CMP031,1157.44,1.6069,1859.86,2011-09-18,82,Regular
18095.0,313,2,580.05,300-350,0-5,0-2000,CMP026,1285.33,-0.5487,-705.28,2011-01-30,313,Ocasional
18096.0,12,3,849.06,0-50,0-5,0-2000,CMP034,1403.19,-0.3949,-554.13,2011-11-27,12,Regular
18097.0,8,6,2662.4,0-50,5-10,2000-4000,CMP019,593.24,3.4879,2069.16,2011-12-01,8,Regular
18099.0,127,1,168.31,100-150,0-5,0-2000,CMP004,327.19,-0.4856,-158.88,2011-08-04,127,Regular
18101.0,11,2,222.4,0-50,0-5,0-2000,CMP046,1856.27,-0.8802,-1633.87,2011-11-28,11,Regular
18104.0,37,1,754.64,0-50,0-5,0-2000,CMP009,327.94,1.3012,426.7,2011-11-02,37,Regular
18105.0,38,1,113.48000000000002,0-50,0-5,0-2000,CMP013,809.51,-0.8598,-696.03,2011-11-01,38,Regular
18106.0,330,1,421.9,300-350,0-5,0-2000,CMP025,1048.37,-0.5976,-626.47,2011-01-13,330,Ocasional
18108.0,254,1,271.0,250-300,0-5,0-2000,CMP015,458.19,-0.4085,-187.19,2011-03-30,254,Ocasional
18109.0,2,26,8004.92,0-50,25-30,8000-10000,CMP009,327.94,23.4097,7676.98,2011-12-07,2,Engajado
18110.0,20,1,198.8,0-50,0-5,0-2000,CMP002,434.92,-0.5429,-236.12,2011-11-19,20,Regular
18112.0,12,2,352.69,0-50,0-5,0-2000,CMP009,327.94,0.0755,24.75,2011-11-27,12,Regular
18113.0,369,1,76.32000000000001,350-400,0-5,0-2000,CMP016,459.04,-0.8337,-382.72,2010-12-05,369,Ocasional
18114.0,290,1,220.1,250-300,0-5,0-2000,CMP015,458.19,-0.5196,-238.09,2011-02-22,290,Ocasional
18116.0,68,8,1399.51,50-100,5-10,0-2000,CMP013,809.51,0.7288,590.0,2011-10-02,68,Regular
18117.0,26,1,314.4,0-50,0-5,0-2000,CMP026,1285.33,-0.7554,-970.93,2011-11-13,26,Regular
18118.0,11,26,5622.68,0-50,25-30,4000-6000,CMP043,1290.94,3.3555,4331.74,2011-11-28,11,Engajado
18119.0,368,1,180.7,350-400,0-5,0-2000,CMP002,434.92,-0.5845,-254.22,2010-12-06,368,Ocasional
18120.0,214,1,111.15,200-250,0-5,0-2000,CMP014,474.66,-0.7658,-363.51,2011-05-09,214,Ocasional
18121.0,149,2,653.3000000000001,100-150,0-5,0-2000,CMP028,1090.24,-0.4008,-436.94,2011-07-13,149,Ocasional
18122.0,8,6,1791.84,0-50,5-10,0-2000,CMP025,1048.37,0.7092,743.47,2011-12-01,8,Regular
18123.0,24,2,574.4399999999999,0-50,0-5,0-2000,CMP016,459.04,0.2514,115.4,2011-11-15,24,Regular
18125.0,30,4,1131.75,0-50,0-5,0-2000,CMP025,1048.37,0.0795,83.38,2011-11-09,30,Regular
18126.0,61,1,198.58,50-100,0-5,0-2000,CMP040,1656.14,-0.8801,-1457.56,2011-10-09,61,Regular
18127.0,19,3,347.08,0-50,0-5,0-2000,CMP032,842.78,-0.5882,-495.7,2011-11-20,19,Regular
18129.0,243,1,112.55,200-250,0-5,0-2000,CMP016,459.04,-0.7548,-346.49,2011-04-10,243,Ocasional
18130.0,15,3,1059.39,0-50,0-5,0-2000,CMP029,1146.55,-0.076,-87.16,2011-11-24,15,Regular
18133.0,212,1,931.5,200-250,0-5,0-2000,CMP018,643.37,0.4478,288.13,2011-05-11,212,Ocasional
18135.0,29,5,681.91,0-50,5-10,0-2000,CMP026,1285.33,-0.4695,-603.42,2011-11-10,29,Regular
18136.0,63,3,784.33,50-100,0-5,0-2000,CMP021,690.41,0.136,93.92,2011-10-07,63,Regular
18138.0,295,1,152.65,250-300,0-5,0-2000,CMP006,191.74,-0.2039,-39.09,2011-02-17,295,Ocasional
18139.0,18,6,8438.34,0-50,5-10,8000-10000,CMP039,1875.82,3.4985,6562.52,2011-11-21,18,Engajado
18142.0,157,2,1019.52,150-200,0-5,0-2000,CMP024,557.84,0.8276,461.68,2011-07-05,157,Ocasional
18143.0,117,2,1000.16,100-150,0-5,0-2000,CMP017,524.29,0.9076,475.87,2011-08-14,117,Regular
18144.0,8,12,2888.75,0-50,10-15,2000-4000,CMP046,1856.27,0.5562,1032.48,2011-12-01,8,Regular
18145.0,13,4,2861.55,0-50,0-5,2000-4000,CMP003,367.99,6.7762,2493.56,2011-11-26,13,Regular
18146.0,141,2,160.35,100-150,0-5,0-2000,CMP009,327.94,-0.511,-167.59,2011-07-21,141,Ocasional
18147.0,46,2,179.34,0-50,0-5,0-2000,CMP002,434.92,-0.5876,-255.58,2011-10-24,46,Regular
18149.0,51,3,612.0799999999999,50-100,0-5,0-2000,CMP030,753.44,-0.1876,-141.36,2011-10-19,51,Regular
18150.0,32,3,566.58,0-50,0-5,0-2000,CMP028,1090.24,-0.4803,-523.66,2011-11-07,32,Regular
18151.0,135,2,653.35,100-150,0-5,0-2000,CMP016,459.04,0.4233,194.31,2011-07-27,135,Regular
18154.0,3,2,399.19,0-50,0-5,0-2000,CMP027,863.77,-0.5379,-464.58,2011-12-06,3,Regular
18155.0,75,3,371.62,50-100,0-5,0-2000,CMP019,593.24,-0.3736,-221.62,2011-09-25,75,Regular
18156.0,13,2,675.64,0-50,0-5,0-2000,CMP030,753.44,-0.1033,-77.8,2011-11-26,13,Regular
18158.0,9,2,453.4,0-50,0-5,0-2000,CMP020,517.27,-0.1235,-63.87,2011-11-30,9,Regular
18159.0,301,1,530.15,300-350,0-5,0-2000,CMP019,593.24,-0.1063,-63.09,2011-02-11,301,Ocasional
18160.0,57,2,638.0600000000001,50-100,0-5,0-2000,CMP042,1705.66,-0.6259,-1067.6,2011-10-13,57,Regular
18161.0,15,5,1618.69,0-50,5-10,0-2000,CMP025,1048.37,0.544,570.32,2011-11-24,15,Regular
18164.0,37,1,399.65,0-50,0-5,0-2000,CMP010,360.67,0.1081,38.98,2011-11-02,37,Regular
18165.0,177,1,302.46,150-200,0-5,0-2000,CMP025,1048.37,-0.7115,-745.91,2011-06-15,177,Ocasional
18167.0,23,3,1384.86,0-50,0-5,0-2000,CMP046,1856.27,-0.254,-471.41,2011-11-16,23,Regular
18168.0,176,6,1160.04,150-200,5-10,0-2000,CMP018,643.37,0.8031,516.67,2011-06-16,176,Ocasional
18169.0,61,1,202.65,50-100,0-5,0-2000,CMP002,434.92,-0.5341,-232.27,2011-10-09,61,Regular
18170.0,33,3,980.31,0-50,0-5,0-2000,CMP017,524.29,0.8698,456.02,2011-11-06,33,Regular
18171.0,59,5,1231.31,50-100,5-10,0-2000,CMP022,435.33,1.8285,795.98,2011-10-11,59,Regular
18172.0,15,20,7561.68,0-50,20-25,6000-8000,CMP016,459.04,15.4728,7102.64,2011-11-24,15,Engajado
18173.0,87,4,2106.84,50-100,0-5,2000-4000,CMP038,1347.91,0.563,758.93,2011-09-13,87,Regular
18174.0,7,1,104.0,0-50,0-5,0-2000,CMP048,1728.05,-0.9398,-1624.05,2011-12-02,7,Regular
18176.0,358,1,476.35,350-400,0-5,0-2000,CMP020,517.27,-0.0791,-40.92,2010-12-16,358,Ocasional
18177.0,31,6,1340.87,0-50,5-10,0-2000,CMP017,524.29,1.5575,816.58,2011-11-08,31,Regular
18178.0,129,4,1590.81,100-150,0-5,0-2000,CMP029,1146.55,0.3875,444.26,2011-08-02,129,Regular
18179.0,9,6,1793.17,0-50,5-10,0-2000,CMP012,440.78,3.0682,1352.39,2011-11-30,9,Regular
18180.0,5,6,1843.75,0-50,5-10,0-2000,CMP045,1492.9,0.235,350.85,2011-12-04,5,Regular
18181.0,24,1,366.85,0-50,0-5,0-2000,CMP019,593.24,-0.3816,-226.39,2011-11-15,24,Regular
18183.0,227,2,632.07,200-250,0-5,0-2000,CMP018,643.37,-0.0176,-11.3,2011-04-26,227,Ocasional
18184.0,15,1,49.8,0-50,0-5,0-2000,CMP021,690.41,-0.9279,-640.61,2011-11-24,15,Regular
18185.0,249,1,304.25,200-250,0-5,0-2000,CMP020,517.27,-0.4118,-213.02,2011-04-04,249,Ocasional
18188.0,15,3,2001.04,0-50,0-5,2000-4000,CMP037,1534.16,0.3043,466.88,2011-11-24,15,Regular
18189.0,78,2,1090.24,50-100,0-5,0-2000,CMP006,191.74,4.686,898.5,2011-09-22,78,Regular
18190.0,192,2,284.46000000000004,150-200,0-5,0-2000,CMP034,1403.19,-0.7973,-1118.73,2011-05-31,192,Ocasional
18191.0,262,1,207.8,250-300,0-5,0-2000,CMP044,2078.39,-0.9,-1870.59,2011-03-22,262,Ocasional
18192.0,72,1,957.97,50-100,0-5,0-2000,CMP027,863.77,0.1091,94.2,2011-09-28,72,Regular
18193.0,165,1,243.76,150-200,0-5,0-2000,CMP045,1492.9,-0.8367,-1249.14,2011-06-27,165,Ocasional
18194.0,82,1,973.84,50-100,0-5,0-2000,CMP011,150.3,5.4793,823.54,2011-09-18,82,Regular
18196.0,95,2,686.63,50-100,0-5,0-2000,CMP021,690.41,-0.0055,-3.78,2011-09-05,95,Regular
18198.0,4,17,5425.56,0-50,15-20,4000-6000,CMP036,1302.05,3.1669,4123.51,2011-12-05,4,Engajado
18200.0,106,1,150.35,100-150,0-5,0-2000,CMP016,459.04,-0.6725,-308.69,2011-08-25,106,Regular
18202.0,200,3,1396.99,200-250,0-5,0-2000,CMP019,593.24,1.3548,803.75,2011-05-23,200,Ocasional
18203.0,157,1,160.42000000000002,150-200,0-5,0-2000,CMP010,360.67,-0.5552,-200.25,2011-07-05,157,Ocasional
18204.0,71,3,1975.35,50-100,0-5,0-2000,CMP013,809.51,1.4402,1165.84,2011-09-29,71,Regular
18205.0,36,2,517.36,0-50,0-5,0-2000,CMP018,643.37,-0.1959,-126.01,2011-11-03,36,Regular
18209.0,29,1,139.10000000000002,0-50,0-5,0-2000,CMP005,191.74,-0.2745,-52.64,2011-11-10,29,Regular
18210.0,2,6,2621.38,0-50,5-10,2000-4000,CMP040,1656.14,0.5828,965.24,2011-12-07,2,Regular
18211.0,26,5,600.07,0-50,5-10,0-2000,CMP013,809.51,-0.2587,-209.44,2011-11-13,26,Regular
18212.0,326,1,216.07,300-350,0-5,0-2000,CMP002,434.92,-0.5032,-218.85,2011-01-17,326,Ocasional
18213.0,237,1,232.48,200-250,0-5,0-2000,CMP015,458.19,-0.4926,-225.71,2011-04-16,237,Ocasional
18215.0,89,1,299.34000000000003,50-100,0-5,0-2000,CMP016,459.04,-0.3479,-159.7,2011-09-11,89,Regular
18216.0,31,1,481.75,0-50,0-5,0-2000,CMP036,1302.05,-0.63,-820.3,2011-11-08,31,Regular
18217.0,29,2,621.75,0-50,0-5,0-2000,CMP024,557.84,0.1146,63.91,2011-11-10,29,Regular
18218.0,211,2,641.92,200-250,0-5,0-2000,CMP017,524.29,0.2244,117.63,2011-05-12,211,Ocasional
18219.0,3,10,2069.77,0-50,10-15,2000-4000,CMP042,1705.66,0.2135,364.11,2011-12-06,3,Regular
18220.0,227,1,305.28,200-250,0-5,0-2000,CMP023,517.75,-0.4104,-212.47,2011-04-26,227,Ocasional
18221.0,22,5,1041.61,0-50,5-10,0-2000,CMP008,409.05,1.5464,632.56,2011-11-17,22,Regular
18222.0,93,1,443.0,50-100,0-5,0-2000,CMP024,557.84,-0.2059,-114.84,2011-09-07,93,Regular
18223.0,5,14,6484.54,0-50,10-15,6000-8000,CMP046,1856.27,2.4933,4628.27,2011-12-04,5,Engajado
18224.0,264,1,158.95000000000002,250-300,0-5,0-2000,CMP011,150.3,0.0576,8.65,2011-03-20,264,Ocasional
18225.0,3,12,5504.96,0-50,10-15,4000-6000,CMP026,1285.33,3.2829,4219.63,2011-12-06,3,Engajado
18226.0,44,11,5228.05,0-50,10-15,4000-6000,CMP014,474.66,10.0143,4753.39,2011-10-26,44,Engajado
18227.0,218,1,93.75,200-250,0-5,0-2000,CMP005,191.74,-0.5111,-97.99,2011-05-05,218,Ocasional
18228.0,57,2,779.9,50-100,0-5,0-2000,CMP020,517.27,0.5077,262.63,2011-10-13,57,Regular
18229.0,12,20,7276.9,0-50,20-25,6000-8000,CMP036,1302.05,4.5888,5974.85,2011-11-27,12,Engajado
18230.0,9,7,2810.2000000000003,0-50,5-10,2000-4000,CMP008,409.05,5.8701,2401.15,2011-11-30,9,Regular
18231.0,192,5,2071.77,150-200,5-10,2000-4000,CMP047,1540.55,0.3448,531.22,2011-05-31,192,Ocasional
18232.0,82,4,592.97,50-100,0-5,0-2000,CMP030,753.44,-0.213,-160.47,2011-09-18,82,Regular
18233.0,326,1,440.0,300-350,0-5,0-2000,CMP025,1048.37,-0.5803,-608.37,2011-01-17,326,Ocasional
18235.0,72,3,1796.48,50-100,0-5,0-2000,CMP043,1290.94,0.3916,505.54,2011-09-28,72,Regular
18236.0,30,6,882.24,0-50,5-10,0-2000,CMP008,409.05,1.1568,473.19,2011-11-09,30,Regular
18237.0,3,5,987.1,0-50,5-10,0-2000,CMP021,690.41,0.4297,296.69,2011-12-06,3,Regular
18239.0,219,5,1561.61,200-250,5-10,0-2000,CMP026,1285.33,0.2149,276.28,2011-05-04,219,Ocasional
18240.0,46,1,422.58,0-50,0-5,0-2000,CMP032,842.78,-0.4986,-420.2,2011-10-24,46,Regular
18241.0,10,17,2073.09,0-50,15-20,2000-4000,CMP042,1705.66,0.2154,367.43,2011-11-29,10,Engajado
18242.0,72,4,2232.49,50-100,0-5,2000-4000,CMP025,1048.37,1.1295,1184.12,2011-09-28,72,Regular
18245.0,7,7,2567.06,0-50,5-10,2000-4000,CMP047,1540.55,0.6663,1026.51,2011-12-02,7,Regular
18246.0,24,2,596.1,0-50,0-5,0-2000,CMP010,360.67,0.6528,235.43,2011-11-15,24,Regular
18248.0,123,2,804.02,100-150,0-5,0-2000,CMP037,1534.16,-0.4759,-730.14,2011-08-08,123,Regular
18249.0,17,1,95.34,0-50,0-5,0-2000,CMP046,1856.27,-0.9486,-1760.93,2011-11-22,17,Regular
18250.0,310,1,349.27,300-350,0-5,0-2000,CMP012,440.78,-0.2076,-91.51,2011-02-02,310,Ocasional
18251.0,87,1,4314.72,50-100,0-5,4000-6000,CMP040,1656.14,1.6053,2658.58,2011-09-13,87,Regular
18252.0,51,2,518.27,50-100,0-5,0-2000,CMP004,327.19,0.584,191.08,2011-10-19,51,Regular
18255.0,89,1,103.3,50-100,0-5,0-2000,CMP011,150.3,-0.3127,-47.0,2011-09-11,89,Regular
18257.0,39,8,2337.63,0-50,5-10,2000-4000,CMP033,766.84,2.0484,1570.79,2011-10-31,39,Regular
18259.0,25,3,2338.6,0-50,0-5,2000-4000,CMP035,1415.25,0.6524,923.35,2011-11-14,25,Regular
18260.0,173,6,2628.35,150-200,5-10,2000-4000,CMP046,1856.27,0.4159,772.08,2011-06-19,173,Regular
18261.0,43,2,324.24,0-50,0-5,0-2000,CMP027,863.77,-0.6246,-539.53,2011-10-27,43,Regular
18262.0,140,1,149.48,100-150,0-5,0-2000,CMP013,809.51,-0.8153,-660.03,2011-07-22,140,Ocasional
18263.0,26,3,1213.16,0-50,0-5,0-2000,CMP032,842.78,0.4395,370.38,2011-11-13,26,Regular
18265.0,72,2,801.51,50-100,0-5,0-2000,CMP044,2078.39,-0.6144,-1276.88,2011-09-28,72,Regular
18268.0,134,1,25.5,100-150,0-5,0-2000,CMP001,258.61,-0.9014,-233.11,2011-07-28,134,Ocasional
18269.0,366,1,168.60000000000002,350-400,0-5,0-2000,CMP047,1540.55,-0.8906,-1371.95,2010-12-08,366,Ocasional
18270.0,38,2,283.15000000000003,0-50,0-5,0-2000,CMP003,367.99,-0.2305,-84.84,2011-11-01,38,Regular
18272.0,3,6,3078.58,0-50,5-10,2000-4000,CMP043,1290.94,1.3848,1787.64,2011-12-06,3,Regular
18273.0,2,3,204.0,0-50,0-5,0-2000,CMP008,409.05,-0.5013,-205.05,2011-12-07,2,Regular
18274.0,30,1,175.92,0-50,0-5,0-2000,CMP004,327.19,-0.4623,-151.27,2011-11-09,30,Regular
18276.0,44,1,335.86,0-50,0-5,0-2000,CMP020,517.27,-0.3507,-181.41,2011-10-26,44,Regular
18277.0,58,1,110.38,50-100,0-5,0-2000,CMP020,517.27,-0.7866,-406.89,2011-10-12,58,Regular
18278.0,74,1,173.9,50-100,0-5,0-2000,CMP011,150.3,0.157,23.6,2011-09-26,74,Regular
18280.0,278,1,180.6,250-300,0-5,0-2000,CMP002,434.92,-0.5848,-254.32,2011-03-06,278,Ocasional
18281.0,181,1,80.82,150-200,0-5,0-2000,CMP016,459.04,-0.8239,-378.22,2011-06-11,181,Ocasional
18282.0,8,2,178.05,0-50,0-5,0-2000,CMP041,1369.84,-0.87,-1191.79,2011-12-01,8,Regular
18283.0,4,16,2039.58,0-50,15-20,2000-4000,CMP029,1146.55,0.7789,893.03,2011-12-05,4,Engajado
18287.0,43,3,1837.28,0-50,0-5,0-2000,CMP021,690.41,1.6611,1146.87,2011-10-27,43,Regular
